name,address,city,state,zip,phone,type,url
"1912 Brewing",,,,,,planning,
"8-Bit Brewery","1050 N Fairway Dr F - 101",Avondale,AZ,85323,"(623) 925-1650",micro,http://www.8-bitbrewery.com
"Arizona Wilderness Brewing","721 N Arizona Ave Ste 103",Gilbert,AZ,85233-3405,"(408) 284-9863",brewpub,http://www.azwbeer.com
"Bad Water Brewing","4216 N Brown Ave",Scottsdale,AZ,85251,,contract,http://www.badwaterbrewing.com
"Barley Brothers Brewery","1425 McCulloch Blvd N","Lake Havasu City",AZ,86403-6597,"(928) 505-7837",brewpub,http://www.barleybrothers.com
"Barnstar Brewing","PO Box 60","Skull Valley",AZ,86338-0060,"(928) 442-2337",micro,http://www.barnstarbrew.com
"Barrio Brewing Co","800 E 16th St",Tucson,AZ,85719-6603,"(520) 791-2739",micro,http://www.barriobrewing.com
"Beast Brewing Co","1326 W Hwy 92 #8",Bisbee,AZ,85603-1151,"(520) 284-5251",micro,http://www.beastbrewingcompany.com
"Beaver Street Brewery","11 S Beaver St Ste 1",Flagstaff,AZ,86001-5500,"(928) 779-0079",brewpub,http://www.beaverstreetbrewery.com
"Beer Research Institute, The","1641 S Stapley Dr",Mesa,AZ,85204,"(480) 892-2020",brewpub,http://www.thebeerresearchinstitute.com
"BJs Restaurant & Brewery - Chandler","3155 W Chandler Blvd",Chandler,AZ,85226-5175,"(480) 812-4781",brewpub,http://www.bjsrestaurants.com
"Black Bridge Brewery","421 E Beale St",Kingman,AZ,86401,"(928) 377-3618",micro,http://www.balckbridgebrewery.com
"Black Hole Beer Company","1590 Swenson St",Prescott,AZ,86305-1345,"(928) 237-9029",brewpub,http://www.blackholebeercompany.com
"Blasted Barley Beer Company","404 S Mill Ave Ste 101",Tempe,AZ,85281-2879,"(480) 967-5887",brewpub,http://www.blastedbarley.com
"Borderlands Brewing Co","119 E Toole Ave",Tucson,AZ,85701-1210,,micro,http://www.borderlandsbrewing.com
"Brewery In Planning - Chandler",,Chandler,AZ,85249,,planning,
"Brewery In Planning - Florence",,,,,,planning,
"Brewery In Planning - Phoenix",,Phoenix,AZ,85008,,planning,
"Brewery In Planning - Phoenix",,,,,,planning,
"Brewery In Planning - Scottsdale",,Scottsdale,AZ,85254,,planning,
"Brewery In Planning - Scottsdale",,Scottsdale,AZ,85251,,planning,
"Brewery In Planning - Scottsdale",,Scottsdale,AZ,85255,,planning,
"Brewery In Planning - Sedona",,Sedona,AZ,86336,,planning,
"Brewery In Planning- Mesa, AZ.",,,,,,planning,
"Brewery In Planning- Phoenix, AZ",,,,,,planning,
"Button Brew House, LLC",,Tucson,AZ,85710,,planning,http://www.buttonbrew.com
"Cartel Brewery","225 W University Dr Ste 103",Tempe,AZ,85281-3666,"(602) 561-2584",micro,http://www.cartelbrewery.com
"College Street Brewhouse and Pub","1940 College Dr","Lake Havasu City",AZ,86403-1981,"(928) 854-2739",brewpub,
"Copper Canyon Brewing Company","1519 Queens Bay","Lake Havasu City",AZ,86403-6579,,brewpub,http://www.coppercanyonbrewery.com
"Dark Sky Brewing Co.","117 N Beaver St. Suite A",Flagstaff,AZ,86001-5524,"(928) 440-5151",micro,http://www.darkskybrewing.com
"Desert Eagle Brewing Company","150 W Main St",Mesa,AZ,85201-7310,,micro,http://www.deserteaglebrewing.com
"Dragoon Brewing Co","1859 W Grant Rd Ste 111",Tucson,AZ,85745-1214,"(520) 329-3606",micro,http://www.dragoonbrewing.com
"Dubina Brewing Co.","17035 N 67th Ave #6",Glendale,AZ,85308-3655,"(623) 412-7770",brewpub,http://www.dubinabrew.com
"Fate Brewing Company","7337 E Shea Blvd Ste 105",Scottsdale,AZ,85260-6465,"(480) 994-1275",brewpub,http://www.fatebrewing.com
"Fate Brewing Company South",,Scottsdale,AZ,85257-3410,"(480) 994-1275",planning,http://www.fatebrewing.com
"Flagstaff Brewing Co","16 E Route 66",Flagstaff,AZ,86001-5792,"(928) 773-1442",brewpub,http://www.flagbrew.com
"Four Peaks Brewing Co","1340 E 8th St Ste 104",Tempe,AZ,85281-4396,"(480) 303-9967",regional,http://www.fourpeaks.com
"Four Peaks Brewing Company - Wilson Street","2401 S Wilson St",Tempe,AZ,85282-2054,"(480) 303-9967",micro,http://www.fourpeaks.com
"Freak'N Brewing Company","9299 W Olive Ave Ste 513",Peoria,AZ,85345-8385,"(602) 620-4466",micro,http://www.freaknbrew.com
"Goldwater Brewing Co","3608 N Scottsdale Rd.",Scottsdale,AZ,85251-5612,"(480) 350-7305",micro,http://www.goldwaterbrewing.com
"Gordon Biersch Brewery Restaurant - Glendale","6915 N 95th Ave",Glendale,AZ,85305-2488,"(623) 877-4300",brewpub,http://www.gordonbierschrestaurants.com
"Gordon Biersch Brewery Restaurant - Tempe","420 S Mill Ave Ste 201",Tempe,AZ,85281-2870,"(480) 736-0033",brewpub,http://www.gordonbierschrestaurants.com
"Grand Avenue Brewing Company",,Phoenix,AZ,85007-2348,"(602) 670-5465",planning,http://www.grandbrewing.com
"Grand Canyon Brewery","233 W Route 66",Williams,AZ,86046-2530,"(928) 635-2168",micro,http://www.grandcanyonbrewingco.com
"Granite Mountain Brewing","PO Box 1109 123 N Cortez St",Prescott,AZ,86302-1109,"(928) 778-5535",micro,http://www.granitemountainbrewing.com
"Green Feet Brewing - Brewery In Planning - Tucson",,Tucson,AZ,85713-6814,,planning,http://www.greenfeetbrewing.com
"Helton Brewing Company",,,,,,planning,http://www.heltonbrewingcompany.com
"Historic Brewing Company","4366 E Huntington Dr Bldg 2",Flagstaff,AZ,86004-9400,"(928) 707-0900",micro,http://www.historicbrewingcompany.com
"Huss Brewing","1520 W Mineral Rd Ste 102",Tempe,AZ,85283-4343,"(480) 264-7611",micro,
"Indigenous AleWorks",,Mesa,AZ,85206,,planning,
"Iron John's Brewing Company","246 S Plumer Ave #27",Tucson,AZ,85719-6343,"(520) 775-1727",micro,http://www.ironjohnsbrewing.com
"Lazy G Brewhouse",,,,,,planning,
"Lonesome Valley Brewing","3040 N Windsong Dr. Suite 101","Prescott Valley",AZ,86314-2250,"(928) 515-3541",brewpub,http://www.lonesomevalleybrewing.com
"Lumberyard Brewing Co Taproom and Grille","5 S San Francisco St",Flagstaff,AZ,86001-5736,"(928) 779-2739",brewpub,http://www.lumberyardbrewingcompany.com
"Mesquite River Brewing",,Phoenix,AZ,85050,"(602) 677-8220",planning,http://www.mesquiteriverbrewing.com
"Mother Bunch Brewing, Inc.","825 N 7th Street",Phoenix,AZ,85006-3793,,brewpub,http://www.motherbunchbrew.com
"Mother Road Brewing Co","7 S Mikes Pike",Flagstaff,AZ,86001-5589,"(928) 774-9139",micro,http://www.motherroadbeer.com
"Mudshark Brewing Co","210 Swanson Ave","Lake Havasu City",AZ,86403-0966,"(928) 453-2981",micro,http://www.mudsharkbrewingco.com
"Nimbus Brewing Co","3850 E 44th St Ste 138",Tucson,AZ,85713-5472,"(520) 745-9175",micro,http://www.nimbusbeer.com
"North Mountain Brewing Co","522 E Dunlap Ave",Phoenix,AZ,85020-2916,"(602) 861-5999",brewpub,http://www.northmountainbrewing.com
"North Peoria Brewery and Gastropub",,Peoria,AZ,85382-9716,"(623) 536-4804",planning,http://www.peoriaartisanbrewing.com
"O.H.S.O. Eatery + Brewery","10810 N. Tatum Blvd #126",Phoenix,AZ,85028-6057,"(602) 900-9003",brewpub,http://www.ohsobrewery.com
"O.H.S.O. Eatery + NanoBrewery","4900 E Indian School Rd",Phoenix,AZ,85018-5554,"(602) 955-0358",brewpub,http://www.ohsobrewery.com
"Oak Creek Brewery & Grill","336 State Route 179 Ste D201",Sedona,AZ,86336-6183,"(928) 282-3300",brewpub,
"Oak Creek Brewing Co","2050 Yavapai Dr Ste 2C",Sedona,AZ,86336-4559,"(928) 204-1300",micro,http://www.oakcreekbrew.com
"Old Bisbee Brewing","200 Review Alley",Bisbee,AZ,85603,"(520) 432-2739",micro,http://www.oldbisbeebrewingcompany.com
"Owls Orchard Brewery","20518 E. Orchard Ln","Queen Creek",AZ,85142-7355,"(480) 254-4070",micro,
"Papago Brewing Co","7107 E McDowell Rd",Scottsdale,AZ,85257-3315,"(480) 425-7439",contract,http://www.papagobrewing.com
"Peoria Artisan Brewery","107 W Honeysuckle St","Litchfield Park",AZ,85340-4322,"(623) 536-4804",micro,http://www.peoriaartisanbrewing.com
"Phoenician Brewing Company",,,,,,planning,
"Pinetop Brewing Company","159 W. White Mountain Blvd.",Lakeside,AZ,85929-6527,"(928) 358-1971",micro,http://www.pinetopbeer.com
"Prescott Brewing Co","130 W Gurley St Ste A",Prescott,AZ,86301-3603,"(928) 771-2795",brewpub,http://www.prescottbrewingcompany.com
"Prescott Brewing Co - Production Facility","6396 Lear Ln",Prescott,AZ,86301-9118,"(928) 771-2795",micro,http://www.prescottbrewingcompany.com
"Prison Hill Brewing Co","278 S Main St",Yuma,AZ,85364-1425,"(928) 276-4001",brewpub,http://www.prisonhillbrewing.com
"Public Brewhouse",,Tucson,AZ,85705-8537,"(520) 775-2337",planning,http://www.publichouse.com
"Pueblo Vida Brewing Co","115 E Broadway Blvd",Tucson,AZ,85701-2011,"(520) 623-7168",micro,http://www.pueblovidabrewing.com
"Richter Ale Works",,Peoria,AZ,85383-3783,,planning,http://mischiefbrewery.blogspot.com/
"Rock Bottom Brewery - Arrowhead","7640 W Bell Rd",Glendale,AZ,85308-8619,"(623) 878-8822",brewpub,http://www.rockbottom.com
"Saddle Mountain Brewing Company",,Goodyear,AZ,85338,,brewpub,
"SanTan Brewing Co","8 S San Marcos Pl",Chandler,AZ,85225-7862,"(480) 917-8700",regional,http://www.santanbrewing.com
"Scottsdale Beer Company",,Scottsdale,AZ,85255,,planning,http://www.scottsdalebeerco.com
"Scottsdale Beer Company","8608 E. Shea Blvd",Scottsdale,AZ,85250,"(480) 219-1844",brewpub,http://www.scottsdalebeercompany.com
"Sentinel Peak Brewing Company","4746 E. Grant Rd.",Tucson,AZ,85712,"(520) 777-9456",brewpub,http://www.sentinelpeakbrewing.com
"Sleepy Dog Brewing Co","1920 E University Dr",Tempe,AZ,85281-4608,"(480) 967-5476",micro,http://www.sleepydogbrewing.com
"Sonoran Brewing","3002 E Washington St",Phoenix,AZ,85034-1518,"(602) 484-7775",micro,http://www.sonoranbrewing.com
"Stovebolt Brewery",,,,,,planning,
"Sun Up Brewing Co.","322 E Camelback Rd",Phoenix,AZ,85012-1614,"(602) 279-8909",brewpub,http://www.sunupbrewing.com
"Ten Fifty Five Brewing","3810 E 44th St Ste 315",Tucson,AZ,85713-5474,"(520) 461-8073",micro,http://www.1055brewing.com
"THAT Brewery Cottonwood","300 East Cherry St. Bldg B",Cottonwood,AZ,86326-4157,"(928) 202-3013",micro,http://www.thatbrewery.com
"THAT Brewing Company, LLC","3270 N Hwy 87",Pine,AZ,85544,,brewpub,http://www.thatbrewery.com
"The Address Brewing / 1702 Beer & Pizza","1702 E Speedway Blvd",Tucson,AZ,85719-4515,,micro,http://www.1702az.com
"The Arizona Beer Garden LLC",,Phoenix,AZ,85006,,planning,
"The Perch Pub & Brewery","232 S Wall St",Chandler,AZ,85225-9528,"(480) 773-7688",brewpub,http://www.perchpubbrewery.com
"The Phoenix Ale Brewery","3002 E Washington St",Phoenix,AZ,85034-1518,"(602) 275-5049",micro,http://www.phoenixbrew.com
"Thunder Canyon Brewery","7401 N La Cholla Blvd Ste 178",Tucson,AZ,85741-2333,"(520) 797-2652",brewpub,http://www.thundercanyonbrewery.com
"Uncle Bear's Brewhouse & Grill","4921 E. Ray Rd.",Phoenix,AZ,85044-6495,"(480) 961-2374",brewpub,http://www.unclebearsbrewery-hub.com
"Verde Brewing Company","325 S Main St","Camp Verde",AZ,86322-7155,"(709) 969-5047",micro,http://www.verdebrewing.com
"Veritas Brewing Co.",,Buckeye,AZ,85326-8699,,planning,
"Wanderlust Brewing Company","1519 N Main St Ste 102",Flagstaff,AZ,86004-4970,"(928) 351-7952",micro,http://www.wanderlustbrewing.com
"Wicked Monkey Brewing Co",,Marana,AZ,85683,,planning,
"Wren House Brewing Company","2125 N 24TH ST",Phoenix,AZ,85008,"(480) 600-7499",micro,http://www.westwardbrewing.com
