name,address,city,state,zip,phone,type,url
"101 North Brewing Company","1304 Scott St Ste D",Petaluma,CA,94954-7100,"(707) 778-8384",micro,http://www.101northbeer.com
"12 Bravo",,,,,,planning,
"2 Tread Brewing Co",,"San Francisco",CA,94131,,planning,http://www.2treadbrewing.com
"21st Amendment Brewery","563 2nd St","San Francisco",CA,94107-1411,"(415) 369-0900",brewpub,http://www.21st-amendment.com
"21st Amendment Brewery Cafe","2010 Williams Street","San Leandro",CA,94577-2334,"(415) 369-0900",micro,
"2Kids Brewing Company","8680 Miralani Dr Ste 123","San Diego",CA,92126-6391,"(858) 480-5437",micro,http://www.twokidsbrewing.com
"32 North Brewing Co","8655 Production Ave Ste A","San Diego",CA,92121-2258,"(714) 791-8973",micro,http://www.32northbrew.com
"Abnormal Beer Company","16990 Via Tazon Suite 123","San Diego",CA,92127-1649,"(858) 618-2463",brewpub,
"Absolution Brewing Co","2878 Columbia St",Torrance,CA,90503-3808,"(310) 490-4860",micro,http://www.absolutionbrewingcompany.com
"Acoustic Ales Brewing Experiment","1795 Hancock St Ste P1","San Diego",CA,92110-2006,,micro,http://www.acousticales.com
"Aftershock Brewing Co","28822 Old Town Front St Ste 107",Temecula,CA,92590-2723,"(951) 972-2256",micro,http://www.aftershockbrewingco.com
"Ale Industries","3096 E 10th St",Oakland,CA,94601-2960,"(925) 470-5280",micro,http://www.aleindustries.com
"AleSmith Brewing Co","9990 AleSmith Court","San Diego",CA,92126,"(858) 549-9888",micro,http://www.alesmith.com
"Almanac Beer Company","2325 3rd St Ste 202","San Francisco",CA,94107-3167,"(415) 992-3438",contract,http://www.almanacbeer.com
"Alosta Brewing Co","692 Arrow Grand Cir",Covina,CA,91722-2122,"(626) 470-7897",micro,http://www.alostabrewing.com
"Alpenglow Beer Co",,,,,,planning,http://www.buckwildbrew.com
"Alpha Acid Brewing Co","121 Industrial Road. Ste 12",Belmont,CA,94002-8208,,micro,http://www.alphaacidbrewing.com
"Alpine Beer Co","PO Box 2530",Alpine,CA,91903-2530,"(619) 445-2337",brewpub,http://www.alpinebrewing.com
"Altamont Beer Works","2402 Research Dr",Livermore,CA,94550-3850,"(925) 294-8970",micro,http://www.altamontbeerworks.com
"Alvarado Street Brewery & Grill","426 Alvarado St",Monterey,CA,93940-2711,,brewpub,http://www.alvaradostreetbrewery.com
"American Craft Brewers Co-op",,Carlsbad,CA,92011-4652,"(619) 888-3142",planning,
"American Dream Brewing",,"Thousand Oaks",CA,91360-5224,"(310) 780-5345",planning,http://americandreambrewing.com
"American River Brewing Co","11151 Trade Center Dr Ste 104","Rancho Cordova",CA,95670-6403,"(916) 508-0098",micro,
"Amplified Ale Works","4150 Mission Blvd Ste 208","San Diego",CA,92109-5054,"(650) 380-4220",brewpub,http://www.amplifiedales.com
"Anacapa Brewing Co","472 E Main St",Ventura,CA,93001-2627,"(805) 643-2337",brewpub,http://www.anacapabrewing.com
"Anaheim Brewery","336 S Anaheim Blvd",Anaheim,CA,92805-3830,"(714) 780-1888",micro,http://www.anaheimbrew.com
"Anchor Brewing Co","1705 Mariposa St","San Francisco",CA,94107-2334,"(415) 863-8350",regional,http://www.anchorbrewing.com
"Anderson Valley Brewing Co","PO Box 505",Boonville,CA,95415-0505,"(707) 895-2337",regional,http://www.avbc.com
"Angel City Brewery","216 S Alameda St","Los Angeles",CA,90012-4201,"(213) 622-1261",micro,http://www.angelcitybrewery.com
"Anheuser-Busch InBev – Fairfield","3101 Busch Dr",Fairfield,CA,94534-9726,"(707) 429-2000",large,
"Anheuser-Busch InBev - Los Angeles","15800 Roscoe Blvd","Van Nuys",CA,91406-1350,"(818) 989-5300",large,
"Arcana Brewing Company","5621 Palmer Way Ste C",Carlsbad,CA,92010-7254,,micro,http://www.arcanabrewing.com
"Area 51 Craft Brewery","7123 Arlington Ave Ste A",Riverside,CA,92503-1521,,micro,http://www.area51craftbrewery.com
"Armstrong Brewing Co","415 Grant Ave","San Francisco",CA,94108-3208,"(415) 745-2739",micro,http://www.armstrongbrewing.com
"Artifex Brewing Company","919 Calle Amanecer Ste A","San Clemente",CA,92673-6298,"(949) 429-7805",micro,http://www.artifexbrewing.com
"Arts District Brewing Company",,"Los Angeles",CA,90028-5304,,planning,
"Auburn Alehouse","289 Washington St",Auburn,CA,95603-5036,"(530) 885-2537",brewpub,http://www.auburnalehouse.com
"Automatic Brewing Co. / Blind Lady Alehouse","3416 Adams Ave","San Diego",CA,92116-2428,"(619) 200-7522",brewpub,http://www.blindlady.blogspot.com
"Aztec Brewing Company","2330 La Mirada Dr Ste 300",Vista,CA,92081-7871,"(800) 706-7720",micro,http://www.aztecbrewery.com
"Babe's Bar-B-Que and Brewhouse","71800 Highway 111 Ste A176","Rancho Mirage",CA,92270-4495,"(760) 346-8738",brewpub,
"Back Street Brewery/Lamppost Pizza","3002 Dow Ave Ste 414",Tustin,CA,92780-7236,"(714) 731-6171",brewpub,http://www.lamppostpizza.com
"Back Street Brewery/Lamppost Pizza","15 Main St Ste 100",Vista,CA,92083-5800,"(760) 407-7600",brewpub,http://www.lamppostpizza.com
"Back Street Brewery/Lamppost Pizza","14450 Culver Dr Ste E",Irvine,CA,92604-0300,"(949) 857-0160",brewpub,http://www.lamppostpizza.com
"Back Street Brewery/Lamppost Pizza","78772 Highway 111","La Quinta",CA,92253-2044,"(760) 564-4568",brewpub,http://www.lamppostpizza.com
"Baeltane Brewing","401 Bel Marin Keys Blvd Ste B",Novato,CA,94949-5645,"(415) 883-2040",micro,http://www.baeltanebrewing.com
"Bagby Beer Company","601 S Coast Hwy",Oceanside,CA,92054-4120,,micro,http://www.bagbybeer.com
"Ballast Point Brewing & Spirits","9045 Carroll Way","San Diego",CA,92121-2405,"(858) 695-2739",regional,http://www.ballastpoint.com
"Ballast Point Brewing & Spirits - Scripps Ranch",,"San Diego",CA,92131,"(858) 695-2739",planning,
"Ballast Point Brewing Co / Home Brew Mart","5401 Linda Vista Rd Ste 406","San Diego",CA,92110-2402,"(619) 851-7681",micro,http://www.ballastpoint.com
"Ballast Point Tasting Room & Kitchen - Little Italy","2215 India St","San Diego",CA,92101-1725,"(619) 255-7213",brewpub,http://www.ballastpoint.com
"Bang the Drum Brewery","950 Orcutt Rd","San Luis Obispo",CA,93401-6740,"(805) 242-8372",micro,http://www.bangthedrumbrewery.com
"Barebottle Brewing Company",,"San Francisco",CA,94114-3173,"(650) 714-0506",planning,
"Barley Forge Brewing","2957 Randolph Ave Ste B","Costa Mesa",CA,92626-4375,"(714) 641-2084",micro,http://www.barleyforge.com
"Barn Brewery","2580 El Cajon Blvd Ste 3","San Diego",CA,92104-1118,,micro,http://www.thebarnbrew.com
"Barrel Harbor Brewing Co.","2575 Pioneer Ave Ste 104",Vista,CA,92081-8450,"(810) 599-0000",micro,http://www.barrelharborbrewing.com
"Barrel Head Brewhouse","1785 Fulton Street","San Francisco",CA,94117,,brewpub,http://www.barrelheadsf.com
"Barrelhouse Brewing","3055 Limestone Way","Paso Robles",CA,93446-5988,"(805) 296-1128",micro,http://www.barrelhousebrewing.com
"Bartlett Hall","242 O'Farrell St","San Francisco",CA,94102-2119,"(415) 433-4332",brewpub,http://www.bartletthallsf.com
"Beach Chalet Brewing Co","1000 Great Hwy","San Francisco",CA,94121-3268,"(415) 386-8439",brewpub,http://www.beachchalet.com
"Beach City Brewery","7631 Woodwind Dr Ste B","Huntington Beach",CA,92647-7117,"(714) 425-4756",micro,http://www.beachcitybrewery.com
"Beachwood BBQ & Brewing","210 E 3rd St Ste A","Long Beach",CA,90802-3197,"(562) 436-4020",brewpub,http://www.beachwoodbbq.com
"Bear Republic Brewing Co","345 Healdsburg Ave",Healdsburg,CA,95448-4105,"(707) 433-2337",micro,http://www.bearrepublic.com
"Bear Republic Brewing Co - Factory 5","110 Sandholm Ln Ste 10",Cloverdale,CA,95425-4439,"(707) 894-2722",regional,http://www.bearrepublic.com
"Beer Company, The","602 Broadway Ste 101","San Diego",CA,92101-5449,"(619) 398-0707",brewpub,
"Belching Beaver Brewery","980 Park Center Dr Ste A",Vista,CA,92081-8351,"(760) 599-5832",micro,http://www.belchingbeaver.com
"Belmont Brewing Co","25 39th Pl","Long Beach",CA,90803-2806,"(562) 433-3891",brewpub,http://www.belmontbrewing.com
"Benchmark Brewing Co","6190 Fairmount Ave Ste G","San Diego",CA,92120-3428,,micro,http://www.benchmarkbrewing.com
"Benoit-Casper Brewing","1201 Pennsylvania Ave, Suite E",Richmond,CA,94801-2300,,micro,http://www.bcbrewing.com
"Berryessa Brewing Co","27260 State Highway 128",Winters,CA,95694-9066,"(530) 304-2202",micro,http://www.berryessabrewingco.com
"Big Bear Lake Brewing Co","40827 Stone Rd","Big Bear Lake",CA,92315,"(909) 878-0283",brewpub,http://www.bblbc.com
"Big Bear Mountain Brewery","40260 Big Bear Blvd","Big Bear Lake",CA,92315,"(909) 866-2337",brewpub,http://www.mountainbrewery.com
"Bike Dog Brewing Co","2534 Industrial Blvd Ste 110","West Sacramento",CA,95691-3471,"(916) 432-3376",micro,http://www.bikedogbrewing.com
"Birchwood Brewing",,"Trabuco Canyon",CA,92679,,planning,
"Bison Brewing Co","930 Dwight Way Ste 10A",Berkeley,CA,94710-2591,"(510) 812-5996",contract,http://www.bisonbrew.com
"Bitter Brothers Brewing Co.",,"San Diego",CA,92103,,planning,
"Bittersweet Brewing Company, LLC",,"Los Osos",CA,93402,,planning,
"BJs Chicago Pizza & Brewery, Inc.","7755 Center Ave Ste 300","Huntington Beach",CA,92647-3084,"(714) 500-2400",regional,http://www.bjsrestaurants.com
"BJs Restaurant & Brewery - Brea","600 Brea Mall Dr",Brea,CA,92821-5764,"(714) 990-2095",brewpub,http://www.bjsrestaurants.com
"BJs Restaurant & Brewery - Laguna Hills","24032 El Toro Rd","Laguna Hills",CA,92653-3104,"(949) 900-2670",brewpub,http://www.bjsrestaurants.com
"BJs Restaurant & Brewery - Oxnard","461 W Esplanade Dr",Oxnard,CA,93036-1298,"(805) 485-1124",micro,http://www.bjsrestaurants.com
"BJs Restaurant & Brewery - Roseville","1200 Roseville Pkwy Creekside South",Roseville,CA,95678-3535,"(916) 580-2100",micro,http://www.bjsbrewhouse.com
"BJs Restaurant & Brewery - West Covina","2917 E Eastland Ctr Dr","West Covina",CA,91791-1603,"(626) 858-0054",micro,http://www.bjsrestaurants.com
"BJs Restaurant & Brewery - Woodland Hills","6424 Canoga Ave","Woodland Hills",CA,91367-2407,"(818) 340-4513",brewpub,http://www.bjsrestaurants.com
"Black Diamond Brewing Co","2470 Bates Ave Ste C",Concord,CA,94520-8505,"(925) 356-0120",micro,http://www.bdbrewing.com
"Black Dragon Brewery","175 W Main St Ste B",Woodland,CA,95695-2979,"(530) 666-5347",brewpub,http://www.blackdragonbrew.com
"Black Gold Brewing Co","508 Center St",Taft,CA,93268-3109,"(661) 765-6550",brewpub,
"Black Hammer Brewing Co.",,,,,,planning,
"Black Market Brewing Co","41740 Enterprise Cir N Ste 109",Temecula,CA,92590-5652,"(951) 296-5039",micro,http://www.blackmarketbrew.com
"Bloodline Brewing Co","1901 Mendocino Ave","Santa Rosa",CA,95401-3630,"(707) 540-0395",brewpub,http://www.heritagepublichousesr.com
"Blue Frog Brewing Company","1740 Travis Blvd",Fairfield,CA,94533-3431,"(707) 429-2337",micro,http://www.bluefrogbrewingcompany.com
"Blue Palms Brewhouse",,"Los Angeles",CA,90028-5304,"(323) 464-2337",planning,
"BNS Brewing & Distilling Co.","10960 Wheatlands Ave Ste 101",Santee,CA,92071-5617,"(619) 956-0952",micro,http://www.bnsbrewinganddistilling.com
"Bolt Brewing Co","8179 Center St","La Mesa",CA,91942,"(619) 303-7837",micro,http://www.boltbrewery.com
"Bonaventure Brewing Co","404 S Figueroa St Ste 418A","Los Angeles",CA,90071-1797,"(213) 236-0802",brewpub,http://www.bonaventurebrewing.com
"Boneshaker Community Brewery","4810 Granite Dr Ste A-1",Rocklin,CA,95677-2838,"(916) 672-6292",brewpub,http://www.boneshakerbrew.com
"Bootleggers Brewery","1100 E Truslow Ave",Fullerton,CA,92831-4626,"(714) 871-2337",micro,http://www.bootleggersbrewery.com
"Bootleggers Brewery","130 S Highland Ave",Fullerton,CA,92832-1803,"(714) 871-2337",micro,
"Booze Brothers Brewery","2545 Progress St",Vista,CA,92081,"(760) 295-0217",micro,http://www.boozebrothersbrewery.com
"Border X Brewing","8684 Avenida De La Fuente Suite 8","San Diego",CA,92154,"(619) 787-6176",micro,http://www.borderxbrewing.com
"Border X Logan","2181 Logan Ave","San Diego",CA,92113-2203,"(858) 405-0528",micro,http://www.borderxbrewing.com
"Bottle Logic Brewing","1072 N Armando St",Anaheim,CA,92806-2605,"(714) 660-2537",micro,http://www.bottlelogic.com
"Boulder Creek Brewing Co","13040 Highway 9","Boulder Creek",CA,95006-9154,"(831) 338-7882",brewpub,http://www.bouldercreekbrewery.net
"Bravery Brewing","42705 8th St W",Lancaster,CA,93534-7184,"(661) 951-4677",micro,http://www.braverybrewing.com
"Breakwater Brewing Co","101 N Coast Hwy Ste C140",Oceanside,CA,92054-3015,"(760) 433-6064",brewpub,http://www.breakwaterbrewing.com
"BREW CREW INC","11626 Sterling Ave Ste G",Riverside,CA,92503-4991,"(951) 352-2739",micro,http://www.brewcrewinc.com
"Brew Rebellion","13444 California St Ste B",Yucaipa,CA,92399-5402,"(951) 907-4844",micro,http://www.brewrebellion.com
BrewBakers,"7242 Heil Ave","Huntington Beach",CA,92647-4466,"(714) 596-5506",brewpub,http://www.brewbakers1.com
"Brewbakers Brewing Co.","219 E Main St",Visalia,CA,93291-6355,"(559) 627-2739",brewpub,http://www.brewbakersbrewingco.com
"Brewery At Abigaile","1301 Manhattan Ave","Hermosa Beach",CA,90254-3666,"(310) 798-8227",brewpub,http://www.abigailerestaurant.com
"Brewery At Lake Tahoe","3542 Lake Tahoe Blvd","South Lake Tahoe",CA,96150-8900,"(530) 544-4369",brewpub,http://www.brewerylaketahoe.com
"Brewery In Planning - Alamo",,Alamo,CA,94507,,planning,
"Brewery In Planning - Albany",,Albany,CA,94706,,planning,
"Brewery In Planning - Alta Loma",,,,,,planning,
"Brewery In Planning - Altadena",,Altadena,CA,91001,,planning,
"Brewery In Planning - Berkeley",,Berkeley,CA,94705-2510,,planning,
"Brewery In Planning - Carlsbad",,Carlsbad,CA,92008,,planning,
"Brewery In Planning - Castro Valley",,"Castro Valley",CA,94546,,planning,
"Brewery In Planning - Chico",,,,,"(916) 683-4388",planning,
"Brewery In Planning - Chino",,Chino,CA,91708,,planning,
"Brewery In Planning - Claremont",,Claremont,CA,91711,,planning,
"Brewery In Planning - Corona",,,,,,planning,
"Brewery In Planning - Corvallis",,Ramona,CA,92065-4104,,planning,
"Brewery In Planning - El Cajon",,,,,,planning,
"Brewery In Planning - El Centro",,"El Centro",CA,92243,,planning,http://www.elcentrobrewing.com
"Brewery In Planning - Elk Grove",,"Elk Grove",CA,95624,,planning,
"Brewery In Planning - Fremont",,Fremont,CA,94536,,planning,
"Brewery In Planning - Fullerton",,,,,,planning,
"Brewery In Planning - Grass Valley",,"Grass Valley",CA,95945,,planning,
"Brewery In Planning - Grover Beach",,"Grover Beach",CA,93433,,planning,
"Brewery In Planning - Lafayette",,Lafayette,CA,94549,,planning,
"Brewery In Planning - Lakewood",,,,,,planning,
"Brewery In Planning - Los Angeles",,"Los Angeles",CA,90038,,planning,
"Brewery In Planning - Los Angeles",,"Los Angeles",CA,90045,,planning,
"Brewery In Planning - Los Angeles",,"Los Angeles",CA,90014,,planning,
"Brewery In Planning - Los Angeles",,"Los Angeles",CA,90064,,planning,
"Brewery In Planning - Manhattan Beach",,"Manhattan Beach",CA,90266-5452,,planning,
"Brewery In Planning - Marina Del Rey",,"Marina Del Rey",CA,90292-5978,,planning,
"Brewery In Planning - Menlo Park",,"Menlo Park",CA,94025-1801,,planning,
"Brewery In Planning - Mill Valley",,,,,,planning,
"Brewery In Planning - Moreno Valley",,"Moreno Valley",CA,92551,,planning,
"Brewery In Planning - Mount Shasta",,"Mount Shasta",CA,96067-1661,,planning,
"Brewery In Planning - Napa",,Napa,CA,94558-4309,,planning,
"Brewery In Planning - Novato, CA.",,Novato,CA,94949-6291,,planning,
"Brewery In Planning - Oakland",,Emeryville,CA,94608,,planning,
"Brewery In Planning - Oceanside",,,,,,planning,http://www.spechops.com
"Brewery In Planning - Orange County",,"San Diego",CA,92101,,planning,
"Brewery In Planning - Poway",,Poway,CA,92064,,planning,
"Brewery In Planning - Priest River",,"Los Angeles",CA,90038-2715,,planning,
"Brewery In Planning - Riverside",,,,,,planning,
"Brewery In Planning - Sacramento",,Sacramento,CA,95821,,planning,
"Brewery In Planning - Sacramento",,Sacramento,CA,95817,,planning,
"Brewery In Planning - San Clemente",,"San Clemente",CA,92673,,planning,
"Brewery In Planning - San Diego",,"San Diego",CA,92123,,planning,
"Brewery in Planning - San Diego2",,"San Diego",CA,92129,,planning,
"Brewery In Planning - San Francisco",,"San Francisco",CA,94131,,planning,
"Brewery In Planning - San Francisco",,"San Francisco",CA,94114,,planning,
"Brewery In Planning - San Jose",,"San Jose",CA,95128,,planning,
"Brewery In Planning - San Rafael",,"San Rafael",CA,94901-2903,,planning,
"Brewery In Planning - Santa Clara",,"Santa Clara",CA,95054,,planning,
"Brewery In Planning - Santa Rosa",,"Santa Rosa",CA,95401,,planning,
"Brewery In Planning - Santa Rosa",,"Santa Rosa",CA,95401,,planning,
"Brewery In Planning - Sausalito",,,,,,planning,
"Brewery In Planning - Trabuco Canyon",,"Trabuco Canyon",CA,92679,,planning,
"Brewery In Planning - Trabuco Canyon",,,,,,planning,
"Brewery In Planning - Truckee",,Truckee,CA,96161,,planning,
"Brewery In Planning - Turlock",,Turlock,CA,95380,,planning,
"Brewery In Planning - Venice",,Venice,CA,90291-2707,,planning,
"Brewery In Planning - Ventura",,Ventura,CA,93001,,planning,
"Brewery In Planning - Vienna",,,,,,planning,
"Brewery In Planning - Visalia, CA.",,Visalia,CA,93291-6502,,planning,
"Brewery In Planning - Vista",,Vista,CA,92084-3717,,planning,
"Brewery In Planning - Woodland",,,,,,planning,http://www.twelveroundsbrewing.com
"Brewery In Planning - Yorba Linda",,"Yorba Linda",CA,92887,,planning,
"Brewery In Planning- Arcata, CA.",,,,,,planning,
"Brewery In Planning- Carlsbad, CA.",,,,,,planning,
"Brewery In Planning- Concord, CA",,,,,,planning,
"Brewery In Planning- Fairfield, CA.",,,,,,planning,
"Brewery In Planning- Holtville, CA.",,Holtville,CA,92250,,planning,
"Brewery In Planning- Hop Flower Brewing",,Danville,CA,94526,,planning,
"Brewery In Planning- Los Angeles, CA.",,"Los Angeles",CA,90046-1402,,planning,
"Brewery In Planning- Mission Viejo",,,,,,planning,
"Brewery In Planning- Santa Cruz, CA.",,"Santa Cruz",CA,95060-1505,,planning,
"Brewery In Planning- Yorba Linda, CA.",,"Yorba Linda",CA,92887-5101,,planning,
"Brewery Twenty Five",,,,,"(831) 636-7640",micro,http://www.facebook.com/brewerytwentyfive
"Brewyard Beer Company LLC",,"Mission Hills",CA,91345,,planning,http://www.facebook.com/thebrewyard
"Broken Age",,,,,,planning,
"Broken Drum Brewery and Wood Grill","1132 4th St","San Rafael",CA,94901-3007,"(415) 456-4677",brewpub,http://www.brokendrum.com
"Brouwerij West","110 E. 22nd Street Warehouse No. 9","San Pedro",CA,90731-7202,"(310) 378-2300",contract,http://www.cargocollective.com/brouwerijwest
"Bruery Terreux","1174 N Grove St",Anaheim,CA,92806,"(714) 996-6258",micro,http://www.thebruery.com
"Bruery, The","715 Dunn Way",Placentia,CA,92870-6806,"(714) 996-6258",micro,http://www.thebruery.com
"Buffalo Bills Brewery","1082 B St",Hayward,CA,94541-4108,"(510) 886-9823",brewpub,http://www.buffalobillsbrewery.com
"Butcher's Brewing","9962 Prospect Ave Ste E",Santee,CA,92071-4371,,micro,http://www.butchersbrewing.com
"Calicraft Brewing Co","157 Hilltop Crescent","Walnut Creek",CA,94597-3407,"(510) 882-7181",contract,
"California Brewing Company","9348 Deschutes Rd Ste H","Palo Cedro",CA,96073-8730,"(530) 222-2739",brewpub,http://www.californiabrewingcompany.com
"Cambria Beer Co","821 Cornwall St",Cambria,CA,93428-2434,"(805) 203-5265",micro,http://www.cambriabeerco.com
"Campbell Brewing Co","200 E Campbell Ave",Campbell,CA,95008-2010,"(408) 866-2699",brewpub,
"Captain Fatty's","6483 Calle Real Unit D",Goleta,CA,93117-1541,,micro,http://www.captainfattys.com
"Catalina Island Brew House","417 Crescent Ave",Avalon,CA,90704,"(310) 590-6905",brewpub,http://www.catalinaislandbrewhouse.com
"Caveman Brewing Company",,,,,,planning,http://www.cavemanbrewingco.com
"Cayucos Brewing Co","136 Ocean Front Ln",Cayucos,CA,93430-1649,"(805) 995-1993",contract,http://www.cayucosbeer.com
"Cellarmaker Brewing Company","1150 Howard St","San Francisco",CA,94103-3914,,micro,http://www.cellarmakerbrewing.com
"Central Coast Brewing Co","1422 Monterey St Ste B100","San Luis Obispo",CA,93401-2900,"(805) 783-2739",micro,http://www.centralcoastbrewing.com
"Cervecería De MateVeza","3801 18th St","San Francisco",CA,94114-2615,"(415) 273-9295",brewpub,http://www.cerveceriasf.com
"Chapman Crafted Beer Company",,Orange,CA,92866,,planning,
"Chau Tien Beer Company","PO Box 2441",Fairfield,CA,94533-0244,"(530) 414-1880",contract,http://www.paleale.com
"Chino Valley Brewery","1630 E Francis St Ste J",Ontario,CA,91761-5786,"(951) 291-7117",micro,http://www.chinovalleybrewery.com
"ChuckAlek Independent Brewers","2330 Main St Ste C",Ramona,CA,92065-2539,,micro,http://www.chuckalek.com
"Cismontane Brewing Co","29851 Aventura Ste D","Rancho Santa Margarita",CA,92688-2014,"(949) 888-2739",micro,http://www.cismontanebrewing.com
"Citizen Fox",,"San Francisco",CA,94110-1811,,planning,http://www.citezensoxsf.com
"Claremont Craft Ales","1420 N Claremont Blvd Ste 204C",Claremont,CA,91711-3528,"(909) 625-5350",micro,http://www.claremontcraftales.com
"Clayton Brewing Co","661 W Arrow Hwy","San Dimas",CA,91773-2936,"(909) 394-4900",contract,http://www.claytonbrewingco.com
"Cleophus Quealy Beer Company","448 Hester St","San Leandro",CA,94577-1024,"(510) 463-4534",micro,http://www.cleoph.us
"Coachella Valley Brewing Co","30640 Gunther St","Thousand Palms",CA,92276-2333,"(760) 343-5973",micro,http://www.cvbco.com
"Cold Bore Brewing","PO Box 1187",Jamul,CA,91935-1187,"(619) 246-4920",micro,http://www.coldborebrewing.com
"Cold Water Brewery and Grill","2544 Lake Tahoe Blvd","South Lake Tahoe",CA,96150-7707,"(530) 544-4677",brewpub,http://www.tahoecoldwaterbrewery.com
"Congregation Ale House","619 N Azusa Ave Ste C",Azusa,CA,91702-2910,"(626) 334-2337",micro,http://www.congregationalehouse.com
"Cool Beerwerks","5020 Ellinghouse Drive",Cool,CA,95614-9569,,brewpub,http://www.cbwbeer.com
"Coronado Brewing Co","170 Orange Ave",Coronado,CA,92118-1409,"(619) 437-4452",regional,http://www.coronadobrewingcompany.com
"Coronado Brewing Co - Production Facility","170 Orange Ave","San Diego",CA,92118-1409,"(619) 275-2215",regional,
"Corralitos Brewing Co","2536 Freedom Blvd",Watsonville,CA,95076-1046,"(831) 728-2739",micro,http://www.corralitosbrewingco.com
"Cortes Bank Brewing Company",,"San Diego",CA,92115,,planning,
"Council Brewing Company","7705 Convoy Ct","San Diego",CA,92111-1105,"(858) 256-0038",micro,http://www.councilbrew.com
"Craft Artisan Ales","PO Box 52093","Pacific Grove",CA,93950-7093,,micro,
"Craft Brewing Company","530 Crane St","Lake Elsinore",CA,92530-2779,"(951) 226-0149",micro,http://www.craftbrewingcompany.com
"Craftsman Brewing Co","1260 Lincoln Ave Ste 100",Pasadena,CA,91103-2465,"(626) 296-2537",micro,http://www.craftsmanbrewing.com
"Creekside Brewing Co","1040 Broad St","San Luis Obispo",CA,93401-3505,"(805) 542-9804",brewpub,http://www.creeksidebrewing.com
"Crooked Lane Brewing Co",,Newcastle,CA,95658,,planning,
"Croons Brewing Company, Inc.",,"San Diego",CA,92131,,planning,
"Culture Brewing Co.","111 S Cedros Ave Ste 200","Solana Beach",CA,92075-2906,"(858) 345-1144",micro,http://www.culturebrewingco.com
"Dale Bros Brewery","2120 Porter Field Way",Upland,CA,91786-2111,"(909) 579-0032",micro,http://www.dalebrosbrewery.com
"DasBrew, Inc.","44356 S Grimmer Blvd",Fremont,CA,94538-6385,"(415) 517-8100",micro,http://www.dasbrewinc.com
"Deans Brothers Brewing Co.","1006 S Hathaway St","Santa Ana",CA,92705-4129,"(714) 542-2001",micro,http://www.deansbros.com
"Device Brewing Company","8166 14th Ave",Sacramento,CA,95826-4722,,micro,http://www.devicebrewing.com
"Devil's Canyon Brewing Company","935 Washington St","San Carlos",CA,94070-5316,"(650) 592-2739",micro,http://www.devilscanyonbrewery.com
"Devil's Potion Brewing Company LLC",,Escondido,CA,92026-3187,,planning,
"Discretion Brewing LLC","2703 41st Ave Ste A& # B",Soquel,CA,95073-3104,"(831) 316-0662",brewpub,http://www.discretionbrewing.com
"Divine Brewing",,"Santa Rosa",CA,95404,,proprietor,
"Diving Dog Brewhouse","1802 Telegraph Ave",Oakland,CA,94612-2110,"(510) 306-1914",micro,http://www.divingdogbrew.com
"Division 23 Brewing","7408 Trade St","San Diego",CA,92121-3415,"(858) 752-1924",micro,http://www.division23brewing.com
"Dockside 700 Lakefront Grill & Brewery",,"Tahoe City",CA,96145,"(530) 581-0303",planning,http://www.dockside700.com
"Dog's Life Brewing Company",,"El Cajon",CA,92019,,planning,
"Dos Desperados Brewery","1241 Linda Vista Dr","San Marcos",CA,92078-3809,"(760) 566-6209",micro,http://www.dosdesperadosbrew.com
"Downtown Joes Brewery and Restaurant","902 Main St",Napa,CA,94559-3045,"(707) 258-2337",brewpub,http://www.downtownjoes.com
"Dr. Jekyll's Craft Beer","550 Chaparral Ct",Altadena,CA,91001-3859,,micro,http://www.drjekylls.com
"Dragas Brewing","5860 Pacific St",Rocklin,CA,95677-3715,"(916) 905-7710",micro,http://www.dragasbrewing.com
"Drakes Brewing Co","1933 Davis St Ste 177","San Leandro",CA,94577-1256,"(510) 568-2739",regional,http://www.drinkdrakes.com
"Draughtsman Brewery",,"La Mirada",CA,90638-3454,,planning,http://www.draughtsman-brewing.com
"Dry River Brewing",,"Los Angeles",CA,90026-5839,,planning,http://www.dryriverbrewing.com
"Duck Foot Brewing Co.","8920 Kenamar Dr Ste 210","San Diego",CA,92121-2454,,micro,http://www.duckfootbeer.com
"Dude's Brewing Co","1840 W 208th St",Torrance,CA,90501-1807,,micro,http://www.thedudesbrew.com
"Dunbar Brewing","2200 El Camino Real","Santa Margarita",CA,93453-8668,"(805) 704-9050",micro,
"Dunsmuir Brewery Works","5701 Dunsmuir Ave",Dunsmuir,CA,96025-2008,"(530) 235-1900",brewpub,http://www.dunsmuirbreweryworks.com
"Dust Bowl Brewing Co","200 W Main St Ste K",Turlock,CA,95380-4850,"(209) 634-1934",micro,http://www.dustbowlbrewing.com
"Dutch's BrewHouse",,"Long Beach",CA,90807-2802,,planning,http://www.dutchsbrewhouse.com
"Dying Vines LLC","95 Linden St Ste 8",Oakland,CA,94607-2516,,contract,http://www.dyingvines.com
"Dynamic Brewing LLC","5358 Basel Dr",Wrightwood,CA,92397,"(760) 680-7584",contract,http://www.dynamicbrewing.com
"E.J. Phair Brewing Co","2151 Salvio St Ste L",Concord,CA,94520-2470,"(925) 680-4253",micro,http://www.ejphair.com
"E.J. Phair Brewing Co.","300 Cumberland St.",Pittsburg,CA,94565-2209,"(925) 252-9895",micro,http://www.ejphair.com
"Eagle Rock Brewery","3056 Roswell St","Los Angeles",CA,90065-2214,,micro,http://www.eaglerockbrewery.com
"Ebullition Brew Works",,Temecula,CA,92592,,planning,
"Eckert Malting and Brewing Co","2280 Ivy St Ste 130",Chico,CA,95928-8000,"(530) 342-2320",micro,http://www.eckertmaltingandbrewing.com
"Eel River Brewing Co","1777 Alamar Way",Fortuna,CA,95540-9548,"(707) 725-2739",micro,http://www.eelriverbrewing.com
"Eight Bridges Brewing","332 Earhart Way",Livermore,CA,94551-9309,"(925) 961-9160",micro,http://www.8bridgesbrewing.com
"El Dorado Brewing Co",,Camino,CA,95709,"(530) 620-4253",planning,http://www.eldobrew.com/eldobrew
"El Segundo Brewing Co","140 Main St","El Segundo",CA,90245-3801,"(310) 529-3882",micro,http://www.elsegundobrewing.com
"El Toro Brewing Co","17370 Hill Rd","Morgan Hill",CA,95037-9704,"(408) 778-2739",micro,
"El Toro Brewpub","17605 Monterey Rd","Morgan Hill",CA,95037-3620,"(408) 782-2739",brewpub,
"Electric Brewing Co","41537 Cherry St.",Murrieta,CA,92562-9193,"(951) 696-2266",micro,http://www.electricbrewco.com
"Elevation 66 Brewing Co","10082 San Pablo Ave","El Cerrito",CA,94530-3927,"(530) 848-9176",brewpub,http://www.elevation66.com
"Elizabeth Street Brewery",,"San Francisco",CA,94114,,planning,http://www.elizabethstreetbrewery.com
"Enegren Brewing Co","444 Zachary St, Unit 120",Moorpark,CA,93021,"(805) 552-0602",micro,http://www.enegrenbrewing.com
"English Ales Brewery","223 Reindollar Ave Ste A",Marina,CA,93933-3851,"(831) 883-3000",micro,http://www.englishalesbrewery.com
"Escape Craft Brewery","721 Nevada St Ste 401",Redlands,CA,92373-8053,"(909) 713-3727",micro,http://www.escapecraftbrewery.com
"Etna Brewing Co LLC","131 Callahan Street",Etna,CA,96027,"(530) 467-5277",micro,http://www.etnabrew.com
"Evans Brewing Co","3815 S Main Street","Santa Ana",CA,92707,"(949) 442-7565",micro,http://www.bayhawkales.com
"Faction Brewing Co","2501 Monarch St Ste 200",Alameda,CA,94501-5098,"(510) 523-2739",micro,http://www.factionbrewing.com
"Fall Brewing Company","4542 30th St","San Diego",CA,92116-4247,,micro,http://www.fallbrewing.com
"Fall River Brewing Company","1030 E Cypress Ave",Redding,CA,96002-1113,,micro,http://www.fallriverbrewing.com
"Fallbrook Brewing Co","116 W Hawthorne St",Fallbrook,CA,92028-2053,,micro,http://www.fallbrookbrewing.com
"Farm Creek Brewing Company",,"Walnut Creek",CA,94596-7689,,planning,
"Faultline Brewing Co","1235 Oakmead Pkwy",Sunnyvale,CA,94085-4040,"(408) 736-2739",brewpub,
"Feather Falls Brewing Co","3 Alverda Dr",Oroville,CA,95966-9379,"(530) 534-4059",brewpub,http://www.featherfallscasino.com
"Feather River Brewing Co","PO Box 443 14665 Forest Ridge Rd",Magalia,CA,95954-0443,"(530) 873-0734",micro,http://www.featherriverbrewing.com
"Federation Brewing","420 3rd Street Unit A",Oakland,CA,94607-3809,,contract,http://www.federationbrewing.com
"Fieldwork Brewing Co","1160 6th St",Berkeley,CA,94710,"(510) 898-1203",micro,http://www.fieldworkbrewing.com
"FiftyFifty Brewing Co","11197 Brockway Rd Spc 1",Truckee,CA,96161-3352,,brewpub,http://www.fiftyfiftybrewing.com
"Figueroa Mountain Brewing","45 Industrial Way",Buellton,CA,93427-9565,"(805) 694-2252",micro,http://www.figmtnbrew.com
"Figueroa Mountain Brewing","137 Anacapa St Ste F","Santa Barbara",CA,93101-1848,"(805) 886-9275",micro,http://www.figmtnbrew.com
"Figueroa Mountain Brewing","30770 Russell Ranch Rd Ste E & F","Westlake Village",CA,91362-6314,"(805) 886-9275",micro,http://www.figmtnbrew.com
"Figueroa Mountain Brewing","1462 E. Grand Ave.","Arroyo Grande",CA,93420-2448,"(805) 886-9275",brewpub,http://www.figmtnbrew.com
"Firehouse Brewing Co",,Alpine,CA,91901-3742,"(619) 445-2186",planning,
"Firehouse Grill & Brewery","111 S Murphy Ave",Sunnyvale,CA,94086-6113,"(408) 773-9500",brewpub,http://www.firehousegrill.com
"Fireman's Brew","6433 Topanga Canyon Blvd # 189","Woodland Hills",CA,91303-2621,"(818) 883-2739",contract,http://www.firemansbrew.com
"Firestone Walker Barrelworks","620 McMurray Rd",Buellton,CA,93427-2511,"(805) 686-1557",micro,http://www.firestonewalker.com
"Firestone Walker Brewing Co","1400 Ramada Dr","Paso Robles",CA,93446-3993,"(805) 225-5911",regional,http://www.firestonebeer.com
"Five Threads Brewing Company",,"Thousand Oaks",CA,91362-4525,,planning,
"Fogbelt Brewing Co","1305 Cleveland Ave","Santa Rosa",CA,95401-4211,"(707) 978-3400",brewpub,http://www.fogbeltbrewing.com
"Foglight Brewing",,,,,,planning,
"Fort Point Beer Company","644 Mason St","San Francisco",CA,94129-1600,"(415) 906-4021",micro,http://www.fortpointbeer.com
"Fossil Fuels Brewing Co",,Fremont,CA,94539-6848,"(510) 381-5739",planning,http://www.fossilfuelsbrewingco.com
"Four Sons Brewing","18421 Gothard St Ste 100","Huntington Beach",CA,92648-1236,"(714) 421-0137",micro,http://www.foursonsbrewing.com
"FreeWheel Brewing Co","3736 Florence St (Marsh Manor)","Redwood City",CA,94063-4418,"(650) 365-2337",brewpub,http://www.freewheelbrewing.com
"Full Circle Brewing Co","620 F St",Fresno,CA,93706-3413,"(559) 264-6323",brewpub,http://www.fullcirclebrewing.com
"Garage Brewing Company & Pizzeria","29115 Old Town Front St",Temecula,CA,92590-2812,"(951) 587-2537",brewpub,http://www.garagebrewpizza.com
"Ghost Town Brewing","2640 Union St",Emeryville,CA,94608,,micro,http://www.ghosttownbrewing.com
"GoatHouse Brewing Co.","600 Wise Rd",Lincoln,CA,95648-8518,"(916) 740-9100",micro,http://www.goathousebrewing.com
"Gold Hill Brewery","5660 Vineyard Ln",Placerville,CA,95667-9330,"(530) 626-6522",micro,http://www.goldhillvineyard.com
"Golden Gate Brewing Co",,Oakland,CA,94610-2626,"(510) 715-0241",contract,http://www.goldengatebrewingco.com
"Golden Road Brewing","5410 W San Fernando Rd","Los Angeles",CA,90039-1015,"(213) 542-6039",regional,http://www.goldenroad.la
"Gordon Biersch Brewery Restaurant - Burbank","145 S San Fernando Blvd",Burbank,CA,91502-1322,"(818) 569-5240",brewpub,http://www.gordonbierschrestaurants.com
"Gordon Biersch Brewery Restaurant - Palo Alto","640 Emerson St","Palo Alto",CA,94301-1609,"(650) 323-7723",brewpub,http://www.gordonbierschrestaurants.com
"Gordon Biersch Brewery Restaurant - San Diego","5010 Mission Center Rd","San Diego",CA,92108-3211,"(619) 688-1120",brewpub,http://www.gordonbierschrestaurants.com
"Gordon Biersch Brewery Restaurant - San Jose","33 E San Fernando St","San Jose",CA,95113-2508,"(408) 294-6785",brewpub,http://www.gordonbierschrestaurants.com
"Gordon Biersch Brewery Restaurant -Roseville - GB Tavern","1151 Galleria Blvd. Space 9211",,,,"(916) 772-2739",brewpub,
"Gordon Biersch Brewing Co","357 E Taylor St","San Jose",CA,95112-3105,"(408) 278-1008",regional,http://www.gordonbiersch.com
"Granite Pass Brewing",,Venice,CA,90291,,planning,
"Great Beer Co","21119 Superior St",Chatsworth,CA,91311-4309,"(818) 718-2739",contract,http://www.greatbeerco.com
"Green Flash Brewing Co","6550 Mira Mesa Blvd","San Diego",CA,92121-4100,"(858) 622-0085",regional,http://www.greenflashbrew.com
"Grillin & Chillin Alehouse","401 McCray St # B24",Hollister,CA,95023-4096,"(831) 637-2337",brewpub,http://www.relaxgrillinchillin.com
"Groundswell Brewing Co","6304 Riverdale St","San Diego",CA,92120-3310,,micro,
"Guadalupe Brewery","5674 El Camino Real, Suite D",Carlsbad,CA,92008-7130,"(858) 751-4278",micro,http://www.guadalupebrewery.com
"Gyppo Ale Mill",,Whitethorn,CA,95589-0627,"(707) 223-3443",planning,
"Half Door Brewing Company",,"San Diego",CA,92101-6926,,planning,http://www.halfdoorbrewing.com/
"Half Moon Bay Brewing Co","PO Box 879","El Granada",CA,94018-0879,"(650) 728-2739",brewpub,http://www.hmbbrewingco.com
"Hamilton Family Brewery","9757 Seventh St, Suite 802","Rancho Cucamonga",CA,91730-5297,"(909) 261-2870",micro,http://www.hamiltonfamilybrewery.com
"Hand-Brewed Beer","9771 Variel Ave",Chatsworth,CA,91311-4315,"(818) 920-8422",micro,http://www.handbrewedbeer.com
"Handcraft Brewing","9183 Survey Rd Ste 104","Elk Grove",CA,95624-9712,"(916) 525-2739",contract,http://www.handcraftbrewing.com
"Hangar 24 Craft Brewery","1710 Sessums Dr",Redlands,CA,92374-1909,"(909) 389-1400",regional,http://www.hangar24brewery.com
"Hansa Brewing Co.",,Venice,CA,90291-5638,"(310) 399-4343",planning,
"Harmonic Brewing",,"San Francisco",CA,94110-4316,,planning,
"Head Brewing Co - Planning",,Burbank,CA,91502-1847,,planning,
HeadBrewers,,Hawthorne,CA,90250,,micro,
"Headlands Brewing Company","16 Forrest St","Mill Valley",CA,94941-2003,"(415) 890-4226",contract,http://www.headlandsbrewing.com
"Healdsburg Beer Co","1670 Stirrup Loop",Healdsburg,CA,95448-7048,"(707) 385-9385",micro,http://www.healdsburgbeercompany.com
"Helm's Brewing Company, LLC","5640 Kearny Mesa Rd Ste C","San Diego",CA,92111-1312,"(858) 384-2772",micro,http://www.helmsbrewingco.com
"HenHouse Brewing","1326 Ross St Ste D",Petaluma,CA,94954-6545,,proprietor,http://www.henhousebrewing.com
"Heretic Brewing Company","1052 Horizon Dr Ste B",Fairfield,CA,94533-1694,,micro,http://www.hereticbrewing.com
"Hermitage Brewing Company","1627 S 7th St","San Jose",CA,95112-5932,"(408) 291-2966",micro,http://www.hermitagebrewing.com
"Heroes Restaurant and Brewery","3397 Mission Inn Ave",Riverside,CA,92501-3302,"(951) 248-0722",brewpub,http://www.heroesrestaurantandbrewery.com
"High Water Brewing","1559 W Mendocino Ave",Stockton,CA,95204-2943,"(866) 206-0482",contract,http://www.highwaterbrewing.com
"Highland Park Brewery","5125 York Blvd","Los Angeles",CA,90042-1715,"(323) 739-6459",micro,http://www.thehermosillo.com
"Highway 1 Brewing Company","5720 Cabrillo Hwy",Pescadero,CA,94060-9725,"(650) 455-8946",brewpub,http://www.highway1brewing.com
"Hillcrest Brewing Company","1458 University Ave","San Diego",CA,92103-3405,"(619) 269-4323",brewpub,http://www.hillcrestbrewingcompany.com
"Hoi Polloi Brewpub and Beat Lounge","1763 Alcatraz Ave",Berkeley,CA,94703-2741,"(510) 858-7334",micro,http://www.hoipolloibrewpub.com
"Hollister Brewing Co","6980 Market Place Dr",Goleta,CA,93117-2997,"(805) 968-2810",brewpub,http://www.holisterbrewco.com
"Hollywood Beach Brewing Co","527 N Rice Ave # B",Oxnard,CA,93030-8924,,contract,http://www.hbbrewing.com
"Holy Craft Brewing Co",,,,,"(415) 269-0738",micro,http://www.holycraftbrewery.com
HomegrownUSA,,"Marina Del Rey",CA,90292,,planning,
"Honey Wagon Brewing","365 Enterprise Way Ste G",Tehachapi,CA,93561-1369,"(661) 822-2337",micro,http://www.honeywagonbrewing.com
"Hop Dogma Brewing Company","30 Avenue Portola Suite 1B","El Granada",CA,94018,"(650) 560-8729",micro,http://www.hopdogma.com
"Hop Heavy Brewing Co.",,Antioch,CA,94531-8601,,planning,
"Hoparazzi Brewing Co",,Anaheim,CA,92806,,planning,
"HOPCA Brewing Co. LLC",,"San Luis Obispo",CA,93401,,planning,
"Hoppy Brewing Co","6300 Folsom Blvd",Sacramento,CA,95819-4619,"(916) 451-4677",brewpub,http://www.hoppy.com
"House Of Pendragon Brewing Co","1864 Industrial Way Ste 107",Sanger,CA,93657-8729,"(559) 346-7786",micro,http://www.hopbeer.com
"House of Spirits",,Sacramento,CA,95816,,planning,
"Humboldt Regeneration","2320 Central Ave Ste F",McKinleyville,CA,95519-3682,"(707) 738-8225",micro,http://www.humboldtregeneration.com
"Humboldt Springs Brewing Co",,Eureka,CA,95503-5181,,planning,
"Huntington Beach Beer Co","201 Main St Ste E","Huntington Beach",CA,92648-8110,"(714) 960-5343",brewpub,http://www.hbbeerco.com
"I & I Brewing","5135 Edison Ave Ste 1",Chino,CA,91710-5773,"(909) 591-3915",micro,http://www.iandibrewing.com
"Illumination Brewing Co.",,,,,,planning,
"Independence Brewing Co","444 Harrison St",Oakland,CA,94607,"(510) 698-2337",micro,http://www.independencebrewco.com
"Independent Brewing Co","444 Harrison St",Oakland,CA,94607-4118,"(510) 698-2337",brewpub,http://www.independentbrewing.com
"Indian Joe Brewing","2379 La Mirada Dr",Vista,CA,92081-7863,"(760) 295-3945",micro,http://www.indianjoebrewing.com
"Indian Wells Brewing Co","2565 State Highway 14",Inyokern,CA,93527-2700,"(760) 377-5989",micro,http://www.mojave-red.com
"Inland Empire Brewing Co","1710 Palmyrita Ave Ste 11",Riverside,CA,92507-1627,"(951) 643-7687",micro,
"Inland Wharf Brewing Company",,"Chula Vista",CA,91915-2506,"(951) 795-5260",planning,
"Innovation Brew Works","3650 W Temple Ave",Pomona,CA,91768-2582,"(909) 979-6197",brewpub,http://www.ibrewworks.com
"Institution Ale Company","438 Calle San Pablo",Camarillo,CA,93012-8564,"(805) 482-3777",micro,
"Intergalactic Brewing Co","9835 Carroll Centre Rd Ste 108","San Diego",CA,92126-6507,"(858) 750-0601",micro,http://www.intergalacticbrew.com
"Iron Fist Brewing Co","1305 Hot Spring Way Ste 101",Vista,CA,92081-7876,"(760) 216-6500",micro,http://www.ironfistbrewing.com
"Iron Oak Brewing Co.",,,,,"(925) 487-6984",contract,http://www.ironoakbeer.com
"Iron Springs Pub & Brewery","765 Center Blvd",Fairfax,CA,94930-1764,"(415) 485-1005",brewpub,http://www.ironspringspub.com
"Ironfire Brewing Company","42095 Zevo Dr Unit 1",Temecula,CA,92590-3741,,micro,http://www.ironfirebrewing.com
"Island Brewing Co","5049 6th St",Carpinteria,CA,93013-2001,"(805) 745-8272",micro,http://www.islandbrewingcompany.com
"Jack Russell Farm Ales","2380 Larsen Dr",Camino,CA,95709-9749,"(530) 647-9420",brewpub,http://www.jackrussellbrewing.com
"Jackrabbit Brewing Co","1315 Terminal St","West Sacramento",CA,95691-3514,"(209) 612-0259",micro,http://www.jackrabbitbrewingcompany.com
"Jack's Brewing Co","39176 Argonaut Way",Fremont,CA,94538-1304,"(510) 796-2036",brewpub,
"Jamul Brewing Co.",,Jamul,CA,91935,"(619) 517-9829",micro,http://www.jamulbrewingco.com
"JT Schmids Brewhouse and Eatery","2610 E Katella Ave",Anaheim,CA,92806-5903,"(714) 634-9200",brewpub,http://www.jtschmids.com
"Julian Brewing Co","2315 Main St",Julian,CA,92036,"(760) 765-3757",micro,http://www.baileybbq.com
"June Lake Brewing","131 S Crawford Ave","June Lake",CA,93529,,micro,http://www.junelakebrewing.com
"Karl Strauss Brewing Co","5985 Santa Fe St","San Diego",CA,92109-1623,"(858) 273-2739",regional,http://www.karlstrauss.com
"Karl Strauss Brewing Co - Sorrento Mesa","9675 Scranton Rd","San Diego",CA,92121-1761,"(858) 587-2739",brewpub,http://www.karlstrauss.com
"Karl Strauss Brewing Co - 4S Ranch","10448 Reserve Dr","San Diego",CA,92127-3510,"(858) 273-2739",brewpub,http://www.karlstrauss.com
"Karl Strauss Brewing Co - Carlsbad","5801 Armada Dr",Carlsbad,CA,92008-4609,"(760) 431-2739",brewpub,http://www.karlstrauss.com
"Karl Strauss Brewing Co - Costa Mesa","901 S Coast Dr Ste A","Costa Mesa",CA,92626-7790,"(714) 546-2739",brewpub,http://www.karlstrauss.com
"Karl Strauss Brewing Co - Downtown","1157 Columbia St","San Diego",CA,92101-3511,"(619) 234-2739",brewpub,http://www.karlstrauss.com
"Karl Strauss Brewing Co - La Jolla","1044 Wall St","La Jolla",CA,92037-4437,"(858) 551-2739",brewpub,http://www.karlstrauss.com
"Karl Strauss Brewing Co - Universal CityWalk","1000 Universal Studios Blvd","Universal City",CA,91608-1008,"(818) 753-2739",brewpub,http://www.karlstrauss.com
"Karl Strauss Brewing Co –Temecula","40868 Winchester Rd",Temecula,CA,92591-5521,"(951) 225-7963",brewpub,http://www.karlstrauss.com
"Kelsey Creek Brewing","3945 Main St",Kelseyville,CA,95451-7424,"(707) 279-2311",micro,http://www.kelseycreekbrewing.com
"Kern River Brewing Co","13415 Sierra Way",Kernville,CA,93238-9714,"(760) 376-2337",brewpub,http://www.kernriverbrewingcompany.com
"Kilowatt Brewing","7576 Clairemont Mesa Blvd.","San Diego",CA,92111-1504,"(858) 715-3998",micro,http://www.kilowatt.beer
"Kinetic Brewing Company","735 W Lancaster Blvd",Lancaster,CA,93534-3118,"(661) 942-2337",brewpub,http://www.kineticbrewing.com
"King Harbor Brewing Co","2907 182nd St","Redondo Beach",CA,90278-3922,"(310) 542-8657",micro,http://www.kingharborbrewing.com
"KnB Cellars & Brewery",,"San Diego",CA,92120-4703,"(619) 286-0321",planning,http://www.knbwinecellars.com
"Knee Deep Brewing Co.","13395 New Airport Rd Ste H",Auburn,CA,95602-7419,"(775) 750-8028",micro,http://www.kneedeepbrewing.com
"Kuracali Inc","175 Bosstick Blvd #104","San Marcos",CA,92069-5938,,micro,http://www.blog.kuracali.com
"La Jolla Brewing Company","7536 Fay Ave","La Jolla",CA,92037-4839,"(858) 246-6759",brewpub,http://www.lajollabeer.com
"La Quinta Brewing Co","77917 Wildcat Dr","Palm Desert",CA,92211-1159,"(760) 200-2597",micro,http://www.laquintabrewing.com
"LAB Brewing Co","30105 Agoura Rd","Agoura Hills",CA,91301-2003,"(818) 735-0091",brewpub,http://www.labbrewingco.com
"Ladyface Ale Companie, LLC","29281 Agoura Rd","Agoura Hills",CA,91301-2597,"(818) 477-4566",brewpub,http://www.ladyfaceale.com
"Lagunitas Brewing Co","1280 N McDowell Blvd",Petaluma,CA,94954-1113,"(707) 769-4495",regional,http://www.lagunitas.com
"Lassen Ale Works @ The Pioneer Saloon","724 Main St",Susanville,CA,96130-4330,"(530) 257-7666",brewpub,http://www.lassenaleworks.com
"Latitude 33 Brewing Co","1430 Vantage Ct Ste 104",Vista,CA,92081-8545,"(760) 598-2337",micro,http://www.lat33brew.com
"Lazy Daze Brewery","711 Pleasant Grove Blvd",Roseville,CA,95678-6160,"(916) 780-7600",brewpub,http://www.maryspizzashack.com
"Left Coast Brewing & Oggis Pizza","1245 Puerta del Sol","San Clemente",CA,92673-6310,"(949) 361-9972",micro,http://www.leftcoastbrewing.com
"Legacy Brewing Company","363 Airport Rd",Oceanside,CA,92058-1203,"(760) 705-3221",micro,http://www.legacybrewingco.com
"Legend Beverage, Inc","3100 Airway Ave Ste 138","Costa Mesa",CA,92626-4614,"(888) 327-0202",contract,http://www.legendsbeer.com
"Lengthwise Brewing Co","6720 Schirra Ct",Bakersfield,CA,93313-2132,"(661) 836-2537",brewpub,http://www.lengthwise.com
"Lewis Beer Co","42319 Winchester Rd Ste C",Temecula,CA,92590-4869,"(951) 219-8473",micro,http://www.lewisbeer.com
"Libertine Pub","801 Embarcadero","Morro Bay",CA,93442-2147,"(805) 772-0700",brewpub,http://www.thelibertinepub.com
"Lightning Brewery","13200 Kirkham Way Ste 105",Poway,CA,92064-7126,"(858) 513-8070",micro,http://www.lightningbrewery.com
"Lincoln Court Brewery","1061 Lincoln Ct","San Jose",CA,95125-2638,"(408) 348-4589",micro,http://www.lincolncourtbrewery.com
"Linden Street Brewery","95 Linden St Ste 8",Oakland,CA,94607-2516,"(510) 812-1264",micro,http://www.lindenbeer.com
"Local Brewing Co","69 Bluxome St","San Francisco",CA,94107-1605,,micro,http://www.localbrewingco.com
"Lockdown Brewing Co","11327 Trade Center Dr #350","Rancho Cordova",CA,95742-6285,"(916) 835-7416",micro,http://www.lockdownbrewingcompany.com
"Lodi Beer Company","105 S School St",Lodi,CA,95240-3509,"(209) 368-2964",brewpub,http://www.lodibeercompany.com
"Longship Brewing Company",,"San Diego",CA,92121-3105,,planning,
"Loomis Basin Brewing Co","3277 Swetzer Rd",Loomis,CA,95650-7607,"(916) 259-2739",micro,http://www.loomisbasinbrewing.com
"Los Angeles Ale Works",,,,,,contract,http://www.losangelesaleworks.com
"Los Gatos Brewing Co","130 N Santa Cruz Ave Ste G","Los Gatos",CA,95030-5949,"(408) 395-9929",brewpub,http://www.lgbrewingco.com
"Lost Coast Brewery and Cafe","123 W 3rd St",Eureka,CA,95501-0222,"(707) 445-4484",regional,http://www.lostcoast.com
"M Special Brewing Company",,Goleta,CA,93117,,planning,
"MacLeod Ale Brewing Company, LLC","14741 Calvert St","Van Nuys",CA,91411-2706,"(818) 631-1963",micro,http://www.macleodale.com
"Mad Fritz","393 La Fata","Saint Helena",CA,94574,"(707) 968-5058",micro,http://www.madfritz.com
"Mad River Brewing Co","195 Taylor Way","Blue Lake",CA,95525,"(707) 668-4151",micro,http://www.madriverbrewing.com
Madewest,,Ventura,CA,93003-5673,,planning,http://www.madewest.com
"Magnetic Brewing",,"San Diego",CA,92117,,planning,
"Magnolia Brewing Company","1398 Haight St","San Francisco",CA,94117-2909,"(415) 864-7468",brewpub,http://www.magnoliapub.com
"Main Street Brewery/Lamppost Pizza",,Corona,CA,92880-2028,"(951) 371-1471",planning,http://www.mainstreetbrewery.com
"Mammoth Brewing","PO Box 611 94 Berner St. Unit B /","Mammoth Lakes",CA,93546-0611,"(760) 934-7141",micro,http://www.mammothbrewingco.com
"ManRock Brewing","191 S Oak Park Blvd Ste 3","Grover Beach",CA,93433-2265,,micro,http://www.manrockbrewing.com
"Mare Island Brewing Co.","289 Mare Island Way",Vallejo,CA,94590-5801,"(707) 556-3000",micro,http://www.mareislandbrewingco.com
"Marin Brewing Co","1809 Larkspur Landing Cir",Larkspur,CA,94939-1801,"(415) 461-4677",brewpub,http://www.marinbrewing.com
"MBF Brewing Co",,Seaside,CA,93955-3539,"(831) 521-7921",contract,
"Menagerie Brewing Company",,Lodi,CA,95242,,planning,
"Mendocino Brewing Co","1601 Airport Rd",Ukiah,CA,95482-6456,"(707) 463-2627",regional,http://www.mendobrew.com
"Midnight Jack Brewing Company",,Oceanside,CA,92058,,planning,http://www.midnightjackbrewing.com
"Mike Hess Brewing","7955 Silverton Ave Ste 1201","San Diego",CA,92126-6357,"(619) 887-6453",micro,http://www.hessbrewing.com
"Mike Hess Brewing - North Park","3812 Grim Ave","San Diego",CA,92104-3602,"(619) 255-7136",micro,
"Mill Valley Beer Works","173 Throckmorton Ave","Mill Valley",CA,94941-1909,,brewpub,http://www.millvalleybeerworks.com
"MillerCoors Brewing Co - Irwindale","15801 1st St",Irwindale,CA,91706-2069,"(626) 969-6225",large,http://www.millerbrewing.com
"Miner’s Alley Brewing Company","2053 Montgomery St",Oroville,CA,95965-4947,"(530) 693-4388",brewpub,http://www.minersalleybrewingco.com
"Mission Brewery","1441 L St","San Diego",CA,92101-8967,"(619) 544-0555",micro,http://www.missionbrewery.com
"Mission Creek Brewing Co.","777 The Alameda","San Jose",CA,95126-3155,"(408) 207-1126",brewpub,http://www.missioncreekbrewingco.com
"Modern Times Beer","3725 Greenwood St","San Diego",CA,92110-4441,,micro,http://www.moderntimesbeer.com
"Moksha Beer","PO Box 54279","San Jose",CA,95154-0279,"(415) 729-5796",contract,http://www.mokshabeer.com
"Molly Pitcher's Brewing Co","6760 El Camino Real",Atascadero,CA,93422-4205,"(805) 460-6454",micro,http://www.mollypitcher.net
"Monkey Paw Brewing","807 16th St","San Diego",CA,92101-6610,,brewpub,http://www.monkeypawbrewing.com
"Monkish Brewing Co","20311 S Western Ave",Torrance,CA,90501-1504,"(310) 295-2157",micro,http://www.monkishbrewing.com
"Monk's Cellar","240 Vernon St",Roseville,CA,95678-2633,"(916) 786-6665",brewpub,http://www.monkscellar.com
"Monterey Coast Brewing","202 San Benancio Rd",Salinas,CA,93908-9124,"(831) 772-9664",brewpub,http://www.montereycoastbrewing.com
"Moonlight Brewing Co","PO Box 6",Fulton,CA,95439-0006,"(707) 528-2537",micro,http://www.moonlightbrewing.com
"Mother Earth Brew Co LLC","2055 Thibodo Rd Ste H",Vista,CA,92081-7991,"(760) 599-4225",micro,http://www.motherearthbrewco.com
"Moto Brewer - Brewery In Planning - San Francisco",,"San Francisco",CA,94112-1330,,planning,http://www.motobrewer.com
"Mount Shasta Brewing Co","360 College Ave",Weed,CA,96094-2706,"(530) 938-2394",micro,http://www.weedales.com
"Mountain Rambler Brewery","186 S Main St",Bishop,CA,93514-3415,"(760) 258-1348",brewpub,http://www.mountainramblerbrewery.com
"Mountain Sirens Brewing",,Hayfork,CA,96041-0942,,planning,
"Moylan's Brewery & Restaurant","15 Rowland Way",Novato,CA,94945-5001,"(415) 898-4677",micro,http://www.moylans.com
"Mraz Brewing Company","2222 Francisco Dr Ste 510","El Dorado Hills",CA,95762-3766,"(916) 934-0744",micro,http://www.mrazbrewingcompany.com
"Mt. Lowe Brewing Company",,Arcadia,CA,91006,,planning,http://www.mtlowebrewing.com
"Mujicians Brewing Co",,"San Francisco",CA,94103-1314,,planning,
"Mumford Brewing Company","416 Boyd Street","Los Angeles",CA,90013-1631,,micro,
"Napa Smith Brewery & Winery","1 Executive Way",Napa,CA,94558-6271,"(707) 255-2912",micro,http://www.napasmithbrewery.com
"Napa Valley Brewing Co/ Calistoga Inn","1250 Lincoln Ave",Calistoga,CA,94515-1741,"(707) 942-4101",brewpub,http://www.napabeer.com
"New Bohemia Brewing Co","1030 41st Ave","Santa Cruz",CA,95062-4447,"(831) 350-0253",brewpub,http://www.nubobrew.co
"New English Brewing Co Inc","11545 Sorrento Valley Rd Ste 305","San Diego",CA,92121-1322,"(619) 857-8023",micro,http://www.newenglishbrewing.com
"New Glory Craft Brewery","8251 Alpine Ave",Sacramento,CA,95826-4708,"(916) 760-8306",micro,http://www.newglorybeer.com
"New Helvetia Brewing Company","1730 Broadway",Sacramento,CA,95818-2320,"(916) 469-9889",micro,http://www.newhelvetiabrew.com
"New Normal Brewing",,Oakland,CA,94609-2405,,planning,
"Newport Beach Brewing Co","2920 Newport Blvd Frnt","Newport Beach",CA,92663-3758,"(949) 675-8449",brewpub,http://www.nbbrewco.com
"Nickel Brewing Co","1485 Hollow Glen Rd",Julian,CA,92036,"(760) 765-2337",micro,http://www.nickelbeerco.com
"No Clue Craft Brewery","9037 Arrow Route #170","Rancho Cucamonga",CA,91730-4433,"(909) 989-2394",micro,http://www.nocluebrew.com
"Noble Ale Works","1621 S Sinclair St Ste B",Anaheim,CA,92806-5947,"(714) 634-2739",micro,http://www.noblealeworks.com
"North Coast Brewing Co Inc.","455 N Main St","Fort Bragg",CA,95437-3215,"(707) 964-2739",regional,http://www.northcoastbrewing.com
"North Park Beer Co.",,"San Diego",CA,92104,,planning,http://www.northparkbeerco.com
"Novo Brazil Brewing Company","901 Lane Ave. #100","Chula Vista",CA,91914-3501,"(619) 869-4274",micro,http://www.novobrazilbrewing.com
"Oak Hills Brewing","12221 Poplar St Ste 3",Hesperia,CA,92344-9287,"(760) 244-8278",micro,http://www.oakhillsbrewing.com
"Oak Park Brewing Co","3514 Broadway",Sacramento,CA,95817-2825,"(916) 660-2723",brewpub,http://www.opbrewco.com
"Oakland Brewing Co","1010 22nd Ave",Oakland,CA,94606-5205,"(510) 415-8771",contract,http://www.oaklandbrewing.com
"Ocean Avenue Restaurant and Brewing Co","237 Ocean Ave","Laguna Beach",CA,92651-2106,"(949) 497-3381",brewpub,http://www.oceanbrewing.com
"Oceanside Ale Works","1800 Ord Way",Oceanside,CA,92056-1502,"(760) 721-4253",micro,http://www.oceansidealeworks.net
"Odonata Beer Co",,,,,,contract,http://www.odonatabeer.com
"Off the Grid Brewing Co","1710 Palmyrita Ave Ste 11",Riverside,CA,92507-1627,"(909) 648-0781",micro,http://www.otgbrew.com
"Offbeat Brewing Co","1223 Pacific Oaks Pl Ste 101",Escondido,CA,92029-2913,"(760) 613-9272",micro,http://www.offbeatbrewing.com
"Oggis Pizza & Brewing Co - Apple Valley","19201 Bear Valley Rd Ste D","Apple Valley",CA,92308-2704,"(760) 792-2622",brewpub,http://www.oggis.com
"Oggis Pizza & Brewing Co - Carmel Mountain Ranch","10155 Rancho Carmel Dr","San Diego",CA,92128-3609,"(858) 592-7883",brewpub,http://www.oggis.com
"Oggis Pizza & Brewing Co - Mission Valley","2245 Fenton Pkwy Ste 108 Fenton Marketplace","San Diego",CA,92108-4737,"(619) 640-1072",brewpub,http://www.oggis.com
"Ohana Brewing Co","1756 E 23rd St","Los Angeles",CA,90058-1012,"(213) 748-2337",micro,http://www.ohanabrew.com
"Ol' Republic Brewery","124 Argall Way","Nevada City",CA,95959-3002,"(530) 263-2718",micro,http://www.olrepublicbrewery.com
"Old Bus Tavern",,"San Francisco",CA,94110-4515,,planning,http://www.oldbusbrewing.com
"Old Hangtown Beer Works","1117 Elm Ave",Placerville,CA,95667-4711,"(530) 919-5166",micro,http://www.oldhangtownbeerworks.com
"Old Orange Brewing Co","1444 N Batavia St",Orange,CA,92867-3505,"(714) 744-8410",micro,http://www.oldorangebrewing.com
"Old Stump Brewery",,Pomona,CA,91767-1854,,planning,http://www.oldstumpbrewery.com
"O'Meara Bros. Brewing Company","901 Bevins St",Lakeport,CA,95453-8778,"(707) 262-1234",brewpub,http://www.omearabros.com
"On The Tracks Brewing","5674 El Camino Real Ste G",Carlsbad,CA,92008-7130,"(760) 550-9688",micro,http://www.ottbrew.com
"Orange County Brewing Company",,Oceanside,CA,92056,,planning,
"O'Sullivan Bros. Brewing Co.","9879 Hibert Street Ste F","San Diego",CA,92131,"(858) 577-0350",micro,http://www.osullivan-brothers.com
"Out of Bounds Brewing Company","4480 Yankee Hill Rd Ste 100",Rocklin,CA,95677-1633,"(916) 259-1511",micro,http://www.outofboundsbrewing.com
"Pabst Brewing Co (Corp office)","10635 Santa Monica Blvd Ste 350","Los Angeles",CA,90025-4885,"(310) 470-0962",contract,http://www.pabst.com
"Pac City Brewery","12780 Pierce St Ste 5",Pacoima,CA,91331-7417,"(818) 272-3661",micro,http://www.paccitybrewery.com
"Pacific Beach Ale House","721 Grand Ave","San Diego",CA,92109-3905,"(858) 581-2337",brewpub,http://www.pbalehouse.com
"Pacific Brew Lab","111 Industrial Way",Belmont,CA,94002-8202,"(415) 937-7843",contract,http://www.pacbrewlab.com
"Pacific Brewing Company","8680 Miralani Dr","San Diego",CA,92126-6300,"(303) 819-7086",micro,http://www.pacificbrewingco.com
"Pacific Coast Brewing Co","906 Washington St",Oakland,CA,94607-4032,"(510) 836-2739",brewpub,http://www.pacificcoastbrewing.com
"Pacific Ink Brewery",,,,,,planning,
"Pacific Plate Brewing Co","1999 S Myrtle Ave",Monrovia,CA,91016-4854,"(626) 239-8456",micro,http://www.pacificplatebrewing.com
"Packinghouse Brewing Co, The","6421 Central Ave Ste 101",Riverside,CA,92504-1450,"(951) 990-9552",micro,http://www.pbbeer.com
"Palo Alto Brewing Co","1080B La Avenida St","Mountain View",CA,94043-1422,,contract,http://www.paloaltobrewing.com
"Paperback Brewing Company",,"Woodland Hills",CA,91367-2912,,planning,
"Petaluma Hills Brewing Co","1333 N McDowell Blvd Ste A",Petaluma,CA,94954-7106,"(707) 766-4458",micro,http://www.petalumahills.com
"Peter B's Brewpub","2 Portola Plz",Monterey,CA,93940-2419,"(831) 649-2699",brewpub,http://www.portolahotel.com
"Phantom Ales","1211 N Las Brisas St",Anaheim,CA,92806-1823,"(714) 630-9463",brewpub,http://www.phantomales.com
"Phantom Carriage Brewery","18525 S Main St",Gardena,CA,90248-4611,,brewpub,http://www.phantomcarriage.com
"Phantom Coast Gastropub & Brewery",,Burlingame,CA,94012,,planning,
"Pine Street Brewery",,"San Francisco",CA,94109-4929,"(415) 744-4062",micro,http://www.pinestreetbrewery.com
"Pismo Brewing Co","355 Pomeroy Ave","Pismo Beach",CA,93449-2521,"(805) 295-6200",micro,http://www.pismobrew.com
"Pizza Orgasmica and Brewing Co","812 4th St","San Rafael",CA,94901-3224,"(415) 457-2337",brewpub,http://www.pizzaorgasmica.com
"Pizza Port - Bressi Ranch","2730 Gateway Rd",Carlsbad,CA,92009-1730,"(760) 707-1655",micro,http://www.pizzaport.com
"Pizza Port Carlsbad","PO Box 1697",Carlsbad,CA,92018-1697,"(760) 720-7007",brewpub,http://www.pizzaport.com
"Pizza Port Ocean Beach","1956 Bacon St","San Diego",CA,92107-2844,"(619) 224-4700",brewpub,http://www.pizzaport.com
"Pizza Port San Clemente","301 N El Camino Real","San Clemente",CA,92672-4716,"(949) 940-0005",brewpub,http://www.pizzaport.com
"Pizza Port Solana Beach","135 N Highway 101","Solana Beach",CA,92075-1128,"(858) 481-7332",brewpub,http://www.pizzaport.com
"Placerville Brewing Co","155 Placerville Dr",Placerville,CA,95667-3909,"(530) 295-9166",brewpub,http://www.placervillebrewing.com
"Plan 9 Alehouse","155 E Grand Ave",Escondido,CA,92025-2701,"(760) 489-8817",brewpub,http://www.plan9alehouse.com
"Pleasant Street Brewhouse",,"Santa Paula",CA,93060,,planning,
"Pleasanton Main St Brewery","830 Main St Frnt",Pleasanton,CA,94566-6652,"(925) 462-8218",brewpub,http://www.mainstbrewery.com
"Poor House Brewing","4494 30th St","San Diego",CA,92116-4287,"(619) 786-4409",micro,http://www.poorhousebrew.com
"Port Brewing Co / The Lost Abbey","155 Mata Way Ste 104","San Marcos",CA,92069-2983,"(800) 918-6816",micro,http://www.portbrewing.com
"Port O'Pints Brewing Co.",,"Crescent City",CA,95531-8810,,planning,
"Port Town Brewing Co.","331 W 6th St.","San Pedro",CA,90731-3317,,micro,http://www.porttownbrewing.com
"Poseidon Brewing Company","5777 Olivas Park Dr Unit Q",Ventura,CA,93003-7928,"(805) 477-0239",micro,http://www.poseidonbrewingco.com
"Prodigy Brewing Company","6162 Mission Gorge Rd Ste E","San Diego",CA,92120-3415,"(619) 234-5678",micro,http://www.prodigybrewingcompany.com
"Progress Brewing","1822 Chico Ave","South El Monte",CA,91733-2944,"(626) 840-9600",micro,http://www.progress-brewing.com
"Prohibition Brewing","2004 E Vista Way",Vista,CA,92084-3321,"(760) 295-3525",brewpub,http://www.prohibitionbrewingcompany.com
"Prospectors Brewing Company","5004 Fairgrounds Rd",Mariposa,CA,95338-9435,"(209) 966-3966",micro,http://www.prospectorsbrewingcompany.com
"Pure Order Brewing Co","410 N Quarantina St","Santa Barbara",CA,93103-3119,"(805) 966-2881",micro,http://www.pureorderbrewing.com
"Pyramid Brewery/North American Breweries","901 Gilman St",Berkeley,CA,94710-1423,"(510) 527-9090",regional,http://www.pyramidbrew.com
"Pyramid Brewery/North American Breweries","1410 Locust St","Walnut Creek",CA,94596-4514,"(925) 946-1520",brewpub,
"Quantum Brewing Co","5375 Kearny Villa Rd # 116","San Diego",CA,92123,,micro,http://www.quantumbrewingsd.com
"Red Car Brewery and Restaurant","1266 Sartori Ave",Torrance,CA,90501-2717,"(310) 782-0222",brewpub,http://www.redcarbrewery.com
"Red Mountain Brewery",,Fallbrook,CA,92028-8038,,planning,
"Redwood Curtain Brewing Co","550 S G St Ste 6",Arcata,CA,95521-6683,"(707) 826-7222",micro,http://www.redwoodcurtainbrewing.com
"Reel Brew Co.","PO Box 5309","Sherman Oaks",CA,91413-5309,,contract,
"Refuge Brewery, Inc.","43040 Rancho Way Ste 200",Temecula,CA,92590-5400,"(951) 506-0609",micro,http://www.refugebrewery.com
"Relentless Brewing Co",,Temecula,CA,92590-3404,,planning,http://www.relentlessbrewing.com
"Right Eye Brewing Co","221 Benton Ct","Suisun City",CA,94585-2405,,micro,http://www.righteyebrewing.com
"Riip Beer Company","7272 Saturn Dr Unit # F","Huntington Beach",CA,92647-4478,"(714) 248-6710",micro,http://www.riipbeer.com
"Riley's Brewing Co","28777 Avenue 15 1/2",Madera,CA,93638-2316,"(559) 577-3445",micro,http://www.rileysbrewing.us
"Rincon Brewery","5065 Carpinteria Ave",Carpinteria,CA,93013-2046,"(805) 684-6044",brewpub,http://www.rinconbrewery.com
"Rip Current Brewery","1325 Grand Ave Ste 100","San Marcos",CA,92078-2451,"(760) 481-3141",micro,http://www.ripcurrentbrewing.com
"Rip Current Brewing North Park","4101 30th St","San Diego",CA,92104,"(760) 481-3141",brewpub,http://www.ripcurrentbrewing.com
"Ritual Brewing Co","1315 Research Dr",Redlands,CA,92374-4583,"(909) 478-7800",micro,http://www.ritualbrewing.com
"River City Brewing Co","545 Downtown Plz Ste 1115",Sacramento,CA,95814-3338,"(916) 447-2739",brewpub,http://www.rivercitybrewing.net
"Rock Bottom Brewery - La Jolla","8980 Villa La Jolla Dr","La Jolla",CA,92037-1701,"(858) 450-9277",brewpub,http://www.rockbottom.com
"Rock Bottom Brewery - Long Beach","1 Pine Ave","Long Beach",CA,90802-4759,"(562) 308-2255",brewpub,http://www.rockbottom.com
"Rock Bottom Brewery - San Jose","1875 S Bascom Ave # 700",Campbell,CA,95008-2310,"(408) 377-0707",brewpub,http://www.rockbottom.com
"Rocksteady Brewing Co.","611 Escobar St",Martinez,CA,94553-1111,"(925) 228-8787",brewpub,http://www.creekmonkey.com
"Rocland Beverage Co","1601 Airport Rd",Ukiah,CA,95482-6456,"(707) 657-7721",contract,http://www.asskisserales.com
"Rok House Brewing Co.","1939 W 11th St., Ste A",Upland,CA,91786-3559,"(909) 981-0020",micro,http://www.rokhousebrewing.com
"Roseville Brewing Co","501 Derek Pl",Roseville,CA,95678-7053,"(800) 978-3713",micro,http://www.rosevillebrewingco.com
"Rough Draft Brewing","8830 Rehco Rd Ste D","San Diego",CA,92121-3263,"(858) 453-7238",micro,http://www.roughdraftbrew.com
"Rubicon Brewing Co","885 Stillwater Rd Ste 100","West Sacramento",CA,95605-1647,"(916) 448-7032",micro,
"Rubicon Brewing Co","2004 Capitol Ave",Sacramento,CA,95811-4215,"(916) 448-7032",brewpub,http://www.rubiconbrewing.com
"Ruhstaller Beer","630 K St",Sacramento,CA,95814-3331,"(916) 919-5691",micro,http://www.ruhstallerbeer.com
"Russian River Brewing Co","725 4th St","Santa Rosa",CA,95404-4407,"(707) 545-2337",brewpub,http://www.russianriverbrewing.com
"Russian River Brewing Co - Production","1812 Ferdinand Ct","Santa Rosa",CA,95404-5968,,micro,http://www.russianriverbrewing.com
"Ruth McGowans Brewpub","131 E 1st St",Cloverdale,CA,95425-3701,"(707) 894-9610",brewpub,http://www.ruthmcgowansbrewpub.com
"Saint Archer Brewing Company","9550 Distribution Ave","San Diego",CA,92121-2306,"(858) 225-2337",regional,http://www.saintarcherbrewery.com
"San Diego Brewing Co","10450 Friars Rd Ste L","San Diego",CA,92120-2311,"(619) 284-2739",brewpub,http://www.sandiegobrewing.com
"San Francisco Brewing Co","106 Sanchez St. #5","San Francisco",CA,94114-1348,"(415) 278-2206",contract,http://www.sfbrewingco.com
"San Marcos Brewery and Grill","1080 W San Marcos Blvd Ste 180","San Marcos",CA,92078-4099,"(760) 471-0050",brewpub,
"San Pedro Brewing Co","331 W 6th St","San Pedro",CA,90731-3317,"(310) 831-5663",proprietor,http://www.sanpedrobrewing.com
"Sanctum Brewing Co","560 E Commercial St Unit 21",Pomona,CA,91767-5602,"(626) 848-4644",micro,http://www.sanctumbrewing.com
"Sandude Brewing Co","1401 Freitas Park",Turlock,CA,95380-6254,"(209) 678-1547",micro,
"Santa Barbara Brewing Co","501 State St","Santa Barbara",CA,93101-1601,"(805) 730-1040",brewpub,http://www.sbbrewco.com
"Santa Clara Valley Brewing","101 E Alma Ave","San Jose",CA,95112-5944,"(408) 288-5181",micro,http://www.scvbrewing.com
"Santa Cruz Aleworks","150 Dubois St Ste E","Santa Cruz",CA,95060-2114,"(831) 425-1182",micro,http://www.santacruzaleworks.com
"Santa Cruz Mountain Brewing","402 Ingalls St Ste 27","Santa Cruz",CA,95060-5869,"(831) 425-4900",brewpub,http://www.santacruzmountainbrewing.com
"Santa Maria Brewing Co","112 Cuyama Ln",Nipomo,CA,93444-9058,"(805) 349-2090",micro,
"Santa Monica Brew Works","1920 Colorado Ave Ste C","Santa Monica",CA,90404-3414,"(310) 828-7629",micro,http://www.santamonicabrewworks.com
"Sante Adairius Rustic Ales","103 Kennedy Dr",Capitola,CA,95010-3641,"(831) 345-4867",micro,http://www.rusticales.com
"Schubros Brewery","12893 Alcosta Blvd Ste N","San Ramon",CA,94583-1305,"(925) 327-0700",micro,http://www.schubros.com
"Seabright Brewery","519 Seabright Ave Ste 107","Santa Cruz",CA,95062-3482,"(831) 426-2739",brewpub,http://www.seabrightbrewery.com
"Second Chance Beer Company",,"San Diego",CA,92128-3451,,planning,
"Sequoia Brewing Co - Tower District","777 E Olive Ave",Fresno,CA,93728-3350,"(559) 264-5521",brewpub,http://www.sequoiabrewing.com
"Shadow Puppet Brewing Company",,Livermore,CA,94551-4847,,planning,
"Shady Oak Barrel House","1695 Piner Rd Ste C","Santa Rosa",CA,95403-1920,"(707) 595-8958",micro,
"Shanghai Beer Garden","34 N Palm St",Ventura,CA,93001-2600,"(805) 667-8118",brewpub,http://www.shanghaibg.com
"Shanty Irish Brewing Company","241 S Broadway St","Santa Maria",CA,93455-4657,"(805) 934-3777",brewpub,http://www.rooneysirishpub.net
"Shire Station Brewing Company",,Lemoore,CA,93245-9035,,planning,http://www.shirestation.com
"Shizmo Brewing Co",,"San Jose",CA,95128,"(408) 599-2739",planning,http://www.shizmobrewery.com
"Sierra Nevada Brewing Co","1075 E 20th St",Chico,CA,95928-6722,"(530) 893-3520",regional,http://www.sierranevada.com
"Signal Hill Brewing Company",,Downey,CA,90241,,planning,
"Siskiyou Brew Works","110 Squawvalley Rd",Mccloud,CA,96057,"(530) 925-5894",brewpub,http://www.siskiyoubrewworks.com
"Six Rivers Brewery","1300 Central Ave",McKinleyville,CA,95519-6429,"(707) 839-7580",brewpub,http://www.sixriversbrewery.com
"Skyland Ale Works","109 N Maple St Ste C",Corona,CA,92880-1798,"(951) 817-3037",micro,http://www.skylandaleworks.com
"SLO Brew","1119 Garden St","San Luis Obispo",CA,93401-3525,"(805) 237-8444",brewpub,http://www.slobrewingco.com
"SLO Brewing Co",,"San Luis Obispo",CA,93401,,planning,
"Smith River Brewing Company",,,,,,planning,
"Smog City Brewing","1901 del Amo Blvd Ste B",Torrance,CA,90501-1350,310-320-SMOG,micro,http://www.smogcitybrewing.com
"Snowshoe Brewing Co","2050 Hwy 4",Arnold,CA,95223,"(209) 795-2272",brewpub,http://www.snowshoebrewing.com
"SoCal Beer Company","821 L St",Modesto,CA,95354-0837,"(818) 261-4855",contract,http://www.socalbeercompany.com
"Social Kitchen & Brewery","1326 9th Ave","San Francisco",CA,94122-2309,"(415) 681-0330",brewpub,http://www.socialkitchenandbrewery.com
"Societe Brewing Company","8262 Clairemont Mesa Blvd","San Diego",CA,92111-1702,"(858) 598-5409",micro,http://www.societebrewing.com
"Solarc Brewing","134 S Avenue 57","Los Angeles",CA,90042-4702,"(508) 479-2502",micro,http://www.solarcbrewing.com
"Solvang Brewing Co","1547 Mission Dr",Solvang,CA,93463-2607,"(805) 688-2337",brewpub,http://www.solvangbrewingcompany.com
"Sonoma Brewing Company","50 E Washington St",Petaluma,CA,94952-3115,"(707) 765-9694",brewpub,http://www.dempseys.com
"Sonoma Springs Brewing Co","19449 Riverside Dr Ste 100",Sonoma,CA,95476-6362,"(707) 202-8295",micro,http://www.sonomaspringsbrewery.com
"Sons of Liberty Aleworks","747 Aliso St",Corona,CA,92879-3004,"(951) 278-1760",micro,http://www.solaleworks.com
"South Gate Brewing Co","40233 Enterprise Dr",Oakhurst,CA,93644-8839,"(858) 232-1737",brewpub,http://www.southgatebrewco.com
"South Park Brewing","1517 30th Street","San Diego",CA,92102-1503,"(619) 610-9038",brewpub,http://www.southparkbrewing.com
"Southern Pacific Brewing","620 Treat Ave","San Francisco",CA,94110-2016,"(415) 341-0152",brewpub,http://www.southernpacificbrewing.com
"Southpaw BBQ & Southern Cooking","2170 Mission St","San Francisco",CA,94110-1247,"(415) 934-9300",brewpub,http://www.southpawbbqsf.com
"Speakeasy Ales and Lagers","PO Box 882724","San Francisco",CA,94188-2724,"(415) 642-3371",regional,http://www.goodbeer.com
"Spuds Restaurant and Brew Pub","920 Franklin Blvd",Lemoore,CA,93246-4500,"(559) 998-2214",brewpub,
"St. Florian's Brewery","7704 Bell Rd Ste A",Windsor,CA,95492-8518,"(707) 838-2739",micro,http://www.stfloriansbrewery.com
"Stadium Brewing Co","26731 Aliso Creek Rd Ste C","Aliso Viejo",CA,92656-4811,"(949) 448-9611",brewpub,http://www.stadiumbrewingco.com
"Stadium Pizza - Murrieta","32278 Clinton Keith Rd Ste 101",Wildomar,CA,92595-7314,"(951) 678-7826",brewpub,http://www.stadiumpizza.com
"Star B Ranch & Hop Farm",,Ramona,CA,92065-6714,"(760) 789-8155",planning,
"Stateline Brewery","4118 Lake Tahoe Blvd","South Lake Tahoe",CA,96150-7081,"(530) 542-9000",brewpub,http://www.statelinebrewery.com
"Steel Bonnet Brewing Co",,"Boulder Creek",CA,95006,,planning,
"Steelhead Brewing Co - Burlingame Station","333 California Dr",Burlingame,CA,94010-4114,"(650) 344-6050",brewpub,http://www.steelheadbrewery.com
"Stereo Brewing Co",,Irvine,CA,92620-1866,,planning,http://www.stereobrewing.com
"Stone Brewing Co","1999 Citracado Pkwy",Escondido,CA,92029-4158,"(760) 471-4999",regional,http://www.stonebrewing.com
"Stone Brewing World Bistro & Gardens- Liberty Station","2816 Historic Decatur Rd Ste 116","San Diego",CA,92106-6164,"(619) 269-2200",brewpub,http://www.stonelibertystation.com
"Strand Brewing Co","2352 Telo Ave",Torrance,CA,90505,,micro,http://www.strandbrewing.com
"Street Sign Brewing Co Inc",,Northridge,CA,91325,,planning,http://www.streetsignbrewingcompany.com
"Strike Brewing Co","2099 S 10th St Unit 30","San Jose",CA,95112-4116,"(650) 714-6983",micro,http://www.strikebrewingco.com
"Stumblefoot Brewing","1784 La Costa Meadows Dr Ste 103","San Marcos",CA,92078-5174,,micro,http://www.stumblefoot.com
"Stumptown Brewery","15045 River Rd",Guerneville,CA,95446-8043,"(707) 869-0705",brewpub,
"Sudwerk Brewing Co","2001 2nd St",Davis,CA,95618-5474,"(530) 758-8700",micro,http://www.sudwerkbrew.com
"Sundowner Brewing Co.","30961 Agoura Rd Ste 321","Westlake Village",CA,91361-5686,"(818) 597-9463",micro,http://www.malibusundowner.com
"Surfridge Brewing Company",,"Santa Monica",CA,90403,,planning,http://www.surfridgebrewery.com
"Sutter Buttes Brewing","421 Center St","Yuba City",CA,95991-4505,"(530) 790-7999",brewpub,http://www.sutterbuttesbrewing.com
"T.W. Pitchers Brewing Co",,"San Francisco",CA,94122,,contract,http://www.twpitchers.com
"Tahoe Mountain Brewing Company","475 N. Lake Blvd","Tahoe City",CA,96145,"(530) 581-4677",brewpub,http://www.tahoebrewing.com
"Tahoe Mountain Brewing Company - Truckee","10990 Industrial Way",Truckee,CA,96161-0277,,micro,http://tahoebrewing.com/
"Tanner Jacks","2796 S Halcyon Rd","Arroyo Grande",CA,93420-6514,"(805) 473-8485",brewpub,
"Tap It Brewing Co","675 Clarion Ct Ste 1","San Luis Obispo",CA,93401-8178,"(805) 545-7702",micro,http://www.tapitbrewing.com
"Taps Fish House and Brewery - Brea","101 E Imperial Hwy",Brea,CA,92821-4924,"(714) 257-0101",brewpub,http://www.tapsbrea.com
"Taps Fish House and Brewery - Corona","2745 Lakeshore Dr",Corona,CA,92883-7367,"(951) 277-5800",brewpub,
"Telegraph Brewing Co","418 N Salsipuedes St","Santa Barbara",CA,93103-3127,"(805) 963-5018",micro,http://www.telegraphbrewing.com
"Temblor Brewing Company",,Bakersfield,CA,93308,,planning,http://www.temblorbrewing.com
"Tenacious Brewing Company",,"San Diego",CA,92101,,planning,
"The Bread Agency",,"Corte Madera",CA,94925-1340,"(310) 776-0009",planning,
"The Brewhouse","229 W Montecito St","Santa Barbara",CA,93101-3824,"(805) 963-2739",brewpub,http://www.brewhousesb.com
"The Brewing Lair","67007 CA Hwy 70",Blairsden-Graeagle,CA,96103-1651,"(530) 394-0940",micro,http://www.thebrewinglair.com
"The Fat Cat Beer Co","7979 Ivanhoe Ave., Ste. 555","La Jolla",CA,92037-4570,,contract,http://www.fatcatbeers.com
"The Good Beer Company, Inc.","309 West Fourth Street","Santa Ana",CA,92701-4502,,micro,http://www.thegoodbeerco.com
"The Homebrewer","2911 El Cajon Blvd # 2","San Diego",CA,92104-1204,"(619) 450-6165",micro,http://www.thehomebrewerssd.com
"The Mason Jar Brewing Company","29683 New Hub Drive, Suite A",Menifee,CA,92586-6545,"(951) 244-5277",micro,
"The Neverending Beer Factory",,,,,,planning,http://www.theneverendingbeerfactory.com
"The Rare Barrel","940 Parker St",Berkeley,CA,94710-2524,"(510) 984-6585",micro,http://www.therarebarrel.com
"The Runway By Patrick","2044 Airport Rd",Napa,CA,94558,"(707) 258-6115",brewpub,http://www.therunwaybypatrick.com
"The San Diego Beer Company","602 Broadway","San Diego",CA,92101,"(619) 398-0707",brewpub,http://www.sdbeerco.com
"Third Street Aleworks","610 3rd St","Santa Rosa",CA,95404-4418,"(707) 523-3060",brewpub,http://www.thirdstreetaleworks.com
"Thirsty Bear Brewing Co","661 Howard St","San Francisco",CA,94105-3915,"(415) 974-0905",brewpub,http://www.thirstybear.com
"Thompson Brewing Co","9860 Indiana Ave Ste 8",Riverside,CA,92503-5514,"(951) 956-0480",micro,http://www.thompsonbrewing.com
"Thorn Street Brewery","3174 Thorn St","San Diego",CA,92104-4636,"(619) 501-2739",micro,http://www.thornstreetbrew.com
"Three Forks Bakery & Brewing Company","211 Commercial St","Nevada City",CA,95959-2506,"(530) 470-8333",brewpub,http://threeforksnc.com
"Three Weavers Brewing Company","1031 W Manchester Blvd Unit A-B",Inglewood,CA,90301-1509,"(310) 400-5830",micro,http://www.threeweavers.la
"Tied House Cafe and Brewery-Mtn View","954 Villa St","Mountain View",CA,94041-1236,"(650) 965-2739",brewpub,http://www.tiedhouse.com
"Tilted Mash Brewery",,"Elk Grove",CA,95757,,planning,
"Timeless Pints Brewing Co","3671 Industry Ave Ste C1",Lakewood,CA,90712-4155,"(562) 490-0099",micro,http://www.timelesspints.com
"Tioga-Sequoia Brewing Co","746 Broadway St",Fresno,CA,93721-2808,"(559) 264-5521",micro,http://www.tiogasequoia.com
"Toolbox Brewing Company","1495 Poinsettia Ave Ste 148",Vista,CA,92081-8539,,micro,http://www.toolboxbrewing.com
"Topa Topa Brewing Co",,Ventura,CA,93001-2723,,planning,http://www.topatopabrewingco.com
Topsy's,"260 Kearny St","San Francisco",CA,94108-4538,"(415) 757-0290",brewpub,http://www.topsyssf.com
"Toro Creek Brewing Co","7220 Toro Creek Rd",Atascadero,CA,93422-1025,,micro,http://www.torocreekbrewingcompany.com
"Tower Brew Co. DBA Sactown Union Brewery",,,,,,planning,
"Track 7 Brewing Co - Curtis Park","3747 W Pacific Ave Ste F",Sacramento,CA,95820-1000,"(916) 520-4677",micro,http://www.track7brewing.com
"Track 7 Brewing Co - Natomas","826 PRofessor Ln, Ste 100",Sacramento,CA,95834,"(916) 520-4677",micro,
"Trader Joes - West Coast Office","PO Box 5049",Monrovia,CA,91017-7149,"(626) 599-3700",contract,
"Triple Rock Brewery and Alehouse","1920 Shattuck Ave",Berkeley,CA,94704-1022,"(510) 843-2739",brewpub,http://www.triplerock.com
"Triple Voodoo Brewing Co","2245 3rd St","San Francisco",CA,94107-3125,,micro,http://www.triplevoodoobrewing.com
"Trumer Brauerei","1404 4th St",Berkeley,CA,94710-1323,"(510) 526-1160",regional,http://www.trumer-international.com
"Tustin Brewing Co","13011 Newport Ave Ste 100",Tustin,CA,92780-3517,"(714) 665-2337",brewpub,http://www.tustinbrewery.com
"Twelve Rounds Brewing Co",,Sacramento,CA,95819-3327,"(916) 500-1059",planning,http://www.twelveroundsbrewing.com
"Twisted Manzanita Ales","10151 Prospect Ave",Santee,CA,92071-4411,"(619) 334-1757",micro,http://www.manzanitabrewing.com
"Two Monkeys Brewing Co","24566 Brook Dr",Madera,CA,93638-9436,"(559) 363-2709",proprietor,http://www.3monkeysbrewing.com
"Ukiah Brewing Co","102 S State St",Ukiah,CA,95482-4903,"(707) 468-5898",brewpub,http://www.ukiahbrewingco.com
"Uncommon Brewers","303 Potrero St Ste 40H","Santa Cruz",CA,95060-2778,"(831) 234-1486",micro,http://www.uncommonbrewers.com
"Union Ale Brewing Co","214 State St","Santa Barbara",CA,93101-3834,"(805) 845-8243",contract,http://www.unionale.com
"Unsung Brewing Company - Brewery In Planning - Anaheim",,,,,,planning,
"URBN Brewing Co","110 N Magnolia Ave","El Cajon",CA,92020,"(619) 328-6922",brewpub,http://www.urbnstbrewing.com
"Urge Gastropub",,"San Diego",CA,92128-2584,"(858) 673-8743",planning,
"Valiant Brewing","2294 N Batavia St Ste C",Orange,CA,92865-3108,"(714) 204-0080",micro,http://www.valiantbrewing.com
"Valley Center Brewery","28960 Lilac Road Suite C","Valley Center",CA,92082-4020,"(760) 913-0102",micro,http://www.valleycenterbrewery.com
"Venice Ale House Brewing Co","2 Rose Ave",Venice,CA,90291-2411,"(310) 314-8253",contract,http://www.venicealehouse.com
"Venice Duck Brewery",,Venice,CA,90291-3833,"(310) 383-4927",contract,http://www.veniceduckbrewery.com
"Ventura's Surf Brewery","4561 Market St Ste A",Ventura,CA,93003-6483,"(805) 644-2739",micro,http://www.surfbrewery.com
"Venus Spirits",,"Santa Cruz",CA,95060,,planning,
"Vigilante Brewing Co.",,"del Mar",CA,92014-2256,,planning,
"W Brewing","1465 Tollhouse Rd Ste 105",Clovis,CA,93611-0591,"(559) 473-1875",micro,http://www.wbrewing.com
"Warped Brewing Company",,Sebastopol,CA,95472-3498,"(707) 922-4987",planning,http://www.warpedbrewing.com/
"Wavelength Brewing Company","236 Main St",Vista,CA,92084-6008,"(760) 820-9283",micro,http://www.wavelengthbrewco.com
"West Haven Brewing Company",,Petaluma,CA,94952-7535,,planning,
"Western Pacific Brewing & Dining","2191 High St",Oroville,CA,95965-4917,"(530) 534-9101",brewpub,http://www.westernpacificbrewing.blogspot.com
"White Labs Tasting Room","9495 Candida St","San Diego",CA,92126-4541,"(858) 693-3441",micro,http://www.whitelabs.com
"Wicks Brewing Company LLC","11620 Sterling Ave Ste C",Riverside,CA,92503-4904,"(951) 689-2739",brewpub,http://www.wicksbrewing.com
"Wiens Brewing Co / Weins Family Cellars","27941 Diaz Rd Ste A",Temecula,CA,92590-3484,"(951) 694-9892",micro,http://www.weinsbrewing.com
"Wild Donkey Brewing","2351 W Lugonia Ave Ste G",Redlands,CA,92374-5014,"(909) 478-5005",micro,http://www.donkeypunchbrewing.com
"Wildcard Brewing Company","9565 Crossroads Dr",Redding,CA,96003-6814,"(530) 945-8102",micro,http://www.wildcardbrewingco.com
"WildeMan Brewing",,,,,,planning,
"Windsor Brewing Co.","9000 Windsor Rd # A",Windsor,CA,95492-9701,"(707) 836-3186",micro,http://www.oldredwoodbrewing.com
"Wolf Creek Brewery","25108 Rye Canyon Loop",Valencia,CA,91355-5004,"(661) 263-9653",brewpub,
"Woodfour Brewing Company","6780 Depot St Ste 160",Sebastopol,CA,95472-3462,"(707) 823-3144",brewpub,http://www.woodfourbrewing.com
"Woods Bar & Brewery","1701 Telegraph Ave",Oakland,CA,94612-2107,"(415) 509-1695",brewpub,http://www.woodsbeer.com
"Woods Beer Company","26A Glover St","San Francisco",CA,94109-2173,"(415) 509-1695",micro,http://www.mateveza.com
"Woody's Brewery",,Redding,CA,96001-0414,,planning,http://www.woodysbrewing.com
"Working Man Brewing Co","5542 Brisa St Ste F",Livermore,CA,94550-2524,"(925) 216-7053",micro,http://www.workingmanbrewing.com
"Yolo Brewing Co","1520 Terminal St","West Sacramento",CA,95691-3814,"(916) 379-7585",micro,http://www.yolobrew.com
"Yosemite Ale Werks","5029 CA140 Suite B1",Mariposa,CA,95338,,micro,
Zodiacs,"256 Petaluma Blvd N",Petaluma,CA,94952-2818,"(707) 773-7751",brewpub,http://www.zodiacspetaluma.com
