name,address1,address2,city,state,zip,phone,type,url
"2nd Shift Brewing Co","1601 Sublette Ave",,"Saint Louis",MO,63110-1924,"(618) 791-0728",micro,http://www.2ndshiftbrewing.com
"4 By 4 Brewing Company","2811 E Galloway St Ste A",,Springfield,MO,65804-4601,,micro,http://www.4by4brewingcompany.com
"4 Hands Brewing Co","1220 S 8th St",,"Saint Louis",MO,63104-3610,"(314) 436-1559",regional,
"Alpha Brewing Co.","4310 Fyler Ave",,"Saint Louis",MO,63116,"(314) 621-2337",micro,http://www.alphabrewingcompany.com
"Amerisports Brew Pub","8201 NE Birmingham Rd Ameristar Casino",,"Kansas City",MO,64161-9429,"(816) 414-7435",brewpub,http://www.ameristar.com
"Anheuser-Busch InBev","1 Busch Pl",,"Saint Louis",MO,63118-1849,"(314) 577-2000",large,http://www.anheuser-busch.com
"Apex Brew And BBQ Supplies",,,Independence,MO,64055-4741,"(816) 313-5039",planning,http://www.apexbrewwares.com
"Arcadian Moon","19203 Old Highway 40",,Higginsville,MO,64037,"(660) 584-6661",brewpub,http://www.arcadianmoon.com
"Augusta Brewing Co","109 W Main St",,Washington,MO,63090-2191,"(636) 239-5010",brewpub,http://www.augustabrewing.com
"Bard's Brewery, LLC","PO Box 905",,"Lees Summit",MO,64063-0905,"(816) 728-1707",proprietor,http://www.bardsbeer.com
"Bard's Tale Beer Co","211 NW Ward Rd",,"Lees Summit",MO,64063,"(816) 728-1707",proprietor,http://www.bardsbeer.com
"Bastard Brothers Brewing Company","2114 Penta Dr",,"High Ridge",MO,63049-2684,"(314) 520-3401",micro,http://www.bastardbrothersbrewery.com
"Big Rip Brewing Company","216 E 9th Ave",,"North Kansas City",MO,64116-4315,"(816) 866-0747",micro,http://www.bigripbrewing.com
"BKS Artisan Ales","633 E 63rd St",,"Kansas City",MO,64110,"(816) 673-3027",micro,http://www.bksartisanales.com
"Boat Town Brewing","18146 Campground Rd",,Phillipsburg,MO,65722-8122,"(417) 533-2306",micro,http://www.boattownbrewing.com
"Border Brewing Company","406 E 18th St",,"Kansas City",MO,64108,"(816) 315-6807",micro,http://www.borderbrewco.com
"Boulevard Brewing Co","2501 Southwest Blvd",,"Kansas City",MO,64108-2345,"(816) 474-7095",regional,http://www.boulevard.com
"Brewery Emperial","1829 Oak St",,"Kansas City",MO,64108,"(816) 945-9625",brewpub,http://www.breweryemperial.com
"Brewery in Planning - Denver",,,Springfield,MO,65802-3356,"(720) 281-4664",planning,
"Brewery in Planning - Kansas City",,,"Kansas City",MO,64141-0801,,planning,
"Brewery In Planning - Lees Summit",,,"Lees Summit",MO,64081,,planning,
"Brewery In Planning - Saint Joseph",,,"Saint Joseph",MO,64501-2334,,planning,
"Brewery in Planning - Saint Louis",,,"Saint Louis",MO,63139,,planning,
"Broadway Brewery","816 E Broadway Ste B",,Columbia,MO,65201-4898,"(573) 443-5054",brewpub,http://www.broadwaybrewery.com
"Bronze Owl Brewing","506 Vine St",,"Poplar Bluff",MO,63901-7331,"(573) 840-5202",brewpub,http://www.bronzeowlbrewing.com
"Bur Oak Company","8250 E Trade Center Dr",,Columbia,MO,65201-7635,,micro,http://www.buroakbeer.com
"Calibration Brewery","119 Armour Rd",,"Kansas City",MO,64116-3502,"(816) 994-8277",brewpub,http://www.calibrationbrewery.com
"Casual Animal","1725 McGee St",,"Kansas City",MO,64108,,micro,http://www.casualanimalbrewing.com
"Cathedral Square Brewery","3914 Lindell Blvd",,"Saint Louis",MO,63108-3204,"(314) 803-3605",contract,http://www.cathedralsquarebrewery.com
"Center Ice Brewing Company","3126 Olive St.",,"Saint Louis",MO,63103,"(314) 277-9843",micro,http://www.centericebrewery.com
"Charleville Vineyard & Microbrewery","16937 Boyd Rd",,"Sainte Genevieve",MO,63670-7914,"(573) 756-4537",micro,http://www.charlevillevineyard.com
"Charlie's Steak, Ribs & Ale","3009 E State Hiwy 76",,Branson,MO,65616-8312,"(417) 334-6090",brewpub,http://www.charliesbranson.com
"Cinder Block Brewery","110 E 18th Ave",,"North Kansas City",MO,64116-3635,"(816) 560-8365",micro,http://www.cinderblockbrewery.com
"City Barrel Brewing Co",,,"Kansas City",MO,64108-1803,,planning,
"Civil Life Brewing Company","3714 Holt Ave",,"Saint Louis",MO,63116-2614,,micro,http://www.thecivillife.com
"Crane Brewing Company","6515 Railroad St",,Raytown,MO,64133-5210,"(816) 743-4132",micro,http://www.cranebrewing.com
"Crown Valley Brewing & Distilling Co","23589 State Route Ww",,"Sainte Genevieve",MO,63670-9039,"(573) 756-9700",micro,http://www.crownvalleybrewery.com
"Deep Sleep Brewing Company LLC","6891 Whiskey Creek Rd.",,Washington,MO,63090,"(314) 239-5801",micro,
"Deslogetown Brewery","2401 Pfinister School Rd",,"de Soto",MO,63020-5339,,brewpub,
"Double Shift Brewing","412 E 18th St",,"Kansas City",MO,64108-1410,"(816) 304-7028",micro,
"Dubious Claims Brewing",,,"Excelsior Springs",MO,64024-2133,"(816) 896-2477",planning,
"Earthbound Beer","2724 Cherokee St",,"Saint Louis",MO,63118-3036,"(314) 769-9576",micro,http://www.earthboundbeer.com
"East Forty Brewing",,,"Blue Springs",MO,64015-3613,,planning,http://www.eastfortybrewing.com
"Exit 6 Brewery","5055 Highway N Ste 112",,"Saint Charles",MO,63304-8031,"(636) 244-4343",micro,http://www.exit6brewery.com
"Ferguson Brewing Co","418 S Florissant Rd",,"Saint Louis",MO,63135-2716,"(314) 254-7359",brewpub,http://www.fergusonbrewing.com
"Flat Branch Pub and Brewing","115 S 5th St",,Columbia,MO,65201-4230,"(573) 499-0400",brewpub,http://www.flatbranch.com
"Friendship Brewing Company","100 Pitman Ave",,Wentzville,MO,63385-1700,,brewpub,
"Fringe Beerworks","224 SE Douglas St",,"Lees Summit",MO,64063-2329,"(816) 600-2552",micro,http://www.fringebeerworks.com
"Good News Brewing Company","330 Sonderen St",,"O Fallon",MO,63366-2629,"(636) 294-6593",brewpub,http://goodnewsbrewing.com
"Granite City Food & Brewery (#11)","8461 NW Prairie View Rd",,"Kansas City",MO,64153-1842,"(816) 587-3838",brewpub,http://www.gcfb.net
"Granite City Food & Brewery (#29)","11411 Olive Blvd",,"Creve Coeur",MO,63141-7108,"(314) 432-3535",brewpub,http://www.gcfb.net
"Green Room Burgers & Beer","4010 Pennsylvania Ave",,"Kansas City",MO,64111-3010,"(816) 216-7682",brewpub,http://www.greenroomkc.com
"Greer Brewing","16050 Manchester Rd",,Ellisville,MO,63011-2161,"(636) 346-3979",brewpub,http://www.greerbrewingco.com
"Griesedieck Brothers Brewery","1240 Switzer Ave",,"Saint Louis",MO,63147-1840,"(314) 309-3210",contract,http://www.gb-beer.com
"Gruhlke's Microbrewery / Bias Vineyards","3166 Highway B",,Berger,MO,63014-1418,"(573) 834-5475",brewpub,http://www.biaswinery.com
"Heavy Riff Brewing","6413 Clayton Ave",,"Saint Louis",MO,63139-3305,"(314) 828-6148",micro,http://www.heavyriffbrwing.com
"High Heel Brewing","5656 Oakland",,"Saint Louis",MO,63110,,micro,http://highheelbrewing.com
"Indian Springs Brewing Company","109 E Main St",,Neosho,MO,64850-1810,"(417) 454-9498",micro,http://www.indianspringsbrewing.com
"Jackson Street Brew Co.","106 N Jackson St",,Perryville,MO,63775-1336,,brewpub,
"Kansas City Bier Company","310 W 79th St",,"Kansas City",MO,64114-1843,"(816) 214-8691",micro,http://www.kcbier.com
"Kirkwood Station Brewing","105 E Jefferson Ave",,Kirkwood,MO,63122-4025,"(314) 966-2739",brewpub,http://www.kirkwoodstationbrewing.com
"Lake Bums BrewCo, LLC.",,,Pontiac,MO,65729-7134,"(417) 293-6684",planning,http://www.lakebumsbrewco.com
"Levi Garrison & Sons Brewing Company","105 W Bird St",,Hamilton,MO,64644-1029,"(816) 668-9421",micro,http://www.lgsbrewingco.com
"Logboat Brewing Co","504 Fay St",,Columbia,MO,65201-4782,"(573) 397-6786",micro,http://www.logboatbrewing.com
"Lost Signal Brewing Company","610 W College St",,Springfield,MO,65806-1240,"(972) 310-4162",brewpub,http://www.lostsignalbrewing.com
"Mackenzie Brewing Company",,,"St. Louis",MO,63026,"(314) 750-8307",planning,http://www.mknzbrewing.com
"Main And Mill Brewing Company","240 Main St",,Festus,MO,63028-1907,"(636) 543-3031",brewpub,http://www.mainandmillbrewco.com
"Mark Twain Brewing Company","422 N Main St",,Hannibal,MO,63401-3324,,brewpub,
"Martin City Brewing Company","410 E 135th St",,"Kansas City",MO,64145-1672,"(816) 268-2222",micro,http://www.martincitybrewing.com
"McCoy's Public House","4057 Pennsylvania Ave",,"Kansas City",MO,64111-3021,"(816) 960-0866",brewpub,http://www.mccoyspublichouse.com
"Miami Creek Brewing Company","14226 NW County Road 14001",,Drexel,MO,64742-9733,"(816) 892-0297",micro,http://www.miamicreek.com
"Minglewood Brewery","121 Broadway St",,"Cape Girardeau",MO,63701-7326,"(573) 803-0524",brewpub,http://www.minglewoodbrewery.com
"Missouri Beer Company","22 W Industrial Dr",,"O Fallon",MO,63366-1926,"(636) 294-6672",micro,http://www.mobeerco.com
"Modern Brewery","5231 Manchester Ave # E",,"Saint Louis",MO,63110-2092,,micro,http://www.mb314.com
"Morgan Street Brewery","721 N 2nd St",,"Saint Louis",MO,63102-2518,"(314) 231-9970",proprietor,http://www.morganstreetbrewery.com
"Mother's Brewing Co","215 S Grant Ave",,Springfield,MO,65806-2001,"(417) 862-0423",micro,http://www.mothersbrewing.com
"Narrow Gauge Brewing Company","1595 N Highway 67 St",,Florissant,MO,63031-4606,"(314) 831-3222",brewpub,http://www.narrowgaugestl.com
"O'Fallon Brewery","45 Progress Pkwy",,"Maryland Heights",MO,63043-3701,"(636) 281-2337",micro,http://www.ofallonbrewery.com
"Outlaw Cigar / Gunslinger Saloon Brewing",,,"Kansas City",MO,64151-2026,"(816) 505-2442",planning,http://www.outlawcigar.com
"Ozarks Brewing Company","1872 S. U.S. Hwy. 63",,"West Plains",MO,65775,"(417) 274-1507",brewpub,http://www.ozarksbrewing.com
"Perennial Artisan Ales","8125 Michigan Ave Ste 116",,"Saint Louis",MO,63111-3535,"(314) 631-7300",micro,http://www.perennialbeer.com
"Piney River Brewing Company","15194 Walnut Grove Dr",,Bucyrus,MO,65444-9002,"(417) 967-4001",micro,http://www.pineyriverbrewing.com
"Point Labaddie Brewery","1029 Thiebes Rd",,Labadie,MO,63055-1712,"(636) 742-2861",micro,http://www.pointlabaddiebrewery.com
"Prehistoric Brewing Company",,,Willard,MO,65781-8323,,planning,http://www.prehistoricbrewing.com
"Prison Brews","305 Ash St",,"Jefferson City",MO,65101-4002,"(573) 635-0678",brewpub,http://www.prisonbrews.com
"Propagation LLC",,,"Saint Louis",MO,63104-2425,,planning,http://www.propagation.us
"Public House Brewing Co","551 State Route B",,"Saint James",MO,65559-1055,"(573) 261-3333",micro,http://www.publichousebrewery.com
"Public House Brewing Company","600 N Rolla St Ste B",,Rolla,MO,65401-3111,"(573) 426-2337",micro,http://www.publichousebrewery.com
"Pursuit Brewing & Blending",,"Neosho, MO",,,,,planning,
"Rock & Run Brewery","110 E Kansas St",,Liberty,MO,64068-2374,"(816) 415-2337",brewpub,http://www.rockandrunbrewery.com
"Rock Bridge Brewing Co","1330 E Prathersville Rd",,Columbia,MO,65202-8549,"(573) 442-2337",micro,http://www.rockbridgebrewery.com
"Rockwell Beer Company",,,"Saint Louis",MO,63109-2963,"(314) 409-4119",planning,http://www.rockwellbeer.com
"Schlafly Beer/The Saint Louis Brewery, LLC","2100 Locust St",,"Saint Louis",MO,63103-1616,"(314) 241-2337",regional,http://www.schlafly.com
"Schlafly Bottleworks","1 Schlafly Plz",,"Saint Louis",MO,63143-2454,"(314) 241-2337",regional,http://www.schlafly.com
"Side Project Brewing","7458 Manchester Rd",,Maplewood,MO,63143-3032,"(314) 224-5211",micro,http://www.sideprojectbrewing.com
"Six Mile Bridge Brewery","11841 Dorsett Rd",,"Maryland Heights",MO,63043-2503,,micro,http://www.sixmilebridgebeer.com
"Smoke Brewing Company","209 E. Main St.",,"Lees Summit",MO,64063,"(816) 525-2337",brewpub,
"Southern Heritage Brewing Company",,,"Doe Run",MO,63637-3202,"(573) 701-5583",planning,http://www.southernheritagebrewing.com
"Springfield Brewing Co","305 S Market Ave",,Springfield,MO,65806-2023,"(417) 832-8277",brewpub,http://www.springfieldbrewingco.com
"Square One Brewery and Distillery","1727 Park Ave",,"Saint Louis",MO,63104-2941,"(314) 231-2537",brewpub,http://www.squareonebrewery.com
"Steampunk Brew Works","231 Lamp and Lantern Vlg",,Chesterfield,MO,63017-8209,"(636) 230-8277",micro,http://www.steampunkbrewworks.com
"Stockyards Brewing Company","1600 Genessee St Ste 100",,"Kansas City",MO,64102-1044,"(816) 895-8880",brewpub,http://www.stockyardsbrewing.com
"Strange Days Brewing Co","316 Oak St",,"Kansas City",MO,64106,"(816) 469-5321",micro,http://www.strangedaysbrewing.com
"Third Wheel Brewing","4008 N Service Rd",,"Saint Peters",MO,63376-6462,"(636) 323-9810",brewpub,http://www.thirdwheelbrewing.com
"Tin Mill Brewing Co","114 Gutenberg St",,Hermann,MO,65041-1138,"(573) 486-2275",brewpub,http://www.tinmillbrewing.com
"Torn Label Brewing Company","1708 Campbell St",,"Kansas City",MO,64108-1524,"(913) 634-8001",micro,http://www.tornlabel.com
"Trailhead Brewing Co","921 S Riverside Dr",,"Saint Charles",MO,63301-3489,"(636) 946-2739",brewpub,http://www.trailheadbrewing.com
"Uranus Brewery",,,"Saint Robert",MO,65584,"(573) 528-2924",planning,http://www.uranusmissouri.com
"Urban Chestnut Brewing Co","4465 Manchester Ave",,"Saint Louis",MO,63110-2113,,regional,
"Wages Brewing Company","1382 Bill Virdon Blvd",,"West Plains",MO,65775-3383,"(417) 293-3119",micro,http://www.wagesbrewco.com
"Wellspent Brewing Company","2917 Olive Street",,"Saint Louis",MO,63103,"(314) 328-0505",micro,http://www.wellspentbeer.com
"Welpman Springs Brewing Company, LLC.","517 Hatchery Rd",,Stover,MO,65078-1132,"(573) 377-2343",micro,http://www.welpmanspringsbrewing.weebly.com
"Weston Brewing Co / O'Malley's Pub","500 Welt St",,Weston,MO,64098-1242,,micro,http://www.westonirish.com
"White River Brewing Co","505 W Commercial St",,Springfield,MO,65803-2631,"(417) 869-1366",micro,http://www.whiteriverbrewingco.com
"Wild Water","9995 Winghaven Blvd",,"O Fallon",MO,63368-3623,"(636) 265-0751",micro,
"William K Busch Brewing Co.","8047 Litzsinger Rd",,"Saint Louis",MO,63144-2505,"(314) 932-7911",contract,http://www.enjoykraftig.com
