name,address1,address2,city,state,zip,phone,type,url
"23 Brewing Company / Lizzie B's Cafe","2010 KY Route 321",,Prestonsburg,KY,41653-9103,"(606) 886-2844",brewpub,http://www.23brewingcompany.com
"3rd Turn Brewing","10408 Watterson Trl",,Louisville,KY,40299-3702,,micro,http://www.3rdturnbrewing.com
"Against the Grain Beer Garden",,,Louisville,KY,40217,,planning,
"Against the Grain Brewery","401 E Main St",,Louisville,KY,40202-1110,"(502) 515-0174",micro,http://atgbrewery.com
"Against the Grain Production Facility","1800 Northwestern Pkwy",,Louisville,KY,40203,,micro,
"Akasha Brewing Company","909 E Market St Ste 700",,Louisville,KY,40206-1688,"(502) 742-7770",micro,http://www.akashabrewing.com
"Alexandria Brewing Company",,,Alexandria,KY,41001-1454,"(859) 694-6999",planning,http://www.alexandriabrewingcompany.com
"Alltech's Lexington Brewing","475 Angliana Ave",,Lexington,KY,40508-3134,"(859) 255-2337",regional,http://www.kentuckyale.com
"Apocalypse Brew Works","1612 Mellwood Ave",,Louisville,KY,40206-1752,"(502) 589-4843",micro,http://www.apocalypsebrewworks.com
"Beer Engine","107 Larrimore Ln",,Danville,KY,40422-1674,"(502) 403-5680",micro,http://www.kybeerengine.com
"Bircus Brewing","322 Elm St",,Ludlow,KY,41016-1451,"(859) 360-7757",micro,http://www.bircus.com
"Blue Stallion Brewing Company","610 W Third St",,Lexington,KY,40508-1243,"(859) 608-8490",micro,http://www.bluestallionbrewing.com
"Bluegrass Brewing Co - Brewpub","300 W Main St",,Louisville,KY,40202-2945,"(502) 899-7070",brewpub,http://www.bbcbrew.com
"Braxton Brewing Company","27 W 7th St",,Covington,KY,41011-2301,859615600,micro,http://www.braxtonbrewing.com
"Braxton Labs","95 Riviera Dr",,Bellevue,KY,41073-1337,859615600,micro,
"Brewery in Planning - Henderson",,,Henderson,KY,42420-3226,,planning,
"Brewery in Planning - Louisville",,,Louisville,KY,40204-1913,,planning,
"Chase Brewing Company / Chase Tap Room","266 Jefferson St",,Lexington,KY,40508-1217,"(859) 797-3113",brewpub,http://www.chasebrewing.com
"Country Boy Brewing","436 Chair Ave",,Lexington,KY,40508-3106,,micro,http://www.countryboybrewing.com
"Country Boy Brewing - Georgetown","108 Corporate Dr",,Georgetown,KY,40324-0000,"(859) 588-2118",micro,
"Cumberland Brewery","1576 Bardstown Rd",,Louisville,KY,40205-1154,"(502) 459-4706",brewpub,
"Darkness Brewing","224 Fairfield Ave",,Bellevue,KY,41073-1041,,micro,
"Dreaming Creek Brewery",,,Richmond,KY,40475-1521,,planning,http://www.dreamingcreekbrewery.beer
"Dry Ground Brewing Company","3121 Broadway St",,Paducah,KY,42001-4305,"(270) 210-9296",micro,http://www.drygroundbrewing.com
"Ethereal Brewing","1224 Manchester St",,Lexington,KY,40504-1129,"(859) 309-1254",micro,http://www.etherealbrew.com
"Falls City Brewing Company","116 S 10th St",,Louisville,KY,40202-2612,"(502) 257-7284",micro,http://www.fallscitybeer.com
"Flywheel Brewing Company","218 S Mulberry St Ste 103",,Elizabethtown,KY,42701-1431,,micro,http://www.flywheelbrewing.com
"Goodwood Brewing Co","636 E Main St",,Louisville,KY,40202-1004,"(502) 584-2739",micro,http://www.goodwood.beer
"Gordon Biersch Brewery Restaurant - Louisville","400 S 4th St",,Louisville,KY,40202-3418,"(502) 589-8935",brewpub,http://www.gordonbiersch.com/restaurant
"Gravely Brewing Co.","514 Baxter Ave",,Louisville,KY,40204-1104,"(502) 822-3202",micro,http://www.gravelybrewing.com
"Great Flood Brewing","2120 Bardstown Rd",,Louisville,KY,40205-1916,"(502) 457-7711",micro,http://www.greatfloodbrewing.com
"Great Flood Brewing- Production Facility","629 Bergman St",,Louisville,KY,40203-2618,"(502) 457-7711",micro,
"Hofbrauhaus Newport","200 E 3rd St",,Newport,KY,41071-1612,"(859) 491-7200",brewpub,http://www.hofbrauhausnewport.com
"Holsopple Brewing","8023 Catherine Ln",,Louisville,KY,40222-4793,"(502) 708-1902",micro,http://www.holsopplebrewing.com
"Hopcat - Louisville","1064 Bardstown Rd.",,Louisville,KY,40204,"(502) 890-8676",brewpub,
"Hopkinsville Brewing Company","102 E 5th St",,Hopkinsville,KY,42240-3306,"(270) 348-3927",micro,http://www.hopkinsvillebrewingcompany.com
"Jarfly Brewing Co","103 W Mount Vernon St",,Somerset,KY,42501-1627,"(606) 425-4962",micro,http://www.jarflybrewing.com
"Lemons Mill Brewery","166 Marimon Ave",,Harrodsburg,KY,40330-1311,"(859) 265-0872",micro,http://www.lemonsmillbrewery.com
"Life Brewpub","2628 Richmond Rd",,Lexington,KY,40509-1501,"(859) 266-5433",brewpub,http://www.lifebrewpub.com
"Maiden City Brewing Company, LLC","123 E Pike St",,Cynthiana,KY,41031-1527,"(859) 954-5151",micro,http://www.maidencitybrewing.com
"Mash Cult Brewing","6823 Burlington Pike",,Florence,KY,41042-1616,"(859) 371-4466",micro,
"Mile Wide Beer Co.","636 Barret Ave",,Louisville,KY,40204-1142,"(502) 409-8139",micro,http://www.milewidebeer.com
"Mirror Twin Brewing","725 National Ave",,Lexington,KY,40502-1431,"(859) 447-8146",brewpub,http://www.mirrortwinbrewing.com
"Monnik Beer Company","1036 E Burnett Ave",,Louisville,KY,40217-1206,"(502) 742-6564",brewpub,
"Old Louisville Brewery","625 W Magnolia Ave",,Louisville,KY,40208-2239,"(502) 498-5434",micro,http://www.oldlouisvillebrewery.com
"Paducah Beer Werks","301 N 4th St",,Paducah,KY,42001-0753,,brewpub,http://www.paducahbeerwerks.com
"Pivot Brewing Company","1400 Delaware Ave",,Lexington,KY,40505,"(859) 285-6778",micro,http://www.pivotbrewingcompany.com
"Rock House Brewing","119 Luigart Ct",,Lexington,KY,40508-1686,"(859) 368-7064",micro,http://www.rockhousebrewing.com
"Rooster Brewing","609 Main St",,Paris,KY,40361-1816,"(859) 707-3436",micro,http://www.roosterbrew.com
"St Arnulf Alery","3152 Kings Chapel Rd",,Cadiz,KY,42211-0000,"(502) 309-4703",micro,
"Sterling Beer Co.","3214 Preston Hwy",,Louisville,KY,40213-1330,"(502) 233-8485",contract,http://www.sterlingbeer.com
"Tap on Main Brewing Company","601A N Main St",,Somerset,KY,42501,"(606) 451-1525",micro,http://www.taponmainst.com
"Town Branch Distillery","401 Cross St",,Lexington,KY,40508,"(859) 255-2337",micro,
"Uncrafted Territory Brewing Company",,,"Beaver Dam",KY,42320-1915,"(270) 775-3131",planning,
"West Sixth Brewing Co","501 W Sixth St",,Lexington,KY,40508-1341,"(859) 705-0915",micro,http://www.westsixth.com
"West Sixth Greenroom","109 W Main St",,Lexington,KY,40507,"(859) 705-0915",micro,
"White Squirrel Brewery","871 Broadway Ave",,"Bowling Green",KY,42101-2571,"(270) 904-1573",brewpub,http://www.whitesquirrelbrewery.com
"Wooden Cask Brewing Company","629 York St",,Newport,KY,41071-1815,"(859) 261-2172",micro,http://www.woodencask.com
