name,address,city,state,zip,phone,type,url
"Aalener Loewenbrauerei KG","Galgenbergstrasse 8",,,,"+49 7361 32597",,
Adam-Braeu,"Bahnhofstrasse 51",,,,"+49 9924 94000",,http://www.adam-braeu.de
"Adler Braeu Norbert Merklein","Hauptstrasse 19",,,,"+49 9522 369",,
"Adler Brauerei Balingen Aktiengesellschaft",,,,,"(497) 474-1411",,
"Adler Brauerei Max Haag, Nachfolger Wolfgang Haag","Hauptstrasse 38",,,,"(497) 263-5852",,
"Adlerbraeu Herbert Werner","Hoffenheimer Strasse 1",,,,"(496) 226-1341",,
"Adler-Braeu in Wiernsheim","Bei der Linde 5",,,,"+49 7044 920778",,http://www.adlerbraeu.de
"Adler-Braeu Moosbeuren GmbH and Co. KG","Biberacher Strasse 17",,,,"+49 7357 9207-0",,
"Adlerbrauerei Altenstadt Karl Goetz oHG","Stuttgarter Strasse 214",,,,"+49 7331 63028/9",,http://www.adler-bier.de
"Adlerbrauerei Brennerei Gebhard Foehr","Rissstrasse 2, Risstissen",,,,"(497) 392-2138",,
"Adlerbrauerei Goeggingen Ulrich Nauhauser GmbH C","Kirchweg 2, Goeggingen",,,,"(497) 576-9780",,http://www.goegginger.de
"Adolf Abel OHG, Spirituosenfabrik","Knapperstrasse 36",,,,"+49 2351 1794-0",,
"Ahornberger Landbrauerei Stroessner-Braeu KG","Brauereiweg, Ahornberg",,,,"(499) 292-1051",,
"Aktien-Brauerei Kaufbeuren AG","Hohe Buchleuthe 3",,,,"+49 8341 4304-0",,http://www.aktien-brauerei.de
"Aktienbrauerei Simmerberg","Ellhofer Strasse 2",,,,"(498) 387-1016",,
"Aktien-Brauerei Vilsbiburg AG","Hohe Buchleuthe 3",,,,08341430430,,http://www.aktien-brauerei.com
Ale-Mania,,,,,,planning,
"Allgaeuer Brauhaus AG","Beethovenstrasse 7",,,,"(498) 312-0500",,http://www.allgaeuer-brauhaus.de
"Alois Hempfer Rossle Brauerei KG","Am Mauerle 8",,,,"+49 (0) 7392 3564",,
"Alpirsbacher Klosterbraeu Glauner GmbH and Co","Marktplatz 1",,,,"+49 7444 67-0",,http://www.alpirsbacher.de
"Alte Klosterbrauerei Vierzehnheiligen Alfred Trunk","Haus Nr. 3",,,,"(499) 571-3488",,
"Altered Course Craftbrauerei",,,,,"+49 176 10200681",planning,
"Altes Brauhaus zu Fallersleben",Schlossplatz,,,,"(495) 362-3140",,
"Alt-Oberurseler Brauhaus GmbH, Im Deutschen Haus","Ackergasse 13",,,,"+49 6171 54370",,http://www.hochtaunus.net/vetter
"Altstadt-Braeu Johann Sion GmbH",,,,,,,
"Andorfer GmbH & Co. Weizenbierbrauerei KG","Rennweg 2",,,,"+49 851 753584",,
"Andreas Schneider Brauerei","Bachgasse 15/17",,,,"(499) 141-2407",,
"Ankerbraeu Noerdlingen Marie Grandel Bierbrauerei","Ankergasse 4",,,,"+49 9081 86077",,http://www.noerdlinger.de
"Anker-Brauerei Nagold GmbH","Freudenstaedter Strasse 14",,,,"(497) 452-2431",,http://www.anker-brauerei.de
"Anton Walser Gasthof und Brauerei zum Hasen","Hauptstrasse 3",,,,"(497) 309-2412",,
"Apostelbraeu Inh. Max Hirz KG","Eben 11-15",,,,"(498) 586-2200",,http://www.apostelbraeu.de
"Arcobraeu Graefliches Brauhaus GmbH and Co. KG","Schlossallee 1",,,,"+49 9938 918180",,http://www.arcobraeu.de
"Arnsteiner Brauerei Max Bender","Schweinfurter Strasse 9",,,,"+49 9363 777",,
"Aspera Brauerei Riese GmbH and Co","Rheinstrasse 146 -152",,,,"+49 208 588 98 0",regional,http://www.aspera-riese.de
"Auer Braeu AG","Muenchener Strasse 80",,,,"+49 8031 1805-0",,http://www.auerbraeu.de
"August Cohrt and Co. Getraenke GmbH","Eichkamp 1-9 und 16-20",,,,"+49 431 16905-0",,http://www.cohrt.de
"Augusta-Brauerei GmbH","Lauterlech 10-14",,,,"+49 821 311055",,
"Augustiner-Braeu Wagner KG","Landsberger Strasse 35",,,,"(498) 951-9940",,http://www.augustiner-braeu.de
"B and L Handelshaus GmbH","Kamerunweg 11",,,,"+49 40 781109-0",,
"B. Fuerst Erfrischungsgetraenke","Repperndorferstrasse 12e",,,,"(499) 321-4295",,
"B.I.G. Binding Import Gesellschaft mbH","Darmstaedter Landstrasse 185",,,,"+49 69 6065-489",,http://www.corona.com%20www.binding.de/gruppe/beteiligungen/big.html
"Bad Windsheimer Buergerbraeu Teufel, Deininger, St","Metzgergasse 8-18",,,,"(499) 841-3060",,
"Bad. Staatsbrauerei Rothaus AG","Rothaus 1",,,,"(497) 748-5220",,http://www.rothaus.de
"Baerenbraeu GmbH Herborn","Alte Marburger Strasse 4",,,,"(492) 772-7020",,
"Baerenbraeu Staffelstein","Marktplatz 7",,,,"+49 9573 274",,
"Baerenbrauerei Johann Roeck","Hauptstrasse 3",,,,"+49 8361 235",,http://www.kultstoff.de
"Baerenbrauerei Josef Winkler","Reichenauplatz 22",,,,"+49 8462 27331",,
"Baisinger Loewenbrauerei Teufel GmbH","Ergenzinger Strasse 13, Baisingen",,,,"+49 7457 9430-0",,
"Barfuesser-Das kleine Brauhaus GmbH, Zentrale","Silcherweg 1",,,,"+49 731 92293-0",,
"Bautzener Brauerei GmbH","Zur Adria 37",,,,"+49 35934 4606",,
"Bavarian Brewhouse","Holgenburg 4",,,,"(071) 135-7333",,
"Bavaria-St. Pauli-Brauerei GmbH","Hopfenstrasse 15",,,,"(494) 031-8090",,
"Bayer-Braeu GmbH","Hauptstrasse 77",,,,"+49 9393 408",,http://www.altstadtfest.net/bayer.html
"Bayerische Brau Holding AG","Denninger Strasse 165",,,,"+49 89 9238105",,
"Bayerische Graf zu Toerring-Jettenbach Brauereien","Muenchener Strasse 4",,,,"+49 8446 9200-0",,
"Bayerische Loewenbrauerei Franz Stockbauer AG","Franz-Stockbauer-Weg 13",,,,"(498) 517-0050",,http://www.loewenbrauerei.de
"Bayerisches Brauhaus Pforzheim GmbH","St.-Georgen-Steige 12",,,,"+49 7231 6008-0",,
"Bayreuther Bierbrauerei AG","Hindenburgstrasse 9",,,,"+49 921 401-1",,http://www.bayreuther-bier.de
"Becher Braeu","St.-Nikolaus-Strasse 25",,,,"(499) 216-8993",,
"Beck-Braeu OHG","Steigerwaldstrasse 8",,,,"+49 9549 252",,
"Bellheimer Privatbrauerei K. Silbernagel AG","Karl-Silbernagel-Strasse 20-22",,,,"(497) 272-7010",,
"Berg Brauerei Ulrich Zimmermann GmbH und Co KG","Brauhausstrasse 2, Berg",,,,"+49 7391 771710",,http://www.bergbier.de
"Bergbrauerei Leimen Johann Geiser KG","Heltenstrasse 4",,,,"+49 6224 9703-0",,
"Bergische Loewen-Brauerei GmbH Co. KG, Produkti","Bergisch Gladbacher Strasse 116-134",,,,"+49 221 96299-0",,
"Bergquell-Brauerei Loebau GmbH","Weststrasse 7",,,,"+49 3585 4747-0",,http://www.bergquell-loebau.de
"Berliner Buergerbraeu GmbH","Mueggelseedamm 164-166",,,,"(493) 064-0820",,http://www.deutsche-brau-kooperation.de/berliner.htm
"Berliner Kindl Brauerei Aktiengesellschaft","Werbellinstrasse 50",,,,"(493) 068-9920",,http://www.binding.de/gruppe/beteiligungen/berliner-kindl.html
"Berliner-Schultheiss-Brauerei GmbH","Indira-Gandhi-Strasse 66",,,,"+49 30 9609-0",,http://www.schultheiss.de
"Bierbrauerei Ernst Rogg","Bonndorferstrasse 61",,,,"+49 7653 700",,http://www.brauerei-rogg.de
"Bierbrauerei G. A. Bruch","Scheidter Strasse 24-42",,,,"+49 681 93636-0",,
"Bierbrauerei Johann Hoesl","Braugasse 3",,,,"+49 9659 666",,
"Bierbrauerei Sonnenbraeu","Nailaer Strasse 20",,,,"+49 9288 304",,
"Bierbrauerei zum Lamm Karl Ege GmbH and Co.","Westerheimer Strasse 4",,,,"(497) 335-6463",,
Bier-Company,"Mittenwalder Str. 24",,,,"+49 30/ 694 01 257 / -8",micro,http://www.turn.de
"Bier-Hannes Brauerei Zur Mainkur GmbH","Hanauer Landstrasse 568",,,,"(496) 941-2890",,
Binding-Brauerei,"Darmstadter Landstr. 185 Postfach 700 240",,,,"+49 69 6065-381",regional,
"Binding-Brauerei AG","Darmstaedter Landstrasse 185",,,,"+49 69 6065-0",,http://www.binding-lager.de
"Binger Lammbraeu GmbH","Hauptstrasse 12",,,,"+49 7571 7449-0",,http://www.lammbraeu.com
"Bioland Markt GmbH Bayern","Auf dem Kreuz 58",,,,"+49 821 3468040",,http://www.bioland.de
"Bitburger Brauerei Th Simon GmbH","Postfach 1164",,,,"+49 6561 14-0",regional,
"Bitburger Brauerei Th. Simon GmbH","Roemermauer 3",,,,"+49 6561 14-0",,http://www.bitburger.de
"Boehmisch Brauhaus GmbH and Co.KG","Bahnhofstrasse 11",,,,"+49 35952 403-0",,
"Boente Braeu Gaststaettenvertrieb GmbH","Augustinenstrasse 4",,,,"+49 2361 17609",,http://www.boente-re.de%20www.hausbrauerei-boente.de
Boesehofbraeu,"Hauptmann-Boese-Strasse 19",,,,"(494) 745-9480",,
"Bottroper Brauhaus Bottich","Gladbecker Strasse 78",,,,"+49 2041 262335",,
"Braeu im Moos, Eugen Muench","Moos Nr. 21",,,,"(498) 633-1041",,
"Braeuhaus Barfuesser Neu-Ulm","Paulstrasse 4",,,,"+49 731 97448-0",,
"Braeuhaus Fuessen Anton Koepf GmbH & Co. KG","Rupprechtstrasse 5",,,,"+49 8362 2065/6",,
"Braeuhaus Ummendorf GmbH","Bachstrasse 10",,,,"+49 7351 4443-0",,http://www.braeuhaus.de
Braeuwirt,"Unterer Markt 9",,,,"+49 961 48133-0",,
"Brau Ring GmbH and Co. KG","Buderusplatz 1",,,,"+49 6441 46220",,http://www.brauring-kooperation.de
"Brau Und Brunnen","Aktiengesellschaft Rheinische Strasse 2",,,,"0231 1817-633",large,
"Brau und Brunnen Aktiengesellschaft, Verwaltungssi","Rheinische Strasse 2",,,,"+49 231 1817-02",,http://brau-und-brunnen.de
"Brauberger zu Luebeck Traditionsbrauerei","Alfstrasse 36",,,,"(494) 517-1444",,
"Brauerei A. Eichhorn","Doerfleinser Strasse 43",,,,"(499) 517-5660",,
"Brauerei A. Endres",Hoefen,,,,"+49 9547 264",,
"Brauerei A. Goldschadt","Kellergasse 8",,,,"+49 9285 354",,
"Brauerei A. Lieberth","Forchheimer Strasse 2",,,,"(499) 545-8558",,
"Brauerei A. Schnupp","Haupststr. 8",,,,92036474,regional,
"Brauerei Adolf Mueller","Memminger Strasse 21",,,,"(498) 261-1402",,
"Brauerei Albert Hald","Brunnenstrasse 12, Dunstelkingen",,,,"+49 7327 331",,
"Brauerei Albert Spall","Georg-Metzler-Strasse 21",,,,"+49 6297 219",,
"Brauerei Aldersbach",,,,,85431642,regional,
"Brauerei Aldersbach Frhr. v. Aretin KG","Freiherr-von-Aretin-Platz 1",,,,"+49 8543 9604-0",,http://www.aldersbacher.de
"Brauerei Alfons Hintereder",Chammuenster,,,,"(499) 971-3625",,
"Brauerei Allersheim GmbH","Allersheim 6",,,,"(495) 531-1250",,
"Brauerei Alois Gaessl GmbH & Co. KG","Alois-Gaessl-Strasse 1",,,,"(498) 561-1436",,
"Brauerei Alois Rittmayer","Aischerhauptstr 5.",,,,091957222,regional,
"Brauerei Alsfeld AG","Gruenberger Strasse 68",,,,"+49 6631 9602-0",,http://www.alsfelder.de
"Brauerei Alter Fritz","Karolinenstrasse 12",,,,"+49 30 4335010",,
"Brauerei Alwin Maerkl","Hauptstrasse 11",,,,"49 9627 912 40",regional,
"Brauerei Andreas Sauer GmbH & Co KG","Jurastrasse 30, Gunzendorf",,,,"+49 9545 215",,
"Brauerei Anton Eberl","Schlossstrasse 14",,,,"+49 9466 232",,
"Brauerei Anton Egner",Holzhausen,,,,"(498) 241-4758",,
"Brauerei Anton Neumeyer","Stadtplatz 13",,,,"(499) 443-6824",,
"Brauerei Anton Schleicher, Lamm-Braeu","Bahnstrasse 3, Untertheres",,,,"(499) 521-8232",,
"Brauerei Anton und Maria Reder","Marktplatz 55",,,,"+49 8782 275",,
"Brauerei August Gleumes GmbH","Sternstrasse 12",,,,"+49 2151 601539",,
"Brauerei August Helbig KG","Ahaeuserweg 8",,,,"+49 6471 39081",,
"Brauerei August Sauter KG","Hauptstrasse 27",,,,"+49 7374 9211-0",,
"Brauerei Aying","Zornedinger Str 1",,,,"+49 8095 88 0",regional,http://www.ayinger-bier.de
"Brauerei B. Schmitt","Oberend 19",,,,"+49 9542 563",,
"Brauerei Baptist Braeutigam","Dorfstarsse 12",,,,"(499) 522-1628",,
"Brauerei Bauer GmbH","Hauptstrasse 7",,,,"(498) 085-1005",,
"Brauerei Bauriedl","Ludwig-Mueller-Strasse 21",,,,"+49 9653 274",,
"Brauerei Beck and Co","Am Deich 18/19",,,,"(494) 215-0940",,http://www.becks.de
"Brauerei Becker GmbH and Co KG","Kaiserstrasse 170",,,,"(496) 894-1030",,http://www.innovationspark.com/brauereibecker
"Brauerei Benedikt Stadter","Pottaschhuette 2a",,,,"(499) 216-6816",,
"Brauerei Bernhard Schels KG","Regensburger Strasse 21",,,,"(499) 631-1267",,
"Brauerei Bischofshof Regensburg","Heitzerstrasse 2",,,,"(499) 412-0010",large,http://www.bischofshof.de
"Brauerei Blauer Loewe Gemeiner GmbH","Brueckenstrasse 9",,,,"(499) 193-8219",,
"Brauerei Bosch GmbH and Co KG","Steinackerstrasse 15",,,,"+49 2752 476220",regional,http://www.brauerei-bosch.de
"Brauerei Brantl","Regensburger Strasse 16",,,,"(499) 461-1228",,
"Brauerei Bruckmueller","Vilsstrasse 2",,,,"+49 9621 4880-0",,
"Brauerei Bub oHG","Marktplatz 14",,,,"+49 9120 204",,
"Brauerei Burgerbrau August Rohm and Sohne KG","Waaggasse 1-3",,,,"49 8651 608 617",regional,http://www.buergerbraeu.com
"Brauerei Carl Betz GmbH","Waldweg 101",,,,"+49 5141 85025",,http://www.celler-bier.de
"Brauerei Carl Bolten GmbH and Co.","Rheydter Strasse 138",,,,"+49 2161 61790-0",,
"Brauerei Christoph Jahn Erben GmbH + Co. KG","Kronacher Strasse 22",,,,"+49 9263 9900-0",,http://www.jahns-braeu.de
"Brauerei Clemens Haerle","Am Hopfengarten 5",,,,"+49 7561 9828-0",,
"Brauerei Dessow GmbH","Neuruppiner Strasse 2",,,,"(493) 397-4650",,
"Brauerei Doerzbacher","Schillingstadt, Lange Strasse 53",,,,"+49 7930 374",,
"Brauerei Dr. Karl Silbernagel","Bahnhofstrasse 22",,,,"(498) 053-1242",,
"Brauerei Drei Kronen 1308 GmbH","Hauptstrasse 39",,,,"+49 9542 516",,http://www.dreikronen.de
"Brauerei Drei Kronen Straub KG","Hauptstrasse 19",,,,"+49 951 94433-0",,
"Brauerei E. F. Peschl","Auerspergstrasse 2",,,,"(498) 515-4041",,
"Brauerei Eduard Falter","Hofmark 5",,,,"(499) 945-1013",,
"Brauerei Eduard Seybold und Rainer Noll","Ulmer Strasse 58",,,,"(497) 308-2526",,
"Brauerei Eichhorn Konrad Greif","Bamberger Strasse 9",,,,"+49 9191 727920",,
"Brauerei Erharting J. Roehrl KG","Hauptstrasse 6",,,,"+49 8631 99466",,
"Brauerei Erl","Straubinger Strasse 10",,,,"+49 9423 9417-0",,http://www.brauerei-erl.de
"Brauerei Ernst Michael Rampl","Braeustrasse 15",,,,"(498) 073-2067",,
"Brauerei Faessla","Obere Koenigstrasse 19",,,,"(499) 512-2998",,http://www.bierstadt.de/faessla.html
"Brauerei Felsenkeller Herford","Postfach 1351",,,,"(495) 221-9650",large,http://www.herforder-pils.de
"Brauerei Ferdinand Schumacher GmbH & Co. KG, Stamm","Oststrasse 123",,,,"+49 211 828902-0",,http://www.schumacheralt.de
"Brauerei Fischer",Greuth,,,,"+49 9502 545",,
"Brauerei Franz Engel","Marktplatz 11",,,,"(499) 522-5959",,
"Brauerei Franz Goeller, Zur alten Freyung","Wildgarten 12",,,,"+49 9524 255",,http://www.brauerei-goeller.de
"Brauerei Franz Rittmayer","An der Mark 1",,,,"(499) 545-7467",,
"Brauerei Franz Schorer jun.","Grimoldlsrieder Strasse 2",,,,"+49 8239 507",,
"Brauerei Franz Xaver Glossner & Neumarkter Mineral","Schwesterhausgasse 8-16, Am Ludwigshain",,,,"(499) 181-2340",,http://www.glossner.de%20www.neumarkter-mineralbrunnen.de
"Brauerei Friedmann","Jaegersberg 16/17",,,,"+49 9192 318",,
"Brauerei Friedrich Haass KG","Ascheroeder Strasse 3-9",,,,"+49 6691 23051",,
"Brauerei Friedrich Hoenig",Tiefenellern,,,,"+49 9505 391",,
"Brauerei Friedrich Riemhofer","Austrasse 45",,,,"(499) 442-1636",,
"Brauerei Friedrich Wacker","Groeninger Hauptstrasse 63",,,,"(497) 955-2203",,
"Brauerei Frischeisen","Regensburger Strasse 69",,,,"+49 9441 5049-0",,http://www.altmuehltal.de/kelheim/hotel/h-frisch.htm
"Brauerei Fritz Hebendanz","Sattlertorstrasse 14",,,,"(499) 191-2619",,
"Brauerei Gasthaus Andreas Wernsdoerfer","Obere Bachgasse 5",,,,"+49 9546 389",,
"Brauerei Gasthaus Fritz Baehr","Zettmannsdorfer Strasse 24",,,,"+49 9546 379",,
"Brauerei Gasthaus Hofmann","Hohenschwaerz, Nr. 16",,,,"+49 9192 251",,
"Brauerei Gasthof Fritz Barnikel","Herrnsdorf 28",,,,"+49 9502 293",,
"Brauerei Gasthof Georg Goeller","Schesslitzer Strasse 7, Drossendorf",,,,"(499) 505-1745",,
"Brauerei Gasthof Georg Kraus","Luitpoldstrasse 11",,,,"+49 9543 8444-0",,http://www.brauerei-kraus.de
"Brauerei Gasthof Mager","Hauptstrasse 17",,,,"+49 9243 333",,
"Brauerei Gastwirtschaft Andreas Huebner","Marktplatz 11, Ebing",,,,"+49 9547 481",,
"Brauerei Gebr. Fohr oHG","Westallee 9",,,,"(492) 623-3021",,
"Brauerei Gebr. Krauss",Riedbach,,,,"+49 7936 261",,
"Brauerei Gebr. Maisel Bayreuth GmbH & Co.","Hindenburgstrasse 9",,,,"+49 921 401-0",,http://www.maisel.com
"Brauerei Gebr. Paeffgen KG","Friesenstrasse 64",,,,"+49 221 135461",,http://www.paeffgen-koelsch.de
"Brauerei Gebr. Schlumberger KG","Heidenheimer Strasse 9",,,,"+49 7321 9798-0",,
"Brauerei Gebr. Waldschmidt","Pfannenstielsgasse 17",,,,"+49 6441 42069",,
"Brauerei Gebrueder Roehrl","Heerstrasse 11",,,,"+49 9421 23001/2",,
"Brauerei Gebrueder Stoeckel oHG","Hintergereuth, Nr. 4",,,,"+49 9246 275",,
"Brauerei Gentner","Dr-Johann-Baptist-Kurz-Platz 2",,,,"+49 9875 9750-0",,
"Brauerei Georg Bauer","Marktplatz 3",,,,"+49 9156 234",,
"Brauerei Georg Doerr, Michelstaedter Bier","Hochstrasse 15",,,,"(496) 061-2347",,
"Brauerei Georg Meinel","Alte Plauener Strasse 24",,,,"(499) 281-3514",,
"Brauerei Georg Polster KG","Forchheimer Strasse 13",,,,"+49 9134 217",,
"Brauerei Georg Seelmann","Zettmannsdorfer Hauptstrasse 18",,,,"(499) 546-6684",,
"Brauerei Georg Wolf KG","Brauereistrasse 2, Ortsteil Fuchsstadt",,,,"+49 9333 9712-0",,
"Brauerei Gold Ochsen GmbH","Veitsbrunnenweg 3",,,,"+49 731 164-0",,http://www.look.de/goldochsen
"Brauerei Gotha GmbH","Leinastrasse 50",,,,"(493) 621-4670",,
"Brauerei Gottfried Knerr","St.-Georg-Strasse 2, Neukirchen",,,,"+49 9491 9409-0",,
"Brauerei Grandauer GmbH","Rotter Strasse 15",,,,"+49 8092 700937",,
"Brauerei Greiner Erich Zierer KG","Chamer Strasse 10",,,,"+49 9461 851",,
"Brauerei Grohe GmbH","Nieder-Ramstaedter-Strasse 3",,,,"+49 6151 44455",,
"Brauerei Guenter Egolf","Hintere Klinge 1",,,,"+49 6293 488",,
"Brauerei Gutmann","Kreuzberg 1",,,,"+49 8423 9966-0",,http://www.brauerei-gutmann.de
"Brauerei H. Lederle","Muehlbachstrasse 14",,,,"+49 8267 232",,
"Brauerei Haberstumpf","Bergstrasse 31",,,,"+49 9227 351",,
"Brauerei Hacklberg","Braeuhausplatz 3",,,,"+49 851 501522",,http://www.hacklberg.de
"Brauerei Hans Carry","Schmiedgasse 1",,,,"(498) 272-2323",,
"Brauerei Hans Dodell","Kirchstrasse 16",,,,"+49 7174 306",,
"Brauerei Hans Haberl","Am Graben 1",,,,"+49 9674 508",,
"Brauerei Hans Heller","Hauptstrasse 33",,,,"(499) 132-2073",,
"Brauerei Hans Hennemann","Sambach 33",,,,"(499) 502-4307",,
"Brauerei Hans Hilsenbeck","Hauptstrasse 37",,,,"(497) 335-5325",,
"Brauerei Hans Rueckel","Erlabronner Strasse 10",,,,"+49 9167 205",,
"Brauerei Hans Senger","Oberend 11",,,,"(499) 542-1064",,
"Brauerei Hans Witzgall","Schlammersdorfer Strasse 17",,,,"(499) 545-7452",,
"Brauerei Hans Wolfring",Leups,,,,"+49 9246 247",,
"Brauerei Hauf GmbH","Heiningerstrasse 28",,,,"+49 9851 5752-0",,http://www.hauf-bier.de
"Brauerei Heinrich Hoelzlein","Ellertalstrasse 13",,,,"+49 9505 357",,
"Brauerei Heinrich Kuerzdoerfer","Lindenhardt 16",,,,"+49 9246 221",,
"Brauerei Heinrich Kunz","Haller Strasse 2, Untergroeningen",,,,"+49 7975 284",,
"Brauerei Heinrich Proessl","Dominikanerinnenstrasse 2",,,,"(499) 404-1822",,
"Brauerei Heinrich Reissdorf GmbH & Co","Emil-Hoffmann-Strasse 4-10",,,,"+49 2236 9655-0",,http://www.reissdorf.de
"Brauerei Heller Betriebsgesellschaft mbH","Roonstrasse 33",,,,"+49 221 2401881",,
"Brauerei Hermann Sigwart KG","Rossmuehle 10",,,,"+49 9141 8575-0",,
"Brauerei Herrenhausen KG","Herrenhaeuser Strasse 83-99",,,,"(495) 117-9070",,http://www.herrenhaeuser.de
"Brauerei Hirsch K. D. Schmitt","Heidenheimer Strasse 27",,,,"(497) 323-6558",,
"Brauerei Hoecht u. Soehne Gritschenbraeu","Augsburger Strasse 2",,,,"+49 8252 83494",,
"Brauerei Horneck GmbH & Co KG, Brauerei-Maelzerei-","Horneck 7",,,,"+49 8753 503",,
"Brauerei Hubert Mellert","Hauptstrasse 59-64",,,,"(497) 832-2808",,
"Brauerei Hugo Meyringer","Regensburger Strasse 5",,,,"(499) 406-1047",,
"Brauerei Hugo Streck oHG","Jahnstrasse 11",,,,"+49 9777 9265/6",,
"Brauerei Hutthurm","Marktplatz 5",,,,"(498) 505-9403",,http://www.hutthurmer.de
"Brauerei Im Fuechschen","Ratinger Strasse 28",,,,"+49 211 13747-0",,http://www.fuechschen.de
"Brauerei Iserlohn GmbH","Gruener Talstrasse 40-50",,,,"(492) 371-9570",,http://www.iserlohner.de
"Brauerei Jacob Wochinger & Sohn","Oswaldstrasse 4",,,,"+49 861 98606-0",,
"Brauerei Joh. Cramer and Cie.","Zehnthofstrasse 66, Wollersheim",,,,"+49 2425 204",,http://www.cramer-bier.de
"Brauerei Johann Dietl","Baumburg 20a",,,,"(498) 621-4034",,
"Brauerei Johann Merklein",Stuebig,,,,"+49 9542 433",,
"Brauerei Johann Stammler","Marktplatz 16",,,,"(498) 742-8621",,
"Brauerei Johann Wichert","Alte Reichsstrasse 50",,,,"(499) 571-3317",,
"Brauerei Johanna Friedel","Hoechstadter Strasse 1",,,,"+49 9502 209",,
"Brauerei Johannes Huebner","Hauptstrasse 28",,,,"+49 9504 207",,
"Brauerei Josef Amberger","Donaustrasse 12",,,,"(498) 457-1247",,
"Brauerei Josef Drexler","Braeustrasse 3",,,,"(499) 461-2154",,
"Brauerei Josef Fuchs","Alte Reichsstrasse 10",,,,"+49 821 48092-0",,
"Brauerei Josef Goss","Regensburger Strasse 16",,,,"(499) 498-1512",,
"Brauerei Josef Grassl","Hammerstrasse 32",,,,"(499) 972-1445",,
"Brauerei Josef Greif","Serlbacher Strasse 10",,,,"+49 9191 727920",,
"Brauerei Josef Hofmann","Hauptstrasse 26",,,,"(499) 547-6239",,
"Brauerei Josef Ruhland","Memminger Strasse 8",,,,"+49 8335 9842-0",,
"Brauerei Josef Rumpf","Betzenweiler Strasse 15, Haitlingen",,,,"(497) 371-8658",,
"Brauerei Josef Winkler KG","Schanzgaesschen 6",,,,"+49 9621 13088",,
"Brauerei Julius Hummel","Lindenstrasse 9, Merkendorf",,,,"(499) 542-1247",,
"Brauerei K. Dorn","Markgrafenstrasse 3",,,,"+49 9824 326",,
"Brauerei Kanone Loehr GmbH & Co. KG","Bayreuther Strasse 3",,,,"+49 9153 366",,http://www.brauerei-kanone.de
"Brauerei Karg GmbH & Co. KG","Untermarkt 27",,,,"(498) 841-4211",,http://www.karg-weissbier.de
"Brauerei Karl Duell","Pfarrer-Geyer-Strasse 1",,,,"(499) 332-8663",,
"Brauerei Kathi Meyer","Kathibraeu, Heckenhof",,,,"+49 9198 277",,
"Brauerei Keesmann KG","Wunderburg 5",,,,"(499) 512-6646",,http://www.bierstadt.de/keesmann
"Brauerei Kneitinger","Kreuzgasse 7",,,,"+49 941 59302-0",,http://www.kneitinger.de
"Brauerei Kuehbach Freiherr von Beck-Peccoz","Grosshausener Strasse 2",,,,"+49 8251 8966-0",,
"Brauerei Kummert GmbH & Co KG","Raigeringer Strasse 11-15",,,,"+49 9621 13232",,
"Brauerei L. Schoenberger Soehne","Bahnhofstrasse 4",,,,"+49 6162 82021",,
"Brauerei Ladenburger GmbH","Hauptstrasse 14",,,,"(497) 961-3552",,
"Brauerei Landsberg GmbH","Bahnhofstrasse 33",,,,"+49 34602 21634",,http://www.landsberger.de
"Brauerei Leicht GmbH","Pferdsfeld 22 96250 Ebensfeld",,,,"(499) 514-4237",,
"Brauerei Lemke Berlin","Dircksenstrasse, S-Bahnbogen 143",,,,,micro,
"Brauerei Leo Thein","Steinhauser Strasse 28, Lembach",,,,"+49 9549 391",,
"Brauerei Leonhard Schuebel oHG","Knollenstrasse 12",,,,"+49 9225 9559-0",,
"Brauerei Lorenz Widmann","Stettfelder Str. 9 Ebelsbach, Bavaria",,,,"(498) 121-3349",,http://www.widmann-bier.de
"Brauerei Loscher KG","Steigerwaldstrasse 21",,,,"+49 9166 607",,http://www.brauerei-loscher.de
"Brauerei Ludwig Dorzbacher","Langestr 53",,,,7930374,regional,
"Brauerei Ludwig Ehrnsperger","Ringstrasse 4",,,,"(499) 181-5885",,
"Brauerei Ludwig Reuter","Unternbibert 17",,,,"+49 9828 229",,
"Brauerei Ludwig Roth GmbH","Obere Strasse 24",,,,"(499) 721-1034",,http://www.rothbier.de
"Brauerei Luedde","Blasiistrasse 14",,,,"(493) 946-3251",,
"Brauerei M. C. Wieninger GmbH & Co. KG","Poststrasse 1",,,,"(498) 666-8020",,http://www.wieninger.de
"Brauerei M. Ketterer GmbH & Co.","Frombachstrasse 27",,,,"+49 7833 9396-0",,http://www.kettererbier.de
"Brauerei M. Plank","Marktplatz 1",,,,"(499) 498-8707",,http://www.brauerei-plank.de
"Brauerei Maelzerei Georg Brehmer","Am Bach 3",,,,"+49 9192 348",,
"Brauerei Maelzerei Otto Kienberger","Dachhauer Strasse",,,,"+49 9963 805",,
"Brauerei Maierbraeu KG","Marktplatz 2",,,,"(498) 254-8085",,
"Brauerei Maisach Privatbrauerei J. Sedlmayr","Hauptstrasse 24",,,,"+49 8141 90111",,
"Brauerei Maria Betz","Johann-Metzler-Strasse 19",,,,"+49 9676 234",,
"Brauerei Mariabrunn Herbert Breitling",,,,,"(498) 139-8663",,
"Brauerei Martin Sterk","Talweg 3, Raigering",,,,"+49 9621 22119",,
"Brauerei Max Amberger","Marktplatz 8",,,,"(498) 456-7245",,
"Brauerei Max Leibinger GmbH","Friedhofstrasse 22",,,,"(497) 513-6990",,http://www.leibinger.de
"Brauerei Max Wolf GmbH","Marienstrasse 38",,,,"+49 721 389170",,
"Brauerei Michael Heldrich","Sulzbacher Strasse 3",,,,"+49 9665 441",,
"Brauerei Michael Knoblach","Kremmeldorfer Strasse 1",,,,"+49 9505 267",,
"Brauerei Michael Plank","Marktplatz 1",,,,"9498 8707",,
"Brauerei Michael Raab","Johannisstrasse 9",,,,"+49 9523 328",,
"Brauerei Michael Trassl oHG Brauerei Huetten","Huetten 6-8",,,,"+49 9277 312",,
"Brauerei Mittenwald Mathias Neuner KG","Innsbrucker Strasse 13",,,,"(498) 823-1007",,http://www.brauerei-mittenwald.de
"Brauerei Moninger AG","Durmersheimer Strasse 59",,,,"(497) 215-7020",,http://www.moninger.de
"Brauerei Muellerbraeu","Hauptplatz 36",,,,"(498) 441-3077",,
"Brauerei Neder GmbH","Sattlertorstrasse 10",,,,"(499) 191-2400",,
"Brauerei Neeb Zum Goldenen Loewen",Unterschleichach,,,,"+49 9529 277",,
"Brauerei Neuhof oHG","Sehensander Weg 4",,,,"(498) 431-7066",,
"Brauerei Neunspringe Worbis GmbH","Duderstaedter Strasse 33",,,,"+49 36074 979-0",,http://www.brauerei-neunspringe.de
"Brauerei Oberbraeu Friedrich Wochinger oHG","Industriestrasse 5",,,,"(498) 024-6470",,
"Brauerei Ott GmbH & Co. KG","Wilhelm-Schussen-Strasse 12",,,,"(497) 583-4040",,http://www.schussenrieder.de
"Brauerei Ottilie Puettner","Hauptstrasse 11",,,,"+49 9205 292",,
"Brauerei Otto Nothhaft & Sohn","Ottostrasse 30",,,,"(499) 231-2077",,
"Brauerei Peter Muehlbauer","Further Strasse 10",,,,"+49 9977 221",,
"Brauerei Pinkus Mueller GmbH & Co. KG","Kreuzstrasse 4-10",,,,"+49 251 45151/2",,
"Brauerei Plank GmbH",Wiefelsdorf,,,,"+49 9431 50450",,
"Brauerei Poellinger-Rank","Moosburger Strasse 65",,,,"+49 8782 209",,
"Brauerei Rapp KG","Augsburger Strasse 14",,,,"(498) 238-3090",,
"Brauerei Reh","Ellertalstrasse 36, Lohndorf",,,,"+49 9505 210",,
"Brauerei Reichenbrand GmbH & Co.","Zwickauer Strasse 478",,,,"+49 371 850214",,http://www.brauerei-bergt.de
"Brauerei Reichold","Hochstahl, Nr. 24",,,,"+49 9204 271",,http://www.reichold.de
"Brauerei Reindler KG","Am Ring 5, Jochsberg",,,,"+49 9823 203",,
"Brauerei Rhenania Robert Wirichs GmbH & Co. KG","Obergath 68-112",,,,"(492) 151-3330",,
"Brauerei Richard Wagner","Pointstrasse 1, Merkendorf",,,,"+49 9542 620",,
"Brauerei Roetter","Hauptstrasse 48",,,,"+49 9854 380",,
"Brauerei Rothmoos Anton Kirnberger GmbH","Rothmoos 2",,,,"+49 8055 304",,
"Brauerei Rudolf Bauer","Hauptstrasse 30",,,,"(499) 435-1505",,
"Brauerei Rudolf Bruetting",Friesen,,,,"(499) 545-8581",,
"Brauerei Rudolf Sauer","Thierlstein Nr. 2",,,,"(499) 971-3658",,
"Brauerei S. Riegele Inh. Riegele KG","Froelichstrasse 26",,,,"(498) 213-2090",,http://www.riegele.de
"Brauerei Sauer","Hauptstrasse 45",,,,"(499) 195-7910",,http://www.abseits.de/sauer.htm
"Brauerei Schaeffler Hanspeter Grassl KG","Hauptstrasse 17",,,,"(498) 320-9200",,http://www.schaeffler-braeu.de
"Brauerei Schleicher OHG","Coburger Strasse 22, Kaltenbrunn",,,,"+49 9533 229",,
"Brauerei Schleswig","Koenigstrasse 27",,,,"+49 4621 29206",,http://www.asgaard.de
"Brauerei Schloesser GmbH","Muensterstrasse 156",,,,"(492) 114-4940",,http://www.schloesser.de
"Brauerei Schmetzer","Reubacher Strasse 3, Michelbach an der L",,,,"(497) 955-2234",,
"Brauerei Schmidmayer","Hopfenstrasse 3",,,,"+49 9444 972-222",,
"Brauerei Schnitzlbaumer","Muehlenstrasse 8",,,,"+49 861 3033",,
"Brauerei Schwarzbraeu GmbH","Marktplatz 6",,,,"+49 8291 88-0",,
"Brauerei Schwelm, Haarmann & Kathagen GmbH & Co. K","Neumarkt 1",,,,"+49 2336 4908-0",,http://www.schwelmer.com
"Brauerei Sebastian Leidmann",,,,,"(498) 634-8087",,
"Brauerei Sippel","Burgstrasse 20",,,,"(499) 544-2488",,
"Brauerei Spezial Christian Merz","Obere Koenigstrasse 10",,,,"(499) 512-4304",,http://www.bierstadt.de/spezial.html
"Brauerei St. Scheidmantel KG","Rosenauer Strasse 98",,,,"+49 9561 8588-0",,
"Brauerei Stefan Krug","Alte Dorfstrasse 11, Geisfeld",,,,"+49 9505 484",,
"Brauerei Stierberg","Stierberg 12",,,,"(498) 082-1851",,
"Brauerei Stolz GmbH & Co. KG","Rotenbacher Weg 2",,,,"(497) 562-2461",,http://www.isnet-ev.de
"Brauerei Strauss Inh. Karl Strauss","Bahnhofstrasse 20, Wettelsheim",,,,"(499) 142-8389",,
"Brauerei Stumpf GmbH & Co. KG","Ludwigstrasse 3",,,,"+49 9352 8729-0",,http://www.lohrer-bier.de
"Brauerei Th. Schanz sen.","Schulstrasse 9a",,,,"+49 7351 1501-0",,
"Brauerei Thomas Ametsbichler","Hauptstrasse 13",,,,"(498) 638-3204",,http://www.iivs.de/aschau/firmen/aschauer
"Brauerei Thomas Laupheimer","Dorfstrasse 15, Guenz",,,,"(498) 336-7371",,
"Brauerei u. Gasthof zur Krone F. Tauscher GmbH & C","Baerenplatz 7",,,,"(497) 542-7452",,http://www.tettnang.com/krone.htm
"Brauerei und Gasthof Adler","Adlergasse 2, Dellmensin",,,,"(497) 305-7342",,
"Brauerei und Gastwirtschaft Guenther Dremel","Hauptstrasse 21",,,,"+49 9504 271",,
"Brauerei und Maelzerei Hiernickel-Braeu KG","Hauptstrasse 75",,,,"(499) 521-6820",,
"Brauerei Unertl KG","Weissgerberstrasse 7",,,,"+49 8631 3768-0",,http://www.unertl.com
"Brauerei Ustersbach Adolf Schmid KG, Brauerei und","Hauptstrasse 40",,,,"(498) 236-5890",,http://www.ustersbacherbier.de
"Brauerei Vinzenz Schauer","Schlossplatz 1",,,,"+49 9974 372",,
"Brauerei Wagner","Bamberger Strasse 2",,,,"+49 9503 229",,
"Brauerei Waldhaus Joh. Schmid GmbH","Waldhaus 1",,,,"+49 7755 9222-0",,http://www.brauerei-waldhaus.de
"Brauerei Weideneder","Marktplatz 43",,,,"+49 8572 9601-0",,
"Brauerei Westheim GmbH","Kasseler Strasse 7",,,,"(492) 994-8890",regional,http://www.brauerei-westheim.de
"Brauerei Wilhelm Bischoff",Weilerhof,,,,"+49 2232 27366",,
"Brauerei Wilhelm Ketterer","Jahnstrasse 10-22",,,,"+49 7231 9211-0",micro,http://www.brauerei-ketterer.de
"Brauerei Wilhelm Krieger KG","Hauptstrasse 102",,,,"+49 9951 9811-0",,
"Brauerei Windsheimer","Hauptstrasse 13",,,,"(499) 163-2293",,
"Brauerei Wingershof Anton Falk Inh. Charlotte Zobe","Wingershofer Strasse 30",,,,"+49 9621 81534",,
"Brauerei Winkler","Otterbachstrasse 13, Melkendorf",,,,"+49 9505 224",,http://www.brauerei-winkler.onlinehome.de
"Brauerei Woerlitz GmbH","Erdmannsdorffstrasse 212",,,,"+49 34905 20374",,
"Brauerei Wolf Inh. Karl Heinrich Wolf","Paul-Gerhardt-Platz 7",,,,"+49 9383 440",,
"Brauerei Xaver Lang oHG","Marktplatz 27",,,,"+49 8734 9224-0",,
"Brauerei Xaver Wasserburger","Braeuhausgasse 10",,,,"+49 8731 50008",,
"Brauerei Zoller-Hof Graf-Fleischhut GmbH & Co. KG","Leopoldstrasse 40",,,,"(497) 571-7210",,
"Brauerei Zum Adler Hans Amtmann","Marktplatz 6",,,,"+49 9552 359",,
"Brauerei zum Kuchlbauer GmbH","Roemerstrasse 5",,,,"+49 9443 9101-0",,
"Brauerei zum Rossknecht GmbH","Am Reithausplatz 21",,,,"+49 7141 902551",,
"Brauerei Zum Schwanan","Franziskanergasse 3",,,,"+49 711 319780",,
"Brauerei zum Schwert","Viehmarkt 9",,,,"(497) 391-1288",,
"Brauerei Zur Goldenen Gans","Weite Gasse 11",,,,"(498) 213-5075",,http://www.goldene-gans.de
"Brauerei zur Malzmuehle Schwartz KG","Heumarkt 6",,,,"+49 221 210118",,
"Brauerei Zur Sonne Inh. Dieter + Christian Schuhma","Regnitzstrasse 2",,,,"(499) 516-2571",,
"Brauerei Zwanzger","Burghaslacher Strasse 10",,,,"(499) 163-7849",,http://bierstrasse.de/9.htm
"Brauereidir. I.R.","Laibnerstr. 7 86919 Utting Am Ammersee",,,,088067203,,
"Brauereigasthof Adolf Schnupp","Altdrossenfeld 8",,,,"(499) 203-9920",,
"Brauerei-Gasthof Berghammer","Donaustrasse 55",,,,"+49 9405 962176",,http://www.bad-abbach.de/lokale/berghamm.htm
"Brauereigasthof Eck","Eck 1",,,,"+49 9923 8405-0",,http://www.brauerei-eck.de
"Brauerei-Gasthof Goldener Engel","Raiffeisenstrasse 4",,,,"(498) 223-1274",,http://www.engelbrauerei.de
"Brauerei-Gasthof Prechtel","Hauptstrasse 24",,,,"+49 9163 228",,http://bierstrasse.de/5.htm
"Brauerei-Gasthof Sonne","Hauptstrasse 29",,,,"(499) 194-9093",,
"Brauerei-Gasthof Zur Sonne","Zaugendorfer Strasse 4, Muersbach",,,,"+49 9533 981017",,
"Brauerei-Gaststaette Schloessle Zoller & Maylaende","Schloessleweg 3",,,,"(497) 317-7390",,
"Brauereigenossenschaft Holzkirchen eG","Industriestrasse 5",,,,"(498) 024-6073",,
"Brauereigesellschaft vorm. Meyer and Soehne AG","Hauptstrasse 1-3",,,,"+49 7642 67-0",,
"Brauerei-Gut Josef Weinzierl","Hauptstrasse 2, Ortsteil Unterneuhausen",,,,"+49 8708 260",,
"Brauerel Georg Arnold","Hersbrucker Str 50",,,,,,
"Brauergilde Hannover AG","Hildesheimer Strasse 132, Eingang Alte D",,,,"(495) 119-8080",,
"Brauerigasthof Prosselbrau","Dominikanerinnenstr 1-3",,,,94041822,regional,
"Brauer-Vereinigung Pegnitz GmbH","Am Buchauer Berg 4",,,,"(499) 241-2035",,
"Brauhaus 1. Wuerzburger Hausbrauerei","Burkarderstrasse 2-4",,,,"(499) 314-3159",,
"Brauhaus Aidenbach Woerlein KG","Marktplatz 49",,,,"(498) 543-1340",,
"Brauhaus Altenkunstadt Andreas Leikeim KG","Langheimer Strasse 14",,,,"+49 9572 7505-0",,http://www.leikeim.de
"Brauhaus Am Lohberg Gasthausbrauerei Wismar GmbH","Kleine Hohe Strasse 15",,,,"+49 3841 250238",,http://www.brauhaus-wismar.de
"Brauhaus am Waldschloesschen","Am Brauhaus 8b",,,,"+49 351 81199-0",,http://www.waldschloesschen.de
"Brauhaus Barfuesser Heilbronn","Allee 35",,,,"+49 7131 963441",,
"Brauhaus Barfuesser Nuernberg","Hallplatz 2",,,,"+49 911 204242",,
"Brauhaus Castel","Otto-Suhr-Ring 27",,,,"+49 6134 24999",,
"Brauhaus Doebler","Kornmarkt 6",,,,"(499) 841-2002",,http://www.brauhaus-doebler.de
"Brauhaus Eurostr and Fintel GmbH","Bruchweg 11",,,,"+49 4265 9311-0",,
"Brauhaus Faust OHG vormals Loewenbrauerei Miltenbe","Hauptstrasse 219",,,,"+49 9371 971310",micro,http://www.faust.de
"Brauhaus Georg-Braeu, Gasthausbrauerei im Nikolaiv","Spreeufer 4",,,,"+49 30 2424244",,
"Brauhaus Goslar","Inh. Odin Paul Ek Marktkirchhof 2",,,,05321685804,,http://www.harzart.de/wolpertinger/index.htm
"Brauhaus Graf Beust","Kastanienallee 95",,,,"+49 201 225719",,
"Brauhaus Hanseat","Zippelhaus 4",,,,"(494) 032-2552",,
"Brauhaus Herrieden Inh. Leonhard Wehr","Vogteiplatz 8-10",,,,"+49 9825 232",,
"Brauhaus Hoechstadt/Aisch e.G.","Kellerstrasse 7",,,,"(499) 193-8367",,
"Brauhaus in Rixdorf","Glasower Strasse 27",,,,"+49 30 6268880",,
"Brauhaus Joh. Albrecht Bielefeld","Hagenbruchstrasse 9",,,,"(495) 216-2351",,http://www.net-owl.de/brauhaus
"Brauhaus Joh. Albrecht Duesseldorf","Niederkasseler Strasse 104",,,,"+49 211 570129",,
"Brauhaus Joh. Albrecht Hamburg","Adolphsbruecke 7",,,,"(494) 036-7740",,
"Brauhaus Joh. Albrecht Konstanz, Gasthausbrauerei","Konradigasse 2",,,,"+49 7531 25045",,
"Brauhaus Joh. Albrecht Regensburg","Schwarze-Baeren-Strasse 6",,,,"(499) 415-1055",,
"Brauhaus Kronenbraeu Altenmuenster GmbH","Hauptstrasse 33",,,,"(498) 342-1081",,
"Brauhaus Moessingen H. Fischer","Auf der Lehr 30",,,,"(497) 473-6023",,http://www.fischers-frisches.de
"Brauhaus Neustadt/Aisch Gebr. Burkart","Bamberger Strasse 48",,,,"(499) 161-2085",,
"Brauhaus Nittenau J. Jakob","Brauhausstrasse 5",,,,"(499) 436-8209",,
"Brauhaus Pfaffenhofen a/Ilm Urban KG","Kellerstrasse 36",,,,"(498) 441-7530",,
"Brauhaus Schinner Inh. Hans Schinner","Bindlacherstr. 10",,,,"(499) 217-9780",,
"Brauhaus Schweinfurt GmbH","Klingenbrunnstrasse 22",,,,"(499) 721-5360",,http://www.brauhaus-schweinfurt.de
"Brauhaus Stephanus","Overhagenweg 1",,,,"(492) 541-1000",,http://www.brauhaus-stephanus.de
"Brauhaus Torgau Aktiengesellschaft","Naundorfer Strasse 7",,,,"(493) 421-7443",,http://www.brauhaus-torgau-ag.de
"Brauhaus Wiesenmuehle GmbH & Co.","Wiesenmuehlenstrasse 13",,,,"+49 661 92868-0",,http://www.fulda-online.de/firmen/brauhauswiesenmuehle
"Brauhaus Wilhelm Roehr GmbH & Co. KG","Teichstrasse 41",,,,"(492) 422-3244",,
"Brauhaus Zum Loewen","Kronmarkt 3",,,,"(493) 601-4710",,http://www.brauhaus-zum-loewen.de
"Brauhaus Zwiebel","Ulricherstrasse 24",,,,"(492) 921-4424",,http://www.brauhaus-zwiebel.de
"Braustolz GmbH","Am Feldschloesschen 18",,,,"(493) 713-6680",,
Brennerbascht,"Hauptstrasse 46",,,,"+49 8652 985850",,
"Brewery In Planning - Volkenschwand",,,,,,planning,
"Brunner Braeu","Spanberg 3",,,,"(498) 721-6801",,
"Bucher-Braeu GmbH and Co KG","Elsenthaler Strasse 5-7",,,,"+49 8552 4087-0",,http://www.bucher-braeu.de
"Buerger Braeu Hof Maria Ried","Ascher Strasse 5",,,,"+49 9281 7366-0",,http://www.bbhof.de
"Buergerbraeu Bad Reichenhall August Roehm Soehne","Waaggasse 1-3",,,,"(498) 651-6080",,http://www.buergerbraeu.com
"Buergerbraeu Hersbruck Deinlein & Co. KG","Lohweg 38",,,,"(499) 151-3003",,
"Buergerbraeu Regen J. Baptist Falter","Am Sand 15",,,,"(499) 921-3333",,
"Buergerbraeu Selb","Obere Bergstrasse 12",,,,"(499) 287-3044",,
"Buergerliches Brauhaus Augsburg-Goeggingen Ludwi","Goegginger Strasse 90",,,,"+49 821 57059-0",,
"Buergerliches Brauhaus Ingolstadt Aktiengesellscha","Manchinger Strasse 95",,,,"+49 841 631-0",,http://www.herrnbraeu.de
"Buergerliches Brauhaus Ravensburg-Lindau AG","Friedhofstrasse 3",,,,"(497) 518-8030",,http://www.ravensburger-buergerbraeu.de
"Buergerliches Brauhaus Saalfeld GmbH","Poessnecker Strasse 55",,,,"+49 3671 6736-0",,
"Buergerliches Brauhaus Wiesen Christof Hartmann Gm","Hauptstrasse 97",,,,"+49 6096 373",,
"Burgbrauerei Thuengen GmbH","Hauptstrasse 1",,,,"+49 9360 990808",,
"Burghof Gommern GmbH","Walter-Rathenau-Strasse 9-10",,,,"+49 39200 7660",,
"Buxtehuder Brauhaus","Kirchenstrasse 13",,,,"(494) 161-3775",,http://www.buxtehuder-brauhaus.de
"C. & A. VELTINS GmbH & Co., Brauerei","An der Streue, Grevenstein/Hochsauerland",,,,"(492) 934-9590",,http://www.veltins.de
"C. Franz Brauerei GmbH","Rauentaler Strasse 4",,,,"+49 7222 9737-0",,
"Calwer-Eck-Braeu GmbH Co. KG 1. Stuttgarter Loka","Calwer Strasse 31",,,,"+49 711 2224944-0",,
"Charly-Braeu Am Bahnhof Augsburg-Oberhausen","Ulmer Strasse 43",,,,"+49 821 426346",,
"Chr Schmid","Grunbaumbrauerei Aalen Postfach 1232 Ziegelstr",,,,736132330,regional,
"Christian Uhland KG","Adlerstrasse 15",,,,"+49 7331 41068",,
"Coelner Hofbraeu P. Josef Frueh","Am Hof 12",,,,"+49 221 2580394",,http://www.frueh.de
"Colbitzer Heidebrauerei GmbH","Brauereistrasse 1",,,,"(493) 920-7880",,
"CREW Republic Brewery","Andreas-Danzer-Weg 30",,,,+491727339995,,
"D. Oechsner Ankerbraeu KG","Klinge 2",,,,"+49 9331 615",,
"DAB Dortmunder Actien-Brauerei","Steigerstrasse 20",,,,"(492) 318-4000",,http://www.dab.de
"DAB Dortmunder Actien-Brauerei AG","Steigerstrasse 20",,,,"(492) 318-4000",,http://www.dab.de
"Dachsbraeu Weilheim oHG","Murnauer Strasse 5",,,,"+49 881 2261",,
"Darguner Brauerei GmbH","Brauereistrasse 3",,,,"+49 39959 301-0",,
"Darmstaedter Privatbrauerei Wilhelm Rummel GmbH","Goebelstrasse 7",,,,"+49 6151 9288-0",micro,http://www.darmstaedter.de
"Darmstaedter Ratskeller Hausbrauerei","Marktplatz 8",,,,"+49 6151 26444",micro,http://www.darmstaedter-ratskeller.de
"Dehn`s Privatbrauerei","Ost-West-Strasse 47",,,,"(494) 033-1385",,
"Der Hausbrauer Dietz","Feuerbachstrasse 1",,,,"+49 9824 222",,http://www.bruckberg.de/hausbrauer-dietz
"Der Oderspeicher Frankfurts Brauhaus","Hanewald 9",,,,"+49 335 535885",,
"Detlef Knutzen","Im Treenetal 2",,,,"+49 4638 332",,
"Deutsche Brauerei Holding","Rheinische Strasse 2",,,,,regional,
"Deutsche Brau-Kooperations GmbH and Co. KG","Brackeler Hellweg 124",,,,"+49 231 925091-0",,http://www.deutsche-brau-kooperation.de
"Dimpfl Braeu Strauss KG","Braeuhausstrasse 34",,,,"(499) 973-3816",,http://www.dimpfl-bier.de
"Dinkelacker-Schwaben Braeu AG","Tuebinger Strasse 46",,,,"(497) 116-4810",,http://www.ds-ag.de
"Dipl. Ing. (FH) Food Technology","Am Schachten 22",,,,,,
"Distelhaeuser Brauerei Ernst Bauer GmbH and Co.","Gruensfelder Strasse 3",,,,"+49 9341 80562",,http://www.distelhaeuser.de
"Dithmarscher Brauerei Karl Hintz GmbH and Co. KG","Oesterstrasse 18",,,,"(494) 851-9620",,http://www.dithmarscher.de
"Ditzinger Wichtel-Hausbrauerei","Korntaler Strasse 4",,,,"(497) 156-3679",,http://www.wichtel.de
"Dom-Brauerei AG","Alteburger Str. 145-155",,,,"+49 221 37608-0",,http://www.dom-koelsch.de
"Dorn-Braeu Ammerndorf Inh. Helmut Murmann","Marktplatz 1-2",,,,"+49 9127 57544",,
"Dortmunder Actien-Brauerei AG","Postfach 10 50 12 Steiberstr. 20",,,,"0231 84 00-0",large,
"Dortmunder Union-Ritter Brauerei GmbH","Luetgendortmunder Hellweg 242",,,,"+49 231 618302",,http://www.brinkhoffs.de
"Dreykorn-Braeu KG","Mauergasse 9",,,,"(499) 123-2424",,
"Duesseldorfer Privatbrauerei Frankenheim GmbH & C","Wielandstrasse 12",,,,"+49 211 16902-0",,http://www.frankenheim.de
"E. Glaab GmbH, Wittichenauer Stadtbrauerei","Haschkestrasse 33",,,,"+49 35725 751-0",,http://www.wittichenauer.de
"Edelweissbrauerei Farny, Hofgut Duerren","Hofgut Duerren",,,,"+49 7522 9788-0",,http://www.farny.de
"Eder & Heylands Brauerei","Aschaffenburger Str 3-5",,,,+496026-509-124,,
"Eder`s Familien-Brauerei GmbH and Co.KG","Aschaffenburger Strasse 5",,,,"(496) 026-5090",,http://www.eders.de
"Ehem. Markgraefl. Hofbraeuhaus Reuter KG","Fischstrasse 15",,,,"(499) 818-6527",,
"Eichbaum-Brauereien AG","Kaefertaler Strasse 170",,,,"0049 (0)621 3370 217",,http://www.eichbaum.de
"Eichener Brauerei Gebr. Schweisfurth GmbH","Eichener Strasse 38-40",,,,"(492) 732-5510",,http://www.eichener.de
"Einbecker Brauhaus AG","Papenstrasse 4-7",,,,"(495) 561-7970",,http://www.einbecker-brauhaus.de
"Einsiedler Brauhaus GmbH, Privatbrauerei","Einsiedler Hauptstrasse 144",,,,"+49 37209 661-0",,http://www.einsiedler.de
"Eisenacher Brauerei GmbH","Wartburgallee 25a",,,,"+49 3691 23800",,http://www.eisenacherbrauerei.de
"Eittinger Fischerbraeu","St. Georgstrasse 8",,,,"+49 8122 42902",,
"Elsa Eller Brauerei Gastwirtschaft","Brunnenstrasse 10",,,,"(499) 565-1033",,
"Emrich Privatbrauerei GmbH and Co. KG","Am Rosengarten",,,,"(496) 381-2043",,
"Engelbraeu Rettenberg Hermann Widenmayer KG","Burgberger Strasse 7",,,,"+49 8327 9300-0",,http://www.engelbraeu.de
"Engelbrauerei Schwaebisch Gmuend Luise Lang GmbH","Engelgasse 2",,,,"+49 7171 61058",,http://www.engel-brauerei.de
"Erbacher Brauhaus J. Woerner & Soehne KG","Auf der Kandelwiese",,,,"+49 6062 9403-0",,http://www.erbacher-brauhaus.de
"Erste Bayerisch-Schwaebische Wirtshausbrauerei Sta","Bernhaeuser Hauptstrasse 36",,,,"+49 711 706954",,
"Erste Bergstraesser Gasthof-Brauerei","Darmstaedter Strasse 231",,,,"+49 6251 75660",,
"Erste Bremer Gasthausbrauerei Schuettinger Brauere","Hinter dem Schuetting 12-13",,,,"+49 421 3376633",,
"Erste Dampfbierbrauerei Zwiesel W. Pfeffer KG","Regener Strasse 9-11",,,,"+49 9922 8466-0",,http://www.dampfbier.de
"Erste Duisburger Hausbrauerei Webster","Dellplatz 14",,,,"(492) 032-3078",,http://www.webster-brauhaus.de
"Erste Flensburger Gasthausbrauereibetriebs GmbH","Schiffbruecke 16",,,,"(494) 612-2210",,
"Erste Frankfurter Hausbrauerei Zwoelf Apostel","Rosenberger Strasse 1",,,,"(496) 928-8668",,
"Erste Freiburger Gasthausbrauerei Martin`s Braeu","Fressgaessle 1",,,,"+49 761 3870018",,http://www.freiburger-markthalle.de/martin
"Erste Freisinger Gasthaus-Brauerei Braeuhaus in Le","Am Lohmuehlbach 8",,,,"+49 8161 81898",,http://www.esys.org/brauhaus
"Erste Hallische Gasthausbrauerei zum Schad","Reilstrasse 10",,,,"+49 345 5230366",,
"Erste Karlsruher Lokalitaetenbrauerei Der Vogelbra","Kapellenstrasse 46-50",,,,"+49 721 377571",,http://www.vogelbraeu.de
"Erste Oldenburger Gasthausbrauerei Zum Hengelbraeu","Fritz Block Street 5 District of Oldenburg",,,,"+49 441 970960",,http://www.nordwest.net/hengelbraeu
"Erste Rintelner Lokalitaetenbrauerei GmbH & Co. KG","Waldkaterallee 27",,,,"+49 5751 1798-0",,
"Erstes Hanoeversch Brauhaus Ernst August GmbH","Schmiedestrasse 13",,,,"+49 511 36595-0",,http://www.hanoeversch.de
"Erzquell Brauerei Bielstein Haas & Co. KG","Bielsteiner Strasse 108",,,,"+49 2262 82-0",,http://www.deutsche-brau-kooperation.de/erzquell.htm
"Eschenbacher Privatbrauerei GmbH",Eschenbach,,,,"+49 9522 288",,http://www.eschenbacher.de
"Eschweger Klosterbrauerei GmbH","Klosterstrasse 1",,,,"+49 5651 3073-0",regional,http://www.eschweger-klosterbrauerei.de
"Esloher Brauhaus Domschaenke Eslohe","St.-Rochus-Weg 1",,,,"+49 2973 97650",,
"Ettaler Klosterbetriebe GmbH",,,,,"+49 8822 74450",,http://www.kloster-ettal.de
Ettl-Braeu,"Bahnhofstrasse 2",,,,"(499) 923-2003",,
"Familienbrauerei Bauhoefer GmbH and Co. KG","Ullenburgstrasse 12",,,,"+49 7843 9474-0",,http://www.ulmer-bier.de
"Familienbrauerei Jacob","Ludwigsheide 2",,,,"+49 9434 9410-0",,http://www.brauerei-jacob.de
"Feldschloesschen AG Dresden","Cunnersdorfer Strasse 25",,,,"(493) 514-0830",,http://www.feldschloesschen.de%20www.holsten.de
"Feldschloesschen AG Dresden, Braustaette Braunschw","Wolfenbuettler Strasse 33",,,,"(495) 317-0030",,
"Feldschloesschen Spezialbierbrauerei GmbH","Brauereistrasse 2",,,,"+49 2852 9132-0",,http://www.feldschloesschen-brauerei.de
"Felsenbraeu Thalmannsfeld J. A. W. Glossner KG","Felsenweg 2, Thalmannsfeld",,,,"+49 9147 94266",,
"Felsenkeller-Brauerei Seesen","Lautenthaler Str. 66",,,,"(495) 381-3406",,
"Fischer`s Stiftungsbraeu GmbH","Daimlerstrasse 5",,,,"(498) 122-5015",,
"Flensburger Brauerei Emil Petersen GmbH & Co.KG","Munketoft 12",,,,49-461-863-125,,http://www.flens.com%20www.flensburger.de
"Flieger Braeu Am Alten Flughafen Riem","Sonnenstrasse 2",,,,"+49 89 9036032",,
"Floetzinger Brauerei Franz Steegmueller","Herzog-Heinrich-Strasse 7",,,,"+49 8031 13071",,
"Frank Rothenbach GmbH","Im Tal 70b",,,,"(499) 198-8282",,http://www.aufsesser.de
"Frankbraeu Barbara Mayer GmbH & Co.","Vorstadt 10",,,,"(499) 672-1083",,
"Franken Braeu Lorenz Bauer GmbH & Co. KG","Neundorf 41",,,,"+49 9266 721",,http://www.frankenbraeu.de
"Franz Dantscher Brauerei","Kirchplatz 12",,,,"+49 9405 962110",,
"Franz Metzger Mineralwasserfabrik","Ziegelstrasse 4",,,,"(497) 263-5826",,
"Freiberger Brauhaus AG","Am Fuerstenwald",,,,"(493) 731-3630",,http://www.freiberger-brauhaus.de
"Freiherr von Fuerstenberg - Gaugreben`sche Hofbrau","Schlosshof 1",,,,"+49 2962 9767-0",,http://www.fuerstenberg-gaugreben.de
"Freiherr von Poschinger - Bray`sche Schlossbrauere","Graf-von-Bray-Strasse 14",,,,"+49 9424 9403-0",,http://www.irlbacher.de
"Freiherrl. Voith von Voithenberg`sche Gutsbrauerei","Von-Voithenberg-Strasse 4",,,,"(499) 972-1312",,
"Friedberger Brauhaus St. Florian Braeu","Kaiserstrasse 37-39",,,,"+49 6031 62112",,
"Friedrich Duell GmbH and Co KG","Landstrasse 4-8, Krautheim",,,,"+49 9381 507",,http://www.krautheimer.com
"Friesisches Brauhaus zu Jever GmbH & Co. KG","Elisabethufer 18",,,,"+49 4461 13-0",,http://www.jever.de
"Fritz Preuss Bier-Import GmbH, Getraenkefachgrossh","Werbellinstrasse 50",,,,"+49 30 688901-0",,
"Fuerst Wallerstein Brauhaus AG","Berg 78",,,,"(499) 081-7075",,http://www.fuerst-wallerstein.de
"Fuerstlich Fuerstenbergische Brauerei KG","Postplatz 1-4",,,,"+49 771 86-0",,http://www.fuerstenberg.de
"Fuerstliche Brauerei Ellingen","Schlossstrasse 19",,,,"(499) 141-9780",,http://www.fuerst-carl.de
"Fuerstliche Brauerei Schloss Waechtersbach",Schloss,,,,"+49 6053 807400",,
"Furstlich Furstenbergische","Postplaz 1-4",,,,,,
"G. M. Geins Erfrischungsgetraenke","Gutenbergstrasse 7",,,,"+49 851 98890-0",,
"Gambrinus-Brauerei Georg Pfab","Keplerstrasse 21",,,,"+49 961 67033-0",,
"Gampertbraeu Gebr. Gampert GmbH + Co. KG","Braustrasse 2-4",,,,"+49 9261 6033-0",,
"Ganser Brauerei GmbH & Co. KG","Birkengartenstrasse 7",,,,"+49 214 388-0",,
"Garley Spezialitaeten Brauerei GmbH","Sandstrasse 58-60",,,,"+49 3907 7220-0",,http://www.garley.de
"Gassil Brewery","Iegilstein 41",,,,,,
"Gasthausbrauerei Hufeisen","Hauptstrasse 36-38",,,,"+49 9243 260",,http://www.hufeisen-braeu.de%20www.xerion-overseas.de
"Gasthausbrauerei Neckarmueller","Gartenstrasse 4",,,,"+49 7071 27848",,http://www.tuebingen.com/schmidt/speisen.html
"Gasthausbrauerei Umstaedter Brauhaus","Zimmerstrasse 28",,,,"(496) 078-3345",,
"Gasthof-Brauerei Schwanenbraeu","Marktplatz 3",,,,"+49 9194 209",,http://www.schwanenbraeu.de
"Gasthof-Hotel-Brauerei Grosch GmbH","Oeslauerstrasse 115",,,,"(499) 563-7500",,
"Gastwirte - Genossenschaftsbrauerei Malsfeld e.G.","Brauereistrasse 5",,,,"+49 5661 7041-0",,
"Gatzweiler Vertriebs GmbH","Belsenplatz 2",,,,"+49 211-504-8585",,
"Gebr. Handtmann Brauerei zum Biber","Weberberggasse 49",,,,"(497) 351-6572",,
"Gebr. Kaiser Brauerei Kaiserhof GmbH + Co KG","Friesener Strasse 1",,,,"(499) 261-3003",,
"Gebr. Suenner GmbH & Co. KG","Kalker Hauptstrasse 260",,,,"+49 221 987990",,http://www.suenner-koelsch.de
"Gebrueder Klausmann KG, Hirschenbrauerei","Goethestrasse 21",,,,"+49 7681 4081-0",,
"Gelo GmbH, Getraenke Logistik","Muehlgasse 17",,,,"+49 6382 922202",,
"Genossenschaftsbrauerei Roetz e.G.","Hussenstrasse 17",,,,"(499) 976-1425",,
"Georg Meister","Unterzaunsbach 8",,,,"(499) 194-9126",,
"Georg Reither Linden-Braeu oHG","Nuernberger Strasse 46",,,,"+49 9183 950770",,
"Germania Brauerei Cooperationsgesellschaft mbH, B","Langendorfer Strasse 17-23",,,,"(493) 443-3710",,
"Gesellschaftsbrauerei Viechtach oHG","Bahnhofstrasse 5a",,,,"(499) 942-3600",,http://www.vit-online.de/brauerei
"Getraenke-Agentur Gottschalk",,,,,"(498) 772-5262",,
"Geussenbraeu Edmund Knorr","Ketschenbacher Strasse 25",,,,"(499) 568-2181",,http://www.geussenbraeu.de
"GHG Getraenke - H and elsgesellschaft mbH","Radeberger Strasse 11",,,,"+49 35205 52344",,
"Giessener Brauhaus und Spiritusfabrik A. u. W. Den","Teichweg 8",,,,"(496) 415-0080",,
"Gifhorner Brauhaus","Schuetzenplatz 1",,,,"+49 5371 14545",,
"Gilde Brauerei AG","Hildesheimer Strasse 132",,,,"(495) 119-8080",,http://www.gildebrau.de
"Gilden Koelsch Brauerei GmbH",,,,,"+49 221 96299-0",,http://www.gilden-koelsch.de
"Glaabsbraeu, Privatbrauerei Glaab","Frankfurter Strasse 9",,,,+49-16182-926131,regional,http://www.glaabsbraeu.de
"glenkbraeu Exportbierbrauerei Richard Glenk oHG","Eichelweg 9-14",,,,"+49 921 75719-0",,
"Global Foods Trading GmbH","Winkelgraben 1a",,,,"+49 (0) 6258 - 98 98 0",,http://www.gftonline.de
"Glueckauf-Brauerei GmbH","Hauptstrasse 176",,,,"+49 37203 910-0",,http://www.glueckaufbiere.de
"Goldochsenbrauerei Hubert Laendle","Hauptstrasse 5",,,,"+49 7904 278",,
"Graeflich v. Mengersen`sche Dampfbrauerei Rheder A","Nethetalstrasse 10",,,,"(495) 272-5313",,
"Graefliche Brauerei Arco Valley","Hauptstrasse 14, Adldorf",,,,"+49 9952 28-0",,http://www.valleylager.de
"Graefliche Brauerei Arco Valley, Brauerei Bad Birn","Graf-Arco-Strasse 1",,,,"+49 8563 1326/7",,
"Graefliches Hofbrauhaus Freising GmbH","Mainburger Strasse 26",,,,"(498) 161-6010",,
"Graflich zu Stolberg`sche Brauerei Westeim BmbH","Kasseler St. 7",,,,01149-2994-889-40,regional,
"Grosswald Brauerei Bauer GmbH & Co. KG","Grosswaldstrasse 130",,,,"(496) 806-6070",,http://www.grosswald.de
"Gruenbaum-Brauerei Christian Schmidt","Ziegelstrasse 11",,,,"+49 7361 32330",,
"Gruener Brauerei Bad Toelz","Bahnhofstrasse 6",,,,"+49 8041 7896-0",,http://www.toelzer-bier.de
"Guenter Haniel von Haimhausen`sche Schlossbrauerei","Hauptstrasse 3a",,,,"(498) 133-2022",,
"Guenther- Lehner-Stiftung GmbH","Balinger Strasse 7",,,,"+49 7428 94516-0",,
"Guinness UDV Deutschland GmbH","Europastrasse 10",,,,"+49 6722 12-0",,http://www.guinness.de
"Gundel Brauerei","Noerdlinger Strasse 15, Barthelmes",,,,"(499) 178-1504",,
"Guts- und Brauereigenossenschaft Taufkirchen e.","Braeuhausstrasse 3",,,,"(498) 084-2377",,
"H. Nettelbeck KG, Mumme Brauerei","Leipziger Strasse 184",,,,"+49 531 611200",,
"Haeffner Braeu GmbH",,,,,"(497) 264-8050",,
"Haerle-Brauerei KG","Hauptstrasse 6",,,,"+49 7587 9504-0",,http://www.koenigsegger.de
"Hafen Bier Fabrik SAS",,,,,,,
"Hagenbraeu Worms","Am Rhein 3",,,,"+49 6241 92110-0",,http://www.hausbrauerei.de/aktion/hagenbrau
"Haller Lowenbrau","Ritterstr 6",,,,791-509-316,,
"Hans Falk Weizenbierbrauerei","Vilsstrasse 6",,,,"+49 9621 13518",,
"Hans Goetz Brauerei & Maelzerei","Neunburger Strasse 16",,,,"+49 9675 255",,
"Hans Wirth, Lowenbrau Neuhaus","Neuhauser Hauptstr 3",,,,91957221,regional,
"Hans-Karl Engelhardt Brauerei","Oberer Kehlbachdamm 7",,,,"+49 9573 885",,
"Hasen-Braeu Aktiengesellschaft","KKapuzinergasse 17",,,,082132990,,
"Hasseroeder Brauerei GmbH","Auerhahnring 1",,,,"(493) 943-9360",,http://www.hasseroeder.de
"Hauf-Braeu oHG","Dinkelsbuehler Strasse 5",,,,"(499) 855-9520",,
"Hauff-Braeu Lichtenau R. Weid","Hindenburgplatz 1",,,,"+49 9827 9233-0",,
"Haus der 131 Biere","Karlshoehe 27-29",,,,"+49 40 6407299",,http://www.haus-der-131-biere.de
"Hausbrauerei Alt Giessen FRG","Westanlage 30-32",,,,"+49 641 792028",,
"Hausbrauerei Altstadthof","Bergstrasse 19",,,,"+49 911 221570",,http://www.altstadthof.de
"Hausbrauerei Antpoehler","Lippstaedter Strasse 88",,,,"(495) 250-5140",,
"Hausbrauerei Hopfenschlingel","Weiherstrasse 13",,,,"+49 7231 24477",,
"Hausbrauerei im Domhof GmbH and Co. KG","Grosse Himmelsgasse 6",,,,"+49 6232 74055",,http://www.domhof.de/brauerei/braustart.html
"Hausbrauerei Rampendahl","Hasestrasse 35",,,,"(495) 412-4535",,
"Hausbrauerei Zum Schluessel Privatbrauerei Gebr. G","Bolkerstrasse 43-47",,,,"+49 211 326155",,http://www.zumschluessel.de
Heaven-Braeu,"Ungelsheimer Weg 14",,,,"+41 41 7606575",,http://www.heaven-brau.com
"Heidelberger Schlossquell-Brauerei GmbH","Kurpfalzring 112",,,,"+49 6221 9014-0",,http://www.heidelberger-brauerei.de
"Heineken Deutschland GmbH","Alt-Moabit 101B",,,,"+49 30 390415-0",,http://www.heineken.nl
"Heinrich Reissdorf","Emil-Hoffman Str. 4-10 D-50996 Koln",,,,+49.2655.960.731,micro,
"Heinz Franz Mineralbrunnen",,,,,"(499) 953-3010",,
"Held-Braeu Robert Polster Inh. Helmut Polster","Oberailsfeld 19",,,,"+49 9242 295",,
"Hell-Braeu GmbH","Herrenmuehlstrasse 15",,,,"+49 8671 9815-0",,
"Henninger-Braeu AG","Hainer Weg 37-53",,,,"+49 69 6063-0",,http://www.henninger-lager.de
"Herbsthaeuser Brauerei Wunderlich KG","Alte Kaiserstrasse 28",,,,"+49 7932 9100-0",,
"Herrmannsdorfer Landwerkstaetten Schweinsbraeu","Herrmannsdorf 7",,,,"+49 8093 9094-0",,
"Herzogen Brauhaus & Destillerie GmbH","Schuetzenstrasse 22",,,,"(492) 461-7088",,
"Herzoglich Bayerisches Brauhaus Tegernsee Herzog M","Schlossplatz 1",,,,"+49 8022 1802-0",,
"Heubacher Brauerei L. Mayer","Hauptstrasse 99",,,,"+49 7173 1800-0",,http://www.heubacher.de
"Heurich & Co Getraenke-Fachgrosshandel","Landwehr 20-26",,,,"(496) 616-0020",,http://www.heurich.de
"Hirschbraeu Friedrich Wurm KG","Hutgasse 2",,,,"+49 9143 254",,
"Hirschbrauerei AG","Kasernenstrasse 1",,,,"+49 211 8800070",,http://www.duesselalt.de
"Hirsch-Brauerei Honer GmbH & Co. KG","Friedrichstrasse 34",,,,"(497) 461-9420",,http://www.hirschbrauerei.de
"Hirschbrauerei Lauingen Schwarz KG","Herzog-Georg-Strasse 30",,,,"(499) 072-4556",,
"Hirschbrauerei Schilling KG","Aglishardterstrasse 37",,,,"+49 7382 9388-0",,
"Hirschbrauerei Sonthofen Ferdinand Hoess GmbH & Co","Gruentenstrasse 7",,,,"+49 8321 6633-0",,http://www.hirschbraeu.de
"Hirschbrauerei W. Grammer","Mercedesstrasse 5, Ergenzingen",,,,"(497) 457-1358",,
"Historisches Brauhaus Drei Kannen","Hafenbad 31/1",,,,"(497) 316-7717",,
"Historisches Brauhaus Klute GmbH & Co. KG","Poppenbeck, Haus Nr. 28",,,,"+49 2507 9839-0",,
"Hochdorfer Kronenbrauerei Otto Haizmann KG","Rottweiler Strasse 16",,,,"+49 7459 9292-0",,http://www.hochdorfer.de
"Hochstiftliches Brauhaus Fulda GmbH","Leipziger Strasse 12",,,,"(496) 618-3500",,http://www.hochstift.de
"Hochstiftliches Brauhaus in Bayern GmbH & Co KG","Brueckenauer Strasse 6",,,,"+49 9748 71-0",,http://www.hochstift.de
"Hoenicka-Braeu GmbH u. Co KG","Hofer Strasse 31",,,,"(499) 232-2044",,http://www.hoenicka.de
"Hoesl & Co Brauhaus GmbH","Bahnhofstrasse 1",,,,"+49 9633 9222-0",,
"Hofbraeuhaus Traunstein Josef Sailer Inh. Bernhard","Hofgasse 6-11",,,,"+49 861 98866-0",,
"Hofbrau Abensberg","Stadionstr. 3-9 DE-93326 Abensberg",,,,94436824,regional,
"Hofbrauhaus Berchtesgaden","Braeuhausstrasse 15",,,,"+49 8652 9664-0",,
"Hofbrauhaus Hatz AG","Kapellenstrasse 36",,,,"(497) 222-7650",,http://www.hatz.de
"Hofbrauhaus Wolters","Wolfenbuetteler Strasse 39",,,,"(495) 312-7180",,http://www.hofbrauhaus-wolters.de
Hofer-Braeu,"Waldschmidtstr. 20 Furth Im Wald, 93437",,,,49099731327,,
"Hofmark-Brauerei Inh. Paul Haering","Hofmarkstrasse 1",,,,"+49 9971 3301/2",,
"Holsten Brauerei AG","Holstenstrasse 224",,,,,,
"Holsten-Brauerei AG, Konzern","Holstenstrasse 224",,,,"(494) 038-1010",,http://www.holsten.de%20www.duckstein.de%20www.holsten-pilsener.de%20www.holsten-gruppe.de
"Homburger Brauhaus Karl-Heinz Wierz GmbH, Im Saar","Talstrasse 38",,,,"(496) 841-2466",,
"Horber Gampert-Braeu","Burkunstadter Strasse 8-10, Horb",,,,"(499) 574-4338",,
"Huett-Brauerei Bettenhaeuser KG",Knallhuette,,,,"+49 561 49907-0",,http://www.huett.de
"Husums Brauhaus","Neustadt 60-68",,,,"+49 4841 8966-0",,http://www.husums-brauhaus.de
"Ihre Privatbrauerei ENGEL","Haller Str. 29",,,,0049-07951/9193-15,,http://www.engelbier.de
"Ingobraeu Ingolstadt GmbH","Harderstrasse 20",,,,"(498) 413-1080",,
"Innstadt-Brauerei AG","Schmiedgasse 23",,,,"+49 851 389-0",,http://www.innstadt.de
"Inntalbraeu Nussdorf","Am Ring",,,,"(498) 034-4052",,
"Inselbrauerei Julius Feierling","Gerberau 46",,,,"(497) 612-6678",,http://www.inselbrauerei.de
"Irle Brauerei Friedrich Irle sen. GmbH & Co. KG","Hauptstrasse 18",,,,"+49 271 66046-0",,
"Irseer Klosterbrauerei","Klosterring 1-3",,,,"+49 8341 432260",,http://www.irseerklosterbraeu.de
"Isar Braeu, Grosshesseloher Braustation","Kreuzeckstrasse 23",,,,"(498) 979-8961",,
"Johann Aukofer KG","Alleestrasse 27",,,,"(499) 441-2020",,
"Johann Dinkel Brauerei","Serkendorfer Strasse 11, Uetzing",,,,"(499) 573-7875",,
"Johannes Grasser Brauerei - Brennerei","Huppendorf 25",,,,"+49 9207 270",,
Jordan-Braeu,"Regensburger Strasse 36",,,,"+49 9621 81573",,
"Josef Bachmayers Nachf. GmbH and Co","Marienplatz 1",,,,"(498) 081-2753",,
Juliusbraeu,"Augsburger Strasse B 135 1/2",,,,"(498) 431-2069",,
"Jura-Braeu Hans Knopf Brauerei","Am Buchauer Berg 8",,,,"(499) 241-2019",,
"K.K.R. GmbH","Agnes-Karll-Str. 3",,,,491784141674,contract,http://www.kuehnkunzrosen.de
"Kaiser-Braeu oHG","Oberer Markt 1",,,,"+49 9156 88-0",,http://www.kaiser-braeu.de
"Kaiserbrauerei Geislingen/Steige W. Kumpf GmbH & C","Schubartstrasse 24",,,,"+49 7331 9372-0",,
"Kaiserdom-Privatbrauerei Bamberg Woerner KG","Breitaeckerstrasse 9",,,,"(499) 516-0450",,http://www.kaiserdom.de
"Kalt-Loch-Braeu GmbH","Hauptstrasse 201",,,,"(499) 371-2283",,
"Kampfmann Das Haus der Getraenke von Weltruf GmbH","Gerhard-Becker-Strasse 21-23",,,,"(496) 986-2624",,
"Kapplerbraeu Hans Wiedemann KG","Am Vogelgarten 2",,,,"(498) 254-1222",,http://www.kapplerbraeu.de
"Karl Meyer Post-Brauerei","Hauptstrasse 25",,,,"+49 8361 30960",,
"Karlsberg Brauerei GmbH","Karlsbergstrasse 62",,,,"(496) 841-1050",regional,http://www.karlsberg.de
"Karmelitenbrauerei Karl Sturm GmbH & Co. KG","Senefelderstrasse 21, Ittlingen",,,,"+49 9421 62041/2",,
"Karmeliter-Braeu Josef Brust & Siegfried Endres","Schweinfurter Strasse 107",,,,"(499) 771-1323",,
"Katharinenspitalstiftung Brauerei","Am Brueckenfuss 1",,,,"+49 941 83006-0",,http://www.donau.de/privhome/st-katharinenspital/brauerei.htm
"Kauzen-Braeu GmbH & Co KG Ochsenfurt","Uffenheimer Strasse 17",,,,"+49 9331 8725-0",,http://www.kauzen.de
"Kieler Brauerei am Alten Markt GmbH","Alter Markt 9",,,,"+49 431 90629-0",,http://www.kieler-brauerei.de
"Kiesel-Braeu GmbH & Co. Betriebs-KG","Haslacher Strasse 39",,,,"(498) 619-8800",,
"Kirin Europe GmbH, Administration Office","Louise-Dumont-Strasse 31",,,,"+49 211 353086",,http://www.kirineurope.co.uk
"Kirner Privatbrauerei Ph. & C. Andres GmbH & Co. K","Kallenfelser Strasse 2-4",,,,"(496) 752-1340",,http://www.kirner.de
"Kitzmann-Braeu KG","Suedliche Stadtmauerstrasse 25",,,,"+49 9131 810829",,http://www.kitzmann.de
"Kleines Eltviller Brauhaus Otto Binding GmbH","Kleines Brauhaus Eisenbahnstr. 6",,,,00496182829729,,
"Kleines Ruesselsheimer Brauhaus","An der Wied 1",,,,"+49 6142 562430",,
"Kleinkunstbrauerei Thaddaeus","Abteistrasse 23",,,,"(499) 009-1999",,
"Klosterbraeu Ebelsbach","Georg-Schaefer-Strasse 11",,,,"(499) 522-6027",,http://www.telehotel.de/klosterbraeu_ebelsbach
"Kloster-Braeu Gebr. Gassner","Klosterhof 3",,,,"(498) 073-1209",,
"Klosterbraeu Schroeder Brauerei","Obere Muehlbruecke 3",,,,"(499) 515-7722",,http://www.klosterbraeu.de
"Klosterbraeu Seemannshausen Lene Obermayr",,,,,"+49 8722 312",,
"Klosterbrauerei Andechs","Bergstrasse 2",,,,"(498) 152-3760",,http://www.andechs.de
"Klosterbrauerei Furth GmbH, Getraenkegrosshandel","Klosterstrasse 2",,,,"(498) 704-1010",,
"Klosterbrauerei GmbH Metzingen","Asamstrasse 32 Kelheim, 93309",,,,"(499) 412-0010",,
"Klosterbrauerei Indersdorf Nikolaus Fuchsbuechler","Marienplatz 9",,,,"+49 8136 368",,
"Klosterbrauerei Kreuzberg",,,,,"+49 9772 91240",,
"Klosterbrauerei Muennerstadt GmbH","Am Dicken Turm 14",,,,"(499) 733-9407",,
"Klosterbrauerei Neumann & Ponnath","Klosterhofstrasse 3",,,,"(499) 642-4301",,
"Klosterbrauerei Neuzelle GmbH","Brauhausplatz 1",,,,"+49 33652 810-0",,http://www.neuzeller-bier.de
"Klosterbrauerei Raitenhaslach Emil Baumgartner","Raitenhaslach, Nr. 2",,,,"+49 8677 307576",,
"Klosterbrauerei Reutberg e.G.","Am Reutberg 3",,,,"+49 8021 258",,
"Klosterbrauerei Scheyern",Benediktinerkloster,,,,"(498) 441-9791",,
"Klosterbrauerei Weissenohe GmbH & Co. KG","Klosterstrasse 20",,,,"+49 9192 591",,
"Kloster-Brauerei Weltenburg GmbH","Asamstrasse 32",,,,"+49 9441-6757-0",large,http://www.klosterschenke-weltenburg.de
"Kocher Grosshandel Gissibl GmbH, Spirituosenfachgr","Hauptstrasse 36, Goldach",,,,"(498) 119-8100",,http://www.world-of-spirit.de
"Koelner Verbund Vertrieb Koelscher Bierspezialitae","Bergisch Gladbacher Strasse 116-134",,,,"+49 221 96299-0",,
"Koenig von Flandern Erste Augsburger Gasthaus-Brau","Karolinenstrasse 12",,,,"+49 821 158050",,http://www.koenigvonflandern.de
"Koenig-Brauerei GmbH & Co. KG","Friedrich-Ebert-Strasse 263",,,,"+49 203 455-0",,http://www.koenig.de
"Koenigsbacher Brauerei AG, vorm. Jos. Thillmann","An der Koenigsbach 8",,,,"(492) 611-3970",,http://www.koenigsbacher.de
"Koenigsbraeu Majer oHG","Oggenhauser Hauptstrasse 1",,,,"+49 7321 9797-0",,http://www.koenigsbraeu.de
"Koepf Brauerei GmbH & Co","Hirschbachstrasse 6",,,,"+49 7361 930666",,
"Koestritzer Schwarzbierbrauerei GmbH & Co KG","Heinrich-Schuetz-Strasse 16",,,,"(493) 660-5830",,http://www.koestritzer.de
Kommunbrauerei,"Marktplatz 98",,,,"+49 9569 717",,
"Konig Ludwig Intl GmbH & Co.KG","Augsburgerstr 41",,,,"(498) 141-2430",large,http://www.kaltenberg.de
"Konig-Brauerei GmbH and Co. KG","Friedrich-Ebert-Strasse 225-263",,,,"+49 203 455-1",,
"Koppbraeu Hans Neumayer","Gabelsberger Strasse 4",,,,"+49 8751 8627-0",,
"Kornhus Hausbrauerei und Destillerie","Marktstrasse 13",,,,"(495) 042-3074",,
"Krombacher Brauerei / Abt. Innov. Mgmnt.","Hagener Str 261",,,,,,
"Krombacher Brauerei Bernhard Schadeberg GmbH & Co","Hagener Strasse 261",,,,"(492) 732-8800",,http://www.krombacher.de
"Kronen Privatbrauerei Dortmund GmbH & Co","Steigerstrasse 20",,,,"(492) 318-4000",,http://www.kronen.de
"Kronen-Braeu Friedrich Suess","Obere Dorfstrasse 1",,,,"(499) 123-5038",,
"Kronenbrauerei Remmingsheim Alfred Schimpf GmbH","Hauptstrasse 1",,,,"(497) 472-3067",,
"Kronenbrauerei Robert Halter","Bonfelderstrasse 26, Biberach",,,,"(497) 066-7282",,
"Kronenbrauerei Rudolf Wahl KG","Prof.-Bamann-Str. 20",,,,"(499) 073-7358",,
"Kronenbrauerei Russ & Co.","Uhrenmachergasse 10",,,,"+49 731 388320",,
"Kronenbrauerei und Malzfabrik Paul Eble","Kirchbergstrasse 5",,,,"(497) 392-8345",,
"Kronen-Brauhaus am Markt","Betenstrasse 1",,,,"+49 231 527548",,
"Kronen-Brauhaus Offenburg GmbH","Zeller Strasse 46",,,,"(497) 819-3800",,http://www.kronen-brauhaus.de
"Krostitzer Brauerei GmbH","Brauereistrasse 12-14",,,,"+49 34295 776-0",,http://www.binding.de/gruppe/beteiligungen/krostitzer.html%20www.ur-krostitzer.de
"Kueppers Brauerei GmbH","Bergisch Gladbacher Str. 116 - 134",,,,490221962990,,
"Kulmbacher Brauerei Akt.-Gesell.","Lichtenfelser Strae 9",,,,"(499) 221-7050",,http://www.kulmbacher.de
"Kultur Brauerei Heidlberg AG","Leyergasse 6",,,,49-0-6221-50290835,,
"Kurfuersten-Braeu GmbH",,,,,,,
"Lagerbierbrauerei Adam Janka","Daiminger Strasse 18 Zwiesel",,,,"(499) 922-2002",,
"Lammbrauerei Untergroningen",Hallerstrases,,,,7975284,regional,
"Lampl Brau","Brndlweg 1",,,,08442-2068,,
"Landauer Brauhof","Industriestrasse 10",,,,"+49 6341 86184",,http://www.ntk-landau.de/brauhof/brauhof.htm
"Landbrauerei Pyraser Bier GmbH + Co KG","Pyras 26",,,,"+49 9174 4747-0",,http://www.pyraser.de
"Landbrauerei Ritter KG","Buchloerstrasse 1",,,,"(498) 241-1580",,
"Landgasthaus Muehlfeld-Braeu","Muehlfeld 13",,,,"(498) 152-5578",,
"Landshuter Brauhaus Koller-Fleischmann AG","Pulverturmstrasse 6",,,,"+49 871 92394-0",,
"Landskron Brauerei Goerlitz GmbH","An der Landskronbrauerei 116",,,,"(493) 581-4650",,http://www.landskron.de
"Landwehrbraeu Wilhelm Woerner GmbH & Co",,,,,"+49 9865 98970",,http://www.landwehrbraeu.de
"Lang-Braeu Nepomuk Lang Inh. Erika Lang",,,,,"+49 8551 5776-0",,
"Lang-Braeu oHG","Bayreuther Strasse 18-19",,,,"(499) 232-2197",,http://www.lang-braeu.de
"Lehner Braeu Gebrueder Lehner Brauerei","Charlottenstrasse 4",,,,"(497) 434-1667",,
"Leipziger Brauhaus zu Reudnitz GmbH","Muehlstrasse 13",,,,"(493) 412-6710",,
"Leitner Braeu","Nuernberger Strasse 19",,,,"+49 9122 9265-0",,
"Leo Karas GmbH & Co KG, Getraenke-Logistik","Untere Industriestrasse 4",,,,"+49 9827 9296-0",,
"Licher Privatbrauerei Jhring-Melchior GmbH & Co. K","In den Hardtberggaerten",,,,"+49 6404 82-0",,http://www.licher.de
"Loewenbraeu AG","Nymphenburger Strasse 4",,,,"+49 89 5200-0",,
"Loewenbraeu Burgwindheim","Haupstrasse 45",,,,"+49 9551 288",,
"Loewenbraeu Vestenberg Simon Dorn & Sohn","Brauhausstrasse 9, Vestenberg",,,,"(499) 802-7215",,
"Loewenbrauerei Alois Forster","Hermann-Aust-Strasse 2",,,,"+49 8247 9684-0",,
"Loewenbrauerei Dold","Neunlindenstrasse 6",,,,"+49 7682 352",,
"Loewenbrauerei Friedrich Kalb KG","Friedhofstrasse 4",,,,"(497) 716-1121",,
"Loewenbrauerei Hall Fr. Erhard GmbH & Co.","Ritterstrasse 6",,,,"(497) 915-0901",,http://www.loewenbrauerei-hall.de
"Loewenbrauerei Hanner GmbH","Kettenacker, Feldhaeuser Strasse 10",,,,"+49 7574 91177",,
"Loewenbrauerei Johann Modschiedler","Marktplatz 8",,,,"+49 9545 332",,http://www.loewenbraeu-online.de
"Loewenbrauerei Wasseralfingen Anton Ebert GmbH & C","Wilhelmstrasse 162, Wasseralfingen",,,,"+49 7361 5720-0",,http://www.wasseralfinger.de
"Lowenbrau AG","Nymphenburger Strasse 4",,,,,,
"Lowenbrau AG","Postfach 20 13 52",,,,,large,
"Lowenbrau Gebr Barth KG","Galgenbergstr 8",,,,736132597,regional,
"Lowenbrauerei Ant Ebert","Postfach 3228",,,,736162567,regional,
"Luckenwalder Spezialitaetenbrauerei","Haag 11",,,,"+49 3371 632012",,
"Ludwig Puerner Brauerei","Hauptstrasse 3",,,,"(499) 663-1209",,
"Luisenbraeu GmbH","Luisenplatz 1",,,,"+49 30 3419388",,
"Mahrs-Braeu Gebrueder Michel","Wunderburg 10",,,,"+49 951 91517-0",,http://www.componente.de/mahrs-braeu
"Mainzer Gasthausbrauerei Eisgrub-Braeu","Weissliliengasse 1a",,,,"+49 6131 221104",,
"Mall Brauerei","Eschelbronner Strasse 17",,,,"(496) 226-3200",,
"Mammut Getraenke GmbH","Juri-Gagarin-Strasse 33",,,,"(493) 464-6270",,http://www.mammut-bier.de
"Marburger Spezialitaeten-Brauerei Klaus Rauh GmbH","Pilgrimstein 16-18",,,,"+49 6421 9293-0",,
"Mariahilfer-Sudhaus Koessel-Braeu Maria-Hilf im Al","Maria-Hilfer-Strasse 17",,,,"(498) 364-8556",,
Markl,"Hauptstrasse 11",,,,+49-9627-91240,,
"Martinsbraeu Marktheidenfeld Georg Mayr KG","Georg-Mayr-Strasse 4",,,,"+49 9391 5008-0",,
"Mauritius Brauerei GmbH","Talstrasse 2",,,,"+49 375 49-0",,http://www.mauritius-brauerei.de
"Max`l Braeu Max Jehle Inh. Maximilian Fendt","Leipheimer Strasse 37, Pfuhl",,,,"+49 731 719210",,
"MBG International Premium Brands GmbH","Kasseler Mauer 11",,,,"+49 5251 29032-0",large,
"Meckatzer Loewenbraeu Benedikt Weiss KG","Meckatz 10",,,,"(498) 381-5040",,http://www.meckatzer.de
"Mecklenburgische Brauerei Luebz GmbH","Parchimer Strasse 31",,,,"(493) 873-1360",,
"Meierhof Privatbrauerei GmbH & Co. KG","Kirchwinkel 10",,,,"(495) 275-1369",,http://www.meierhof-brauerei.de
"Meininger Privatbrauerei GmbH","Am Bielstein 3",,,,"(493) 693-4530",,
"Memminger Brauerei AG","Dr-Karl-Lenz-Strasse 68",,,,"+49 8331 8566-0",,http://www.memminger-brauerei.de
"Meusel Braeu Otto Meusel",Dreuschendorf,,,,"(499) 545-7424",,
"Michaeli Braeu","Melanchtonstrasse 68",,,,"+49 7252 973401",,
"Michelsbraeu GmbH","Fahrstrasse 83",,,,"+49 6073 7204-0",,
"Mittweidaer Loewenbraeu GmbH","Bahnhofstrasse 15",,,,"+49 3722 7191-0",,
"Mittweidaer Loewenbraeu GmbH, Brauhaus Hartmannsdo","Chemnitzer Strasse 5",,,,,,
"Monheimer Brauerei Peters & Bambeck KG","Krummstrasse 30",,,,"+49 2173 9555-0",,
Mooswald-Heimbraeu,"Gewerbestrasse 27",,,,"+49 7664 600335",,
"Muellerbraeu Neuoetting KG","Burghauser Stra. 2",,,,"(498) 671-2332",regional,http://www.muellerbraeu.de
"Muench-Braeu Eibau GmbH","Neueibauer Strasse 9",,,,"+49 3586 7814-0",,http://www.eibauer.de
"Muenz-Brauerei L. Bundschuh & Co.","Dreirosenberg 6",,,,"+49 8221 3611-0",,
Mullerbrau,"Hauptplatz 36",,,,,,
"Murmann Brauerei","Coburger Strasse 2",,,,"(499) 565-8112",,
"Museeums Brauerei Wippra/Harz","Am Galgenberg 31",,,,"+49 34463 61767",,
"Nassauische Privatbrauerei Heckelmann-Kuhn GmbH","Aarstrasse 29",,,,"+49 6430 4001/2",,
"Neufang Brauerei AG","Dudweiler Landstrasse 3-9",,,,"+49 681 93635-0",,
"Neumarkter Lammsbraeu Gebr. Ehrnsperger","Amberger Strasse 1",,,,"(499) 181-4040",regional,http://www.lammsbraeu.de
"Neunkircher Brauhaus","Saarbruecker Strasse 16",,,,"+49 6821 179145",,http://www.wasserturm.de/brauhaus
"Norbert Weber Bierbrauerei zum Hirschen","Hirschengasse 4",,,,"+49 7644 238",,
"Nordbraeu Ingolstadt GmbH & Co. KG","Gutsstrasse 5",,,,"+49 841 95596-0",,http://www.nordbraeu.de
"Nuernberger Weizenbierglasmuseum und Hausbrauerei","Schupfer Strasse 39",,,,"+49 911 502498",,
"Oberaudorfer Weissbierbrauerei Bals KG","Rosenheimer Strasse 21",,,,"(498) 033-1450",,
"Oberndorfer Privat-Brauerei Graf-Eder GmbH & Co. K","Rosenbergstrasse 2-6",,,,"+49 7423 9291-0",,
"Oberstdorfer Dampf-Bierbrauerei","Bahnhofplatz 6-8",,,,"(498) 322-8908",,
"Ochsenbrauerei Franz Digeser","Albrecht-Wirt-Strasse 5, Ergenzingen",,,,"(497) 457-1236",,
"Oderland-Brauerei GmbH","Lebuser Chaussee 3",,,,"+49 335 661-0",,http://home.t-online.de/home/karsten.schoeke/olb
"Oettinger Bier Brauhaus Oettingen GmbH","Brauhausstrasse 8",,,,"(499) 082-7080",,http://www.oettinger-bier.de
"Orth-Braeu GmbH & Co KG, Zum Fuchsbeck","Haagtor 1",,,,"(499) 661-4518",,
"Ottenbraeu Abensberg Heribert Neumaier","Schulhausplatz 2a",,,,"(499) 443-1348",,
Ottenbrau,"Schulhausplatz 2a",,,,94431348,regional,
"Otto Huber Erfrischungsgetraenke","Bachgasse 6",,,,"(499) 921-2004",,
"Otto Pachmayr GmbH & Co. Mineralwasser KG","Triebstrasse 37",,,,"+49 89 1499090",,
"Otto Trageser Kelterei und Getraenkehandel","Somborner Strasse 17",,,,"(496) 055-2531",,
"Paderborner Brauerei Haus Cramer GmbH & Co. KG","Halberstaedter Strasse 45",,,,"(495) 251-7070",,
"Palmbraeu Zorn Soehne KG","Brettener Strasse 12",,,,"(497) 262-6020",micro,http://www.palmbraeu.de
"Parkbrauerei AG, Pirmasens, Zweibruecken","Zweibruecker Strasse 3-5",,,,"(496) 331-8050",,http://www.parkbrauerei.de
"Pasch-Gasthausbrauerei GmbH","Aschaffenburger Strasse 18",,,,"(496) 024-5454",,
"Patrizier-brau AG","Barenschanzstr. 48",,,,"(091) 126-3841",large,
"Paul Kolberg Brauerei","Breite Strasse 29",,,,"+49 5328 217",,
"Paulaner Brauerei GmbH & Co. KG","Hochstrasse 75",,,,"(498) 948-0050",,http://www.paulaner.de
"Penzberger Brauhaus GmbH","Grube 39a",,,,"+49 8856 933640",,
"Pflugbrauerei Gg. Gnann","Wirtsgasse 7, Hoervelsingen",,,,"(497) 348-6237",,
"Pfungstaedter Brauerei Hildebrand GmbH & Co. KG","Eberstaedter Strasse 89",,,,"(496) 157-8020",,http://www.pfungstaedter.de
"Pilsner Urquell International Distributing GmbH","Heinrich-Hertz-Strasse 6",,,,"+49 2273 9884-0",,http://www.pilsner-urquell.de
"Pirker Brauhaus Dr. Hermann Schwab gegr. 1545","Braugasse 1-7",,,,"(499) 614-2391",,
"Pollinger OHG","Moosburger Straube 65",,,,"+49 8782209",,http://www.brauerei-poellinger.de
"Postbraeu Thannhausen Theodor Schreiegg GmbH & Co.","Schreieggstrasse 4-8",,,,"(498) 281-9050",,http://www.postbraeu.de
"Postbrauerei Nesselwang","Hauptstrasse 25",,,,,,
"Postbrauerei Renkl","Postgasse 3",,,,"(498) 732-1212",,
"Postbrauerei Weiler und Siebers-Quelle Anton Zinth","Kaesgasse 17",,,,"+49 8387 9210-0",,http://www.post-brauerei.de
"Pott`s Brauerei GmbH","Bahnhofstrasse 14",,,,"+49 2522 9301-0",,http://www.potts.de
"Potts Brauerei","Bahnhofstrasse 14",,,,+492522-93010,,
"Praesidenten Pils GmbH & Co.","Kreuznacher Strasse 4",,,,"(496) 707-1071",,
"Privat Brauerei Strate Detmold GmbH & Co KG","Palaisstr 1-13",,,,5231-229-08,,
"Privatbrauerei A. Rolinck GmbH and Co.","Wettringer Strasse 41",,,,"+49 2551 64106",,http://www.rolinck.de
"Privatbrauerei Ambros Hartmann","Fraenkische-Schweiz-Strasse 26, Wuergau",,,,"+49 9542 920300",,http://www.brauerei-hartmann.de
"Privatbrauerei Bischoff KG","An den Hopfengaerten 6",,,,"(496) 302-9120",,http://www.bischoff-bier.de
"Privatbrauerei Bruene GmbH","Kaulbachstrasse 33",,,,"(495) 691-2004",,
"Privatbrauerei Buergerbraeu Naila Andreas Wohn oHG","Hofer Strasse 21",,,,"+49 9282 9609-0",,
"Privatbrauerei Deil Osterberg","Babenhauser Strasse 2",,,,"(498) 333-8041",,http://www.deil.de
"Privatbrauerei Diebels GmbH and Co. KG","Brauerei-Diebels-Strasse 1",,,,"+49 2835 30-0",,http://www.diebels.de
"Privatbrauerei Erdinger Weissbraeu Werner Brombach","Lange Zeile 1 + 3",,,,"(498) 122-4090",,http://www.erdinger.de
"Privatbrauerei Ernst Barre GmbH","Berliner Strasse 122-124",,,,"+49 5741 2701-0",,
"Privatbrauerei Ernst BarreGmbH","Berliner Str. 122-124",,,,,,
"Privat-Brauerei Franz Steffens KG","St. Severinsberg",,,,"+49 2644 5600-0",,http://www.brauerei-steffens.de
"Privatbrauerei Franz-Joseph Sailer","Schwendener Strasse 18",,,,"+49 8342 9647-0",,http://www.sailer-braeu.de
"Privatbrauerei Fritz Egger","Tiroler Str.16",,,,"(430) 274-2392",,
"Privatbrauerei Gaffel Becker & Co.","Eigelstein 41",,,,"+49 2 21 16 00 60",,http://www.gaffel.de
"Privatbrauerei Ganter GmbH & Co. KG","Schwarzwaldstrasse 41",,,,"+49 761 2185-184",,http://www.ganter.com
"Privatbrauerei Gebr.","Postfach 11 04 35 Viersener Strasse 52-58",,,,,large,
"Privatbrauerei Gebr. Euler GmbH & Co. KG","Garbenheimer Strasse 20",,,,"+49 6441 9481-0",,
"Privatbrauerei Gebr. Mayer oHG","Schillerstrasse 8, Oggersheim",,,,"+49 621 675077/9",,http://www.mayerbraeu.de
"Privatbrauerei Gebrueder Maisel Bamberg GmbH & Co.","Moosstrasse 46",,,,"+49 951 91827-0",,http://www.maisel-braeu-bamberg.de
"Privatbrauerei Georg Michael GmbH","Kirchenlamitzer Strasse 64",,,,"+49 9253 265",,
"Privatbrauerei Gessner GmbH & Co.","Am Lindenbach 27",,,,"+49 3675 4079-0",,
"Privat-Brauerei Gut Forsting e.G.","Muenchner Strasse 23, Forsting",,,,"(498) 094-1011",,
"Privatbrauerei Haerke KG","Am Werderpark 5",,,,"(495) 171-4050",,http://www.haerke-brauerei.de
"Privatbrauerei Hoepfner",Haid-Ui-Neu-str.18,,,,"(497) 216-1830",,http://www.hoepfner.de
"Privatbrauerei Hofmann KG","Dettendorfer Strasse 1, Pahres",,,,"+49 9163 9987-0",,http://www.hofmann-bier.de
"Privatbrauerei Hofmuehl GmbH","Hofmuehlstrasse 10",,,,"(498) 421-4057",,http://www.hofmuehl.de
"Privatbrauerei Hofmuhl","Hofmuhlstr. 10",,,,"(842) 198-0828",,
"Privat-Brauerei Hohenfelde GmbH","Wiedenbruecker Strasse 155",,,,"+49 5248 8004-0",,
"Privatbrauerei Jacob Stauder GmbH & Co.","Stauderstrasse 88",,,,"(492) 013-6160",,http://www.stauder.de
"Privatbrauerei Josef Lang Jandelsbrunn GmbH & Co.","Hauptstrasse 17",,,,"+49 8583 60888-0",,
"Privatbrauerei Karl Wagner GmbH & Co. KG","Hanns-Martin-Schleyer-Strasse 6",,,,"(497) 819-6000",,
"Privatbrauerei Kesselring","Leithenbukweg 13",,,,"+49 9332 5063-0",,http://www.kesselring-bier.de
"Privatbrauerei Lang","Charlotte-von-Kalb-Strasse 13",,,,"(499) 762-9292",,http://www.lang-braeu.de
"Privatbrauerei Lasser GmbH","Belchenstrasse 5",,,,"+49 7621 4020-0",,http://www.lasser.de
"Privatbrauerei Lauterbach L. Ehnle GmbH & Co. KG","Badstrasse 2",,,,"(498) 274-1023",,http://www.lauterbacher.de
"Privatbrauerei Moritz Fiege GmbH & Co KG","Scharnhorststrasse 21-25",,,,"(492) 346-8980",,
"Privatbrauerei Peter Ostheim/Rhoen KG","Nordheimer Strasse 14",,,,"(499) 777-7612",,
"Privatbrauerei Preussen Pils GmbH","Meyenburger Tor 3",,,,"+49 3395 3054-0",,http://www.preussenpils.de%20www.pritzwalker-schraube.de
"Privatbrauerei Rheinsberg","Rhinhoeher Weg 1",,,,"+49 33931 72088",,http://rheinsberg.ostprignitzde/privatbrauerei
"Privatbrauerei Scherdel Hof oHG","Unterkotzauer Weg 14",,,,"(499) 281-8960",,http://www.scherdelbier.de
"Privatbrauerei Schmucker Ober-Mossau KG","Hauptstrasse 89",,,,"(496) 061-7020",,http://www.schmucker-bier.de
"Privatbrauerei Schweiger GmbH and Co. KG","Ebersberger Str. 25",,,,"(498) 121-9290",,http://www.schweiger-bier.de
"Privatbrauerei Stoettner GmbH","Marktplatz 9",,,,"+49 8772 96080",,http://www.weissbier-profi.de
"Privat-Brauerei Strate Detmold GmbH and Co. KG","Palaisstrasse 1-13",,,,"+49 5231 22908",,
"Privatbrauerei und Mineralbrunnenbetrieb Heinrich","Dachinger Strasse 27",,,,"(499) 953-3010",,
"PrivatBrauerei Waldhaus","Waldhaus 1",,,,775-592-220,,
"Privatbrauerei Winkler Braeu","St.-Martin-Strasse 6",,,,"+49 9182 17-0",,http://www.winkler-braeu.de
"Privatbrauerei Wittingen GmbH","Ernst-Stackmann-Strasse 7",,,,"+49 5831 25550",,http://www.wittinger.com
"Privat-Brauerei Zoetler im Allgau","Gruentenstrasse 2",,,,"(498) 327-9210",micro,http://www.zoetler.de
"Privatbrauereien Lauterbacher Burgbrauerei Auerhah","Cent 8",,,,"(496) 641-1800",,http://www.hochstift.de
"Private Brauerei Josef Wieser & Co. oHG",Wiesmuehl,,,,"(498) 634-8012",,
"Private Lahntal-Brauereien Vertriebsgesellschaft m","Loehnbergerstrasse 1, Niedershausen",,,,"+49 6471 9868-0",,
"Private Landbrauerei Scheurer","Braeugasse 7",,,,"+49 9656 209",,
"Private Landbrauerei Schoenram",Schoenram,,,,"+49 8686 9880-0",,http://www.brauerei-schoenram.de
"Private Traditionsbrauerei Meyer OHG, Brauerei Rec","An der Schanze 3",,,,"+49 37327 1208",,http://www.brauerei-rechenberg.de
"Private Weissbierbrauerei G. Schneider Sohn GmbH","Emil-Ott-Strasse 1-5",,,,"(499) 441-7050",large,http://www.schneider-weisse.de
"Privater Brauereigasthof Greifenklau","Laurenziplatz 20",,,,"(499) 515-3219",,http://www.greifenklau.de
"Puels-Braeu oHG","Burgkunstadter Strasse 41-43",,,,"+49 9575 9229-0",,http://www.puels-brauerei.de
"Quenzer Braeu GmbH","Pfaehlerstrasse 7",,,,"(497) 125-1801",,
"Radbrauerei Gebr. Bucher KG","Peter-Henlein-Strasse 8",,,,"+49 8221 20772-0",,http://www.guenzburger-weizen.de
"Radeberger Exportbierbrauerei GmbH","Dresdner Strasse 2",,,,"(493) 528-4540",,http://www.radeberger.de
"Reiter-Braeu oHG","Untere Hauptstrasse 2",,,,"+49 8762 7358-0",,
"Rhanerbraeu Josef Bruckmayer & Sohn",Rhan,,,,"+49 9978 212",,
"Rhoenbrauerei Dittmar GmbH","Fuldaer Strasse 6",,,,"+49 36966 80000",,http://www.rhoenbrauerei.de
"Richmodis-Braeu vormals Brauhaus Fried. Winter Gmb","Welserstrasse 14",,,,"+49 2203 9339-0",,
"Riedenburger Brauhaus Michael Krieger KG","Hammerweg 5",,,,"+49 9442 644",,http://www.riedenburger.de
"Ritter St. Georgen-Brauerei Karl Glossner KG","Marktplatz 1",,,,"+49 9147 246",,
"Roehrl-Braeu GmbH","Marienplatz 16",,,,"+49 8732 9198-0",,
"Rosenbrauerei Aldingen Georg Scheffold","Spaichinger Strasse 1",,,,"+49 7424 84034",,
"Rosenbrauerei Kaufbeuren Xaver Kraisy GmbH & Co. K","Hohe Buchleuthe 5",,,,"+49 8341 4306-0",,
"Rosenbrauerei Poessneck Richard Wagner KG","Karl-Marx-Strasse 3",,,,"+49 3647 41090",,http://www.rosenbrauerei.de
"Rossdorfer Brauerei Sauer","Sutte 5",,,,"(499) 543-1578",,http://www.abseits.de/sauer.htm
"Rostocker Brauerei GmbH","Doberaner Strasse 27",,,,"+49 381 456450",,http://www.rostocker.de
"Rother Braeu Bayerische Exportbierbrauerei Roth, I","Birkenweg 2, Roth",,,,"+49 9779 8101-0",,
"Rotochsen-Brauerei Hermann Veit","Alte Steige 4",,,,"(497) 961-2039",,
"Rudolf Wurz GmbH Getraenke-Fachgrosshandel","Hubertusstr. 11",,,,490722124282,,http://www.bierwurz.com
"Ruettenscheider Hausbrauerei","Girardetstrasse 2",,,,"+49 201 790060",,
"Ruppaner-Brauerei Gebr. Ruppaner","Hoheneggstrasse 41-51",,,,"+49 7531 31051",,
"Rupp-Braeu GmbH","Feggendorfer Strasse 10",,,,"(495) 043-2275",,
"Schadt`s Brauerei Gasthaus","Scadt's Brewery Inn Stables 2",,,,"+49 531 400349",,http://bs.cyty.com/schadts
"Schadt`s Brauerei Gasthaus, Zum Loewen Brauerei Ga","Waisenhausdamm 13",,,,"+49 531 124511",,http://bs.cyty.com/schadts
"Schaffer-Braeu Georg Schaffer oHG","Badstrasse 5",,,,"+49 9153 253",,
"Schattenhofer Braeu","Hauptstrasse 44",,,,"+49 8461 419",,
"Schaumburger Brauerei GmbH","St. Annen 11",,,,"+49 5721 9770-0",,http://www.schaumburger-brauerei.de
"Schlenkerla Brewery","Dominikanerstrasse 6",,,,"(499) 515-6060",,http://www.schlenkerla.de
"Schloderer Braeu","Rathausstr. H",,,,49-9624-420-707,,
"Schlossbraeu Drachselsried Richard Bruckmayer KG","Hofmark 1",,,,"+49 9945 9407-0",,http://www.schlossbraeu.de
"Schlossbraeukeller Erlebnisbrauerei","Schlossbraeugasse 4",,,,"(498) 752-7632",,
"Schlossbrauerei Arnstorf",,,,,"+49 8723 515",,
"Schlossbrauerei Au Hallertau Willibald Beck Freihe","Schlossbraeugasse 2, Hallertau",,,,"(498) 752-7632",,
"Schlossbrauerei Autenried GmbH","Braeuhausstrasse 2, Autenried",,,,"+49 8223 9684-0",,http://www.autenrieder.de
"Schlossbrauerei Eichhofen","Von-Rosenbusch-Strasse 8, Eichhofen",,,,"(499) 404-1090",,http://www.eichhofener.de
"Schlossbrauerei Franz Dorfner","Muehlstrasse 2",,,,"(499) 622-2212",,
"Schlossbrauerei Friedenfels GmbH","Gemmingenstrasse 33",,,,"+49 9683 91-0",,http://www.schlossbrauerei-friedenfels.de
"Schlossbrauerei Fuchsberg Inh. Franz Vogel","Fuchsberg 1",,,,"(499) 671-1518",,http://www.schlossbrauerei-fuchsberg.de
"Schlossbrauerei Fuerstlich Drehna der Germania Bra","Lindenplatz 10",,,,"+49 35324 30330",,
"Schlossbrauerei GmbH Schwarzbach","Schleusinger Strasse 27",,,,"+49 36878 276-0",,http://schlossbrauerei-schwarzbach.de
"Schlossbrauerei Gruenbach bei Erding GmbH, Weissbi",Gruenbach,,,,"+49 8122 41007",,http://www.schlossbrauerei-gruenbach.de
"Schlossbrauerei Haselbach","Hofmarkstrasse 7",,,,"(498) 509-1331",,
"Schlossbrauerei Herrngiersdorf","Schlossallee 5",,,,"+49 9452 2041/2",,http://www.schlossbrauerei-herrngiersdorf.de
"Schlossbrauerei Hohenthann OHG","Brauhausstrasse 1",,,,"+49 8784 9602-0",,http://www.hohenthanner.de
"Schlossbrauerei Holnstein Germany","Holnstein 28",,,,"(499) 663-1248",,
"Schlossbrauerei Illertissen","Braeuhausstrasse 17",,,,"(497) 303-3421",,
"Schlossbrauerei Kaltenberg Irmingard Prinzessin v.","Augsburger Strasse 41",,,,"(498) 141-2430",,
"Schlossbrauerei Maxlrain Leo Graf von Hohenthal un","Aiblinger Strasse 1",,,,"+49 8061 9079-0",,
"Schlossbrauerei Mickhausen Helmut und Sophia Prinz","Hauptstrasse 32-34",,,,"(498) 204-1013",,
"Schlossbrauerei Naabeck","Naabecker Strasse 13",,,,"(499) 431-1326",,
"Schlossbrauerei Odelzhausen Hans & Maria Eser GmbH","Am Schlossberg 1",,,,"+49 8134 9987-0",,
"Schlossbrauerei Reckendorf Georg Dirauf KG","Muehlweg 16",,,,"(499) 544-6011",,
"Schlossbrauerei Reuth GmbH","Hauptstrasse 22",,,,"(499) 682-2206",,http://www.schlossbraureuth.de
"Schlossbrauerei Stein Wiskott GmbH & Co. KG","Schlosshof 2",,,,"+49 8621 9832-0",,http://www.steiner-bier.de
"Schlossbrauerei Stelzer","Fattigau 27",,,,"(499) 286-6260",,
"Schlossbrauerei Stoeckle Schmieheim e.K.","Schlossstrasse 64",,,,"(497) 825-9669",,
"Schlossbrauerei Unterbaar Albrecht Frhr. Gross v.","Hauptstrasse 18",,,,"+49 8276 5898-0",,
"Schlossbrauerei Unterkotzau b. Hof Alois Falter","Hirschberger Strasse 6",,,,"(499) 281-6891",,
"Schlossbrauerei zu Sandersdorf Schambachtal GmbH","Nuernberger Strasse 13",,,,"+49 9446 9029-0",,
"Schluesselbraeu Privatbrauerei Helmut Bosch","Oggenhauserstrasse 34",,,,"+49 7322 9657-0",,
"Schmidt-Braeu Schwandorf","Marktplatz 8",,,,"+49 9431 71570",,
"Schmidt-Brau Neuhaus","Schlossstr 10",,,,091957291,regional,
"Schmucker Brauerei Zum Felsenkeller","Eberbacher Weg 68",,,,"(496) 068-2232",,http://www.deutsche-brau-kooperation.de/bellheim.htm
"Schneider Brew-Service","Hasenackeustr 15",,,,"(062) 227-1505",,
"Schroettinger Braeu Wolfgang Krottenthaler","Schroetting 1",,,,"+49 9467 253",,
"Schultheis Brauerei GmbH & Co. KG","Hauptstrasse 3",,,,"(492) 637-6020",,
"Schussenrieder, Erlebnisbrauerei","Ott Postfach 157 Wilhelm Schussenstrasse 12",,,,"+49 7583-404-11",regional,
"Schwabenbrau Rob. Leicht AG","Hauptstrasse 26",,,,,regional,
"Schweriner Schlossbrauerei","Schweriner Strasse 61",,,,"(493) 856-8680",,http://www.oettinger-bier.de
"Schwind-Braeu KG","Schweinheimer Strasse 117",,,,"+49 6021 930092",,
"Sester Brauerei GmbH","Bergisch Gladbacher Str 116-1",,,,"+49 (0) 221 962990",,
"Siegburger Brauhaus Zum Roten Loewen","Holzgasse 37-39",,,,"+49 2241 55999",,http://www.siegburger-brauhaus.de
"Sollinger Bergbrauerei Heinrich Haffner KG","Rosenstrasse 10",,,,"+49 5571 9222-0",,
"Sonnenbrauerei Ewald Maier","Hohenzollernstrasse 2",,,,"+49 7577 504",,
"Sophie`s Brauhaus Ludwig Braeu GmbH","Marienstrasse 28",,,,"+49 711 610962",,
"Spaeth Braeu","Brennesstrasse 4",,,,"+49 9943 9444-0",,
"Spaeth-Braeu Inh. Franz Fuchsbuechler KG","Lorenz-Zierl-Strasse 20",,,,"(499) 973-1269",,
"Spaten-Franziskaner-Braeu KGaA","Marsstrasse 46 und 48",,,,"+49 89 5122-0",,http://www.spatenbraeu.de%20www.franziskanerbraeu.de
"Spaten-Franziskaner-Braeu KGaA, Brauerei Schlossbe","Marsstr. 46-48",,,,"(498) 131-4063",,
Sperber-Braeu,"Rosenberger Strasse 14",,,,"+49 9661 8709-0",,http://www.sperberbraeu.de
"Spessart-Brauerei GmbH","Junkergasse 2",,,,"(499) 342-4401",,
"Spezialbierbrauerei und Mineralbrunnen Bucher GmbH","Untere Vorstadt 15-19",,,,"+49 9073 95980",,
"St. Florian Brau","Brauerei GMBH Georgenstr 3",,,,,,
"St. Georgen-Braeu Georg Modschiedler OHG","Marktstrasse 12",,,,"(499) 545-4460",,http://www.georgenbraeu.de
"St. Martin Brauerei Dr. R. Fohr KG","Sandgasse 1",,,,"+49 2621 9174-0",,http://www.st-martin-brauerei.de
"Staatliches Hofbrauhaus in Munchen","Hofbrauallee 1",,,,"+49 89 921 05 129",large,http://www.hofbraeuhaus.com
"Stadtbrauerei Arnstadt","Brauhausstrasse 1-3",,,,"+49 3628 607400",,http://www.arnstadt-stadtbrauerei.de
"Stadtbrauerei Olbernhau GmbH","Blumenauer Strasse 25",,,,"+49 37360 72618",,
"Stadtbrauerei Roth","Buechenbacher Weg 8",,,,"(499) 171-2379",,
"Stadtbrauerei Spalt","Brauereigasse 3",,,,"+49 9175 7961-0",,http://www.spalter-bier.de
"StadtBrauerei Troisdorf","Am Buergerhaus",,,,"+49 2241 800555",,
"Staffelbergbraeu Andreas Geldner",Loffeld,,,,"(499) 573-5925",,
"Staropramen Prager Bier Vertriebsges. mbH","Schwesswitzer Strasse",,,,"+49 34444 20120",,http://www.staropramen.de
"Sternbrau Schluesselfeld Gerhard Scheubel","Kirchplatz 12",,,,"(499) 555-2320",,
"Stern-Dampfbierbrauerei Gasthof Borbeck","Heinrich-Brauns-Strasse 9",,,,"+49 201 670098",,
"Sternquell-Brauerei Plauen GmbH","Dobenaustrasse 83",,,,"(493) 741-2110",,http://www.sternquell.de
"Stiefel Gastronomie GmbH, Stiefelbraeu","Am Stiefel 2",,,,"+49 681 93645-0",,
Stiftsscheuer,"Widerholtstr 6-8",,,,"++49-(0)7021 - 73 61 54",brewpub,
"Storchenbraeu Hans Roth KG","Kirchplatz 5",,,,"(498) 265-7022",,http://www.storchenbraeu.de
"Stralsunder Brauerei GmbH","Greifswalder Chaussee 84",,,,"(493) 831-2550",,http://www.nordmann.de
"Strelow & Co","Bornmoor 18",,,,"+49 40 540097-0",,http://www.strelow.de
"Stuhrer Muehle Muehlenbraeu","Blockener Strasse 10, Moordeich",,,,"+49 421 562765",,http://www.stuhrer-muehle.de
"Stuttgarter Hofbraeu AG","Boeblinger Strasse 104",,,,"(497) 116-4880",,http://www.stuttgarter-hofbraeu.de
"Thombacher Brauerei","Hagener Strasse 261",,,,,,
"Thorbraeu Augsburg Max Kuhnle","Wertachbrucker-Tor-Strasse 9",,,,"(498) 213-6561",,http://www.thorbraeu.de
"Thueringer Gasthausbrauerei Felsenkeller","Humboldtstrasse 37",,,,"+49 3643 850366",,http://www.weimarergastrobetriebe.de
"Trassl-Braeu GmbH + Co KG","Oberwarmensteinacher Strasse 38",,,,"(499) 227-9940",,
"Tucher Brau","Schillerstr. 14",,,,49091197760,,http://www.tucher.de
"Tucher Brau KG, Brauereibetriebsgesellschaft","Schillerstrasse 14",,,,"(499) 119-7760",,http://www.tucher.de
"Tucher Brau KG, Brauereibetriebsgesellschaft, Led","Sielstrasse 12",,,,"+49 911 268665",,http://www.lederer.de
"Tucher Brau KG, Brauereibetriebsgesellschaft, Tuc","Schwabacher Strasse 106",,,,,,http://www.tucher.de
"Uerige Obergaerige Hausbrauerei","Bergerstrasse 1",,,,"+49 211 866990",,http://www.uerige.de
"Uirner Privat Brauerei","Kallenfelser str 2-4",,,,,,
"Ulmenbraeu im Guetersloher Brauhaus 1. Gasthausbra","Unter den Ulmen 9",,,,"+49 5241 25166",,
"Ulmer Muenster Brauerei Inh. Grasmann Kommanditges","Magirusstrasse 46",,,,"+49 731 393-0",,
"Unertl Weissbier GmbH","Lerchenberger Strasse 6",,,,"(498) 072-8297",,
"Unionsbraeu Haidhausen GmbH","Einsteinstrasse 42",,,,"(498) 947-7677",,http://unionsbraeu.purespace.de/start.htm
"v. Koch`sche Brauerei GmbH & Co.","Gottsmannsgruen Nr. 33",,,,"+49 9293 241",,http://www.brauerei-gottsmannsgruener.de
"Vasold & Schmitt Brauerei GmbH & Co. KG","Schellenberger Weg 3",,,,"+49 9134 644",,
"Vereinsbrauerei Apolda GmbH","Topfmarkt 14",,,,"+49 3644 8484-0",,
"Vereinsbrauerei Greiz GmbH","Lindenstrasse 60",,,,"(493) 661-6100",,http://www.vereinsbrauerei-greiz.de
"Vetters Alt-Heidelberger Brauhaus GmbH, Die Brauer","Steingasse 9",,,,"+49 6221 165850",,http://www.choin.de/brauhaus-vetter-hd
"Vogel Hausbraeu GmbH & Co. KG","Rheinstrasse 4",,,,"+49 7243 13739",,http://www.vogelbraeu.de
Vormann-Brauerei,"Braugasse 3/5, OT Dahl",,,,"+49 2337 445",,http://vormann-brauerei.de
"Vulkan Brauerei Mendig GmbH","Laacher See Strasse 2",,,,"+49 2652 520390",,http://www.vulkan-brauhaus.de
"W. & H. Zoehrlaut Schlossbrauerei Haigerloch GmbH","Hechingerstrasse 9",,,,"+49 7474 6051-0",,
"W. Dinkelaker Schoenbuch Braeu KG","Postplatz 6",,,,"+49 7031 2173-0",,http://www.schoenbuchbraeu.de
"Wacken Brauerei GmbH",,,,,491629437065,planning,http://www.wackenbier.de
"Waeldches Braeu GmbH","Am Ginnheimer Waeldchen 8",,,,"(496) 952-0522",,http://www.waeldches.de
"Wagner Braeu Kemmern oHG","Hauptstrasse 15",,,,"(499) 544-6746",,
"Wagner Brauerei","Am Stadtgraben 3",,,,"+49 9243 289",,
"Waldschlossbrauerei GmbH","Orber Strasse 103",,,,"+49 9355 9734-0",,
"Warburger Brauerei GmbH",Kuhlemuehle,,,,"(495) 641-2031",,http://www.warburger-brauerei.de
"Warsteiner Brauerei Haus Cramer KG","Domring 4-10",,,,"+49 2902 88-0",,http://www.warsteiner.de
"Weiss Roessl Braeu E. Wagner","Frankenstrasse 26",,,,"+49 9522 9229-0",,
"Weissbierbrauerei Gudrun Bauer",,,,,"(498) 562-1250",,
"Weissbierbrauerei Hopf GmbH + Co.","Schuetzenstrasse 8+10",,,,"+49 8025 2959-0",,http://www.hopfweisse.de
"Weissbierbrauerei Simon KG","Heroldstrasse 12",,,,"(499) 123-2323",,http://www.lauf.de/weissbier
"Weissbraeu Jodlbauer GmbH",,,,,"(498) 533-1653",,
"Weissbraeu Koesslarn","Marktplatz 23",,,,"+49 8536 256",,
"Weissbraeu Traunstein GmbH","Hofgasse 6-11",,,,"+49 (0) 861-98866-0",micro,
"Weissbraeu zu Koeln Obergaeriges Brauhaus","Am Weidenbach 24",,,,"+49 221 231823",,
"Weisses Braeuhaus Karlmann Detter, Graminger Weiss","Graming 79",,,,"+49 8671 9614-0",,http://www.graminger-weissbraeu.de
"Weisses Brauhaus Wolfgang Mehringer GmbH","Webergasse 16",,,,"+49 9672 871",,
"Weldebraeu GmbH & Co. KG","Brauereistrasse 1",,,,"+49 6202 930039",micro,http://www.welde.de
"Weldebrau GmbH","Braueiestr 1",,,,49-620293000,,
"Weller-Braeu Alois Weller","Nuernberger Strasse 30",,,,"(499) 122-2223",,
"Wernecker Bierbrauerei, Bierbrauerei","Schoenbornstrasse 2-4",,,,"+49 9722 9150-0",,http://www.wernecker-bier.de
"Werner Braeu GmbH & Co. KG","Hauptstrasse 13-15",,,,"+49 9725 67-0",,http://www.wernerbraeu.de
"Wernesgruener Brauerei AG","Bergstrasse 4, Wernesgruen",,,,"(493) 746-2610",,http://www.wernesgruener.de
Westerwald-Brauerei,"Gehlerter Srasse",,,,2662-808-13,,
"Wildbraeu Grafing vor Muenchen Josef Schlederer Br","Rotter Strasse 15",,,,"+49 8092 7009-0",,
"Willinger Brauhaus GmbH & Co. Vertriebs KG","In den Kaempen 2",,,,"+49 5632 9887-0",,http://willinger-brauhaus.de
"Wimmer Brauerei Inh. A. u. R. Kellerer","Braeuberg 1",,,,"+49 8765 206",,
"Winbecker Brauhaus AG","Papen str 4-7",,,,5617970,,
"Winkler-Braeu-Schlicht GmbH & Co.","Winklergasse 1",,,,"(499) 662-9613",,
"Woinemer Hausbrauerei Hardt & Andreas OHG","Friedrichstrasse 23",,,,"+49 6201 12001",,
"Wolfshoeher Privatbrauerei K. u F. Weber GmbH & Co","Zur Wolfshoehe 3",,,,"(499) 153-4040",,http://www.wolfshoeher.de
"Wuerzburger Hofbraeu AG","Hoechberger Strasse 28",,,,"(499) 314-1090",,http://www.wuerzburger-hofbraeu.de
"Wurzburger Hotbrau",,,,,,,
"Zehendner Brauerei GmbH","Moenchsambach Nr. 18",,,,"+49 9546 380",,http://www.abseits.de/zehendner.htm
"Zeltbraeu Hof in Bayern","Schleizer Strasse 28",,,,"+49 9281 8301-0",,http://www.zeltbraeu.de
"Ziegler Brauerei oHG","Stationsweg 50",,,,"+49 9632 1814/5",,
"Zieglerbraeu-Mainburg Hermine Randeltshofer","Scharfstrasse 22",,,,"(498) 751-1470",,
"Zittauer Brauhaus","Im Weinaupark 3a",,,,"+49(0 35 83) 70 41 04",brewpub,http://www.zittauer.de
"Zum Loewenbraeu Brauerei und Gasthof Benno Wirth","Neuhauser Hauptstrasse 3",,,,"(499) 195-7221",,http://www.braugasthoefe.com/gasthof/zumloewenbraeu
"Zur Alten Brauerei","Ledergasse 4",,,,"(083) 339-3085",,
"Zwiefalter Klosterbraeu","Hauptstrasse 24",,,,"(497) 373-2000",,http://www.zwiefalter.de
