name,address1,address2,city,state,zip,phone,type,url
"(512) Brewing Co","407 Radam Ln Ste F200",,Austin,TX,78745-1197,"(512) 921-1545",micro,http://www.512brewing.com
"11 Below Brewing Company","6820 Bourgeois Rd",,Houston,TX,77066-3107,"(281) 444-2337",micro,http://www.11belowbrewing.com
"28th State Brewing",,,Houston,TX,77095-6933,,planning,
"3 Nations Brewing","2405 Squire Pl Ste 200",,"Farmers Branch",TX,75234-4714,"(469) 660-7184",micro,http://www.threenationsbrewing.com
"4th Tap Brewing Cooperative","10615 Metric Blvd",,Austin,TX,78758-4520,"(512) 908-9817",micro,
"5 Stones Artisan Brewery","128 Springtree Cv",,Cibolo,TX,78108-3316,"(210) 380-8215",micro,
"5th Element Brewing",,,Leander,TX,78641-4009,"(915) 637-8199",planning,
"5x5 Brewing Co.",,,Mission,TX,78572-6215,"(956) 529-1353",planning,http://www.5x5brewing.com
"8th Wonder Brewery","2202 Dallas St",,Houston,TX,77003-3519,"(713) 397-0072",micro,http://www.8thwonderbrew.com
"903 Brewers","1720 S Elm St",,Sherman,TX,75090-8725,"(214) 243-8090",micro,http://www.903brewers.com
"Acopon Brewing Co","211 W Mercer St",,"Dripping Springs",TX,78620-5363,"(512) 829-4723",micro,http://www.acoponbrewing.com
"Adelbert's Brewery LLC","2314 Rutland Dr Ste 100",,Austin,TX,78758-5273,"(512) 662-1462",micro,http://www.adelbertsbeer.com
"Alamo Beer Co","415 Burnet St",,"San Antonio",TX,78202-1909,"(210) 872-5589",micro,http://www.alamobeer.com
"Alcazar Brewery, LLC.",,,"Rio Grande City",TX,78582-4450,,planning,
"Altmeyer and Lewis Brewing Company","15898 N Hwy 123",,"San Marcos",TX,78666-2418,"(512) 667-9537",micro,http://www.altmeyerlewisbrewing.com
"Altstadt Brewery","6120 E US Highway 290",,Fredericksburg,TX,78624-2176,"(830) 304-2337",micro,http://www.altstadtbeer.com
"Angelina Brewing Company, LLC.",,,Lufkin,TX,75904-7550,"(316) 841-9327",planning,
"Anheuser-Busch Inc – Houston","775 Gellhorn Dr",,Houston,TX,77029-1496,"(713) 675-2311",large,
"Anvil Brewing","115 Compress St",,Pittsburg,TX,75686-1353,"(903) 926-7741",brewpub,http://www.anvilbrewingtx.com
Aquabrew,"150 S Lbj Dr",,"San Marcos",TX,78666-5506,"(512) 353-2739",brewpub,http://www.aqua-brew.com
"Aransas Pass Brewing Company, LLC",,,"Aransas Pass",TX,78336-1920,,planning,
"Armadillo Ale Works","221 S Bell Ave",,Denton,TX,76201-4259,"(940) 580-4446",micro,http://www.armadilloaleworks.com
"Athens Brewing Co","101 E Tyler St",,Athens,TX,75751-2547,"(903) 952-7493",brewpub,http://www.athensbrewingco.com
"Austin Beerworks","3001 Industrial Ter",,Austin,TX,78758-7609,"(512) 821-2494",regional,http://www.austinbeerworks.com
"B and J's Handcrafted Texas Ales","6335 S Padre Island Dr",,"Corpus Christi",TX,78412-4013,"(361) 992-6671",micro,http://pizzaandbrew@aol.com
"B-52 Brewing","12470 Milroy Ln",,Conroe,TX,77304-5160,"(936) 447-4677",micro,http://www.b52brewing.com
"Baa Baa Brewhouse","539 FM 359 Rd S",,Brookshire,TX,77423-8013,"(281) 934-1847",micro,http://www.baabaabrewhouse.com
"Back Pew Brewing","26452 Sorters Rd",,Porter,TX,77365-4752,"(281) 608-7526",micro,http://www.backpewbrewing.com
"BackStory Brewery",,,"Sulphur Springs",TX,75482-2772,,planning,
"Baileson Brewing Company, LLC","2322 Bissonnet St",,Houston,TX,77005-1512,"(832) 516-9828",micro,http://www.bailesonbrewing.com
"BAKFISH Brewing Company","1231 Broadway St",,Pearland,TX,77581-6303,"(281) 993-8658",micro,http://www.bakfishbrewing.com
"Bandera Ale Project, LLC","3540 State Highway 16 S Ste 2A",,Bandera,TX,78003-3561,"(830) 522-4226",micro,http://www.banderabrewery.com
"Bankhead Brewing Company","3840 Main St",,Rowlett,TX,75088-5073,"(214) 384-7953",brewpub,http://www.bankheadbrewing.com
"Bar D Brew House","213 N High St",,"San Saba",TX,76877-3533,"(325) 372-6100",brewpub,http://www.bardbrewhouse.com
"Bare Arms Brewing","2515 La Salle Ave",,Waco,TX,76706-3929,"(254) 759-8480",micro,http://www.barearmsbrewing.com
"Barking Armadillo Brewing",,,Austin,TX,78723-3342,,planning,
"Barrel Assembly",,,Austin,TX,78751-3019,"1 (512) 423-6579",planning,http://www.barrelassembly.com
"Barrow Brewing Company","108 Royal St",,Salado,TX,76571,"(254) 947-3544",micro,http://www.barrowbrewing.com
"Basement Brewers of Texas","521 Clay St",,Kerrville,TX,78028-4525,"(830) 955-5073",micro,http://www.basementbrewersoftexas.com
"B-CS Zoigl Brewery","211 W Wm J Bryan Pkwy",,Bryan,TX,77803-3225,"(281) 935-3018",micro,http://www.bcs-zoigl.com
"Bearded Fox Brewing Co.","11729 Spring Cypress Rd Ste R",,Tomball,TX,77377-6063,"(832) 761-7928",micro,http://www.beardedfoxbrewing.com
"Beerfoot Beach Bar","2816 Avenue R 1/2",,Galveston,TX,77550-7742,"(409) 762-2337",micro,http://www.yagaspresents.com/beerfoot/index.html
"Big Bend Brewing Co","2809 W Highway 90",,Alpine,TX,79830-4127,"(432) 837-3700",micro,http://www.bigbendbrewing.com
"Big Kids Brewhouse",,,Austin,TX,78704-7539,"(512) 574-7506",planning,
"Big River Brewery, LLC","505 W Nolana Loop",,Pharr,TX,78577-8345,"(956) 566-1455",micro,
"Big Texan Brewery","7701 Interstate 40 Access Rd",,Amarillo,TX,79118-6915,"(806) 372-6000",brewpub,http://www.bigtexan.com
"Bitter Sisters Brewing Company","15103 Surveyor Blvd",,Addison,TX,75001-4316,"(972) 479-0949",micro,http://www.bittersistersbrewery.com
"BJ's Brewhouse","602 E Central Ave",,Temple,TX,76501-4319,"(714) 500-2400",regional,
"BJ'S Brewhouse 616","616 E Central Ave",,Temple,TX,76501,,micro,
"Black Star Co-op","7020 Easy Wind Dr Ste 100",,Austin,TX,78752-2373,"(512) 452-2337",brewpub,http://www.blackstar.coop
"Blackwater Draw Brewing Company","303 Boyett St",,"College Station",TX,77840-1207,"(979) 703-6170",brewpub,http://www.blackwaterbrew.com
"Blazing Tree Brewery","11426 Rojas Dr Ste A13",,"El Paso",TX,79936-6486,"(915) 307-3627",micro,
"Blue Owl Brewing","2400 E Cesar Chavez St Ste 300",,Austin,TX,78702-4638,"(512) 593-1262",micro,http://www.blueowlbrewing.com
"Blue Star Brewing Co","1414 S Alamo St # 105",,"San Antonio",TX,78210-1117,"(210) 212-5506",brewpub,http://www.bluestarbrewing.com
"Bluebonnet Beer Co","1700 Bryant Dr Ste 107",,"Round Rock",TX,78664-3898,"(512) 774-4258",micro,http://www.bluebonnetbeerco.com
"Bnaf, LLC",,,Austin,TX,78727-7602,,planning,
"Boerne Brewery","9 Hill View Ln",,Boerne,TX,78006-7003,"(830) 688-9693",micro,http://www.boernebrewery.com
"Braindead Brewing","2625 Main St",,Dallas,TX,75226-1411,"(469) 286-9005",brewpub,http://www.braindeadbrewing.com
"Branchline Brewing Company",,,"San Antonio",TX,78247-3502,"(361) 290-8817",contract,http://www.branchlinebrewing.com
Brash,"508 W Crosstimbers St",,Houston,TX,77018-5521,,micro,http://www.brashbeers.com
"Brazos Valley Brewing Company","201 W 1st St",,Brenham,TX,77833,"(979) 987-1133",micro,http://www.brazosvalleybrewery.com
"Brew Monkey Beer Company",,,Boerne,TX,78015-6521,"(408) 655-6700",planning,http://www.brewmonkeybeerco.com
"Brewery in Planning - Austin",,,Austin,TX,78745,,planning,
"Brewery In Planning - Austin",,,Leander,TX,78641-8632,,planning,
"Brewery In Planning - Austin",,,Austin,TX,78705,,planning,
"Brewery in Planning - Austin",,,Austin,TX,78729-4938,,planning,
"Brewery in Planning - Austin, TX",,,Austin,TX,78717,"(512) 415-2600",planning,
"Brewery In Planning - Baytown",,,Kingwood,TX,77339-1218,,planning,
"Brewery in Planning - Big Spring, TX",,,"Big Spring",TX,79720-6010,"(432) 268-3056",planning,
"Brewery In Planning - College Station",,,"College Station",TX,77845,,planning,
"Brewery in Planning - Cypress",,,Cypress,TX,77429-8183,,planning,
"Brewery in Planning - Dallas",,,Dallas,TX,75287-6009,,planning,
"Brewery in Planning - Dallas",,,Dallas,TX,75209-4842,"(214) 534-0900",planning,
"Brewery In Planning - Fort Worth",,,"Fort Worth",TX,76116,,planning,
"Brewery In Planning - Friendswood",,,Friendswood,TX,77546-3544,"(281) 620-6350",planning,
"Brewery in Planning - Grapevine",,,Roanoke,TX,76262,"(619) 947-2423",planning,
"Brewery in Planning - Houston",,,Houston,TX,77024-4116,"(281) 748-3017",planning,
"Brewery in Planning - Katy",,,Katy,TX,77494-4657,"(832) 714-0319",planning,
"Brewery In Planning - Lucas",,,Allen,TX,75002,"(214) 735-8587",planning,
"Brewery in Planning - MIDLOTHIAN, TX",,,Midlothian,TX,76065-7937,"(501) 288-3713",planning,
"Brewery in Planning - Plano",,,Plano,TX,75023-6320,,planning,
"Brewery In Planning - Somerville, MA",,,Houston,TX,77043-4718,,planning,
"Brewery in Planning - Washington",,,Washington,TX,77880,,planning,
"Brewery In Planning- Arlington",,,Arlington,TX,76010,,planning,
"Brewery In Planning- Houston",,"Houston, TX",,,,"(832) 549-0286",planning,
"Brewery In Planning- Mc Kinney, TX.",,,McKinney,TX,75069-9000,,planning,
"Brewery In Planning- Plano, TX.",,,Plano,TX,75075-3012,,planning,
"Brews Brothers","2404 Strand St",,Galveston,TX,77550-1412,"(409) 763-2739",brewpub,
"Brick Oven Pizza Co/ Brick & Forge Brewing","4714 S 14th St",,Abilene,TX,79605-4733,"(870) 236-4200",brewpub,
"Brick Vault Brewery & BBQ",,,Marathon,TX,79842,"(832) 992-9497",planning,http://www.gagehotel.com
"Brigadoon Brewery & Brew School","4808 Fairmont Pkwy Ste 112",,Pasadena,TX,77505-3722,"(936) 894-0425",micro,http://www.brigadoonbrewery.com
"Brotherwell Brewing",,,Waco,TX,76704-2505,"(214) 763-8755",planning,
"BS Brewing","1408 Old Lehmann Rd",,Seguin,TX,78155-5048,"(830) 660-8124",micro,http://www.bsbrewingtx.com
"Buffalo Bayou Brewing Co","5301 Nolda St",,Houston,TX,77007-2234,"(713) 750-9795",micro,http://www.buffbrew.com
"Bull Creek Brewing Company","6506 Delmonico Dr",,Austin,TX,78759-6159,"(512) 839-9510",proprietor,http://www.bullcreekbrewing.com
"Busted Sandal Brewing Company","7114 Oaklawn Dr",,"San Antonio",TX,78229-3021,"(210) 872-1486",micro,http://www.bustedsandalbrewing.com
"Cactus Land Brewing Company","368 County Road 325",,Adkins,TX,78101-2812,"(210) 414-2776",micro,http://www.cactuslandbrewing.com
"Caldwell Brewing Company","106 N Main St Ste B",,Caldwell,TX,77836-1566,"(512) 921-1969",micro,http://www.caldwellbrewing.com
"Caracara Brewing Company","100 E Market St",,Lockhart,TX,78644-2747,,micro,http://www.caracarabrewingcompany.com
"Cedar Creek Brewery","336 E Cedar Creek Pkwy",,"Seven Points",TX,75143-8395,"(214) 502-9795",brewpub,http://www.cedarcreekbrewery.com
"Celis Brewery","10001 Metic Blvd.",,Austin,TX,78758,"(512) 524-2377",micro,http://www.celisbeers.com
"Cellarman's Pub & Brewery","2130 Texoma Pkwy",,Sherman,TX,75090-2622,"(903) 813-0994",brewpub,http://www.cellarmanspub.com
"Central Machine Brewing",,,Austin,TX,78702-5135,,planning,
"Chimera Brewing Company","1001 W Magnolia Ave",,"Fort Worth",TX,76104-4504,"(817) 923-8000",brewpub,http://www.chimerabrew.com
"Cibolo Creek Brewing Co.","448 S Main St",,Boerne,TX,78006-2338,"(830) 816-5275",brewpub,http://www.cibolocreekbrewing.com
"Circle Brewing Company","2340 W Braker Ln Ste B",,Austin,TX,78758-4542,"(512) 814-7599",micro,http://www.circlebrewing.com
"City Acre Brewing Co","3421 Folger St",,Houston,TX,77093-5603,"(832) 377-0237",brewpub,http://www.cityacrebrewing.com
"Coastal Bend Brewing",,,"Corpus Christi",TX,78418-6697,"(512) 690-1050",planning,http://www.coastalbendbrewing.com
"Cobra Brewing Company","146 Whatley Ave",,Lewisville,TX,75057-3961,"(972) 221-2337",micro,http://www.cobrabrewingco.com
"Community Beer Co","1530 Inspiration Dr # 200",,Dallas,TX,75207-3703,,micro,
"Copperhead Brewery","822 N Frazier St",,Conroe,TX,77301-2305,"(281) 919-6134",micro,http://www.copperheadbrewery.com
"Cowtown Brewing Company",,,"Fort Worth",TX,76102-2408,,planning,http://www.cowtownbrewco.com
"Cycler's Brewing","17105 Osborn Rd",,Montgomery,TX,77356,"(713) 569-2485",micro,http://www.cyclersbrewing.com
"Cypress Creek Southern Ales",,,Winnsboro,TX,75494-3206,"(208) 841-4159",planning,http://www.cypresscreeksouthernales.com
"Dauntless Brewing Company",,,"Farmers Branch",TX,75234-2334,"(903) 521-3472",planning,
"Deadbeach Brewery","406 S Durango St",,"El Paso",TX,79901-1063,"(855) 915-2337",micro,http://www.deadbeach.com
"Deanitude Brewing Company, LLC",,,Dallas,TX,75225-0734,"(214) 360-0004",planning,http://www.deanitudebrewing.com
"Deep Ellum Brewing Co","2821 Saint Louis St",,Dallas,TX,75226-1904,"(214) 888-3322",regional,http://www.deepellumbrewing.com
"Denton County Brewing Company","200 E McKinney St",,Denton,TX,76201-4230,"(940) 435-0710",micro,http://www.dentoncountybrewingco.com
"Destination Brewing Company","2708 Lawrence Drive",,Austin,TX,78734,"(512) 965-9858",contract,http://www.destinationbrewing.co
"Devil and the Deep","2425 Postoffice St",,Galveston,TX,77550-4629,"(713) 402-8868",micro,http://www.devilandthedeep.com
"Dirty Job Brewing","117 N Main St",,Mansfield,TX,76063,"(682) 518-1791",micro,http://www.dirtyjobbrewing.com
"Division Brewing","506 E Main St",,Arlington,TX,76010-1228,"(214) 697-8350",micro,http://www.divisionbrewing.com
"Dodging Duck Brewhaus","402 River Rd",,Boerne,TX,78006-2312,"(830) 248-3825",brewpub,http://www.dodgingduck.com
"Dorcol Distilling and Highwheel Beerworks","1902 S Flores St",,"San Antonio",TX,78204,"(210) 229-0607",micro,http://www.dorcolspirits.com
"Double Horn Brewing Co","208 Avenue H",,"Marble Falls",TX,78654-5750,"(830) 693-5165",brewpub,http://www.doublehornbrewing.com
"Draught House Pub and Brewery","4112 Medical Pkwy Ste 100",,Austin,TX,78756-3715,"(512) 452-6258",micro,http://www.draughthouse.com
"El Paso Brewing Company","810-B Texas Ave",,"El Paso",TX,79901-,"(915) 262-0687",micro,http://www.elpasobrewing.com
"Ember Brewing Company",,"Arlington, TX",,,,"(817) 729-1007",planning,http://emberbrewingcompany.com
"Eola School Restaurant","12119 FM 381 Rd",,Eola,TX,76937,"(325) 469-3314",brewpub,http://www.eolaschool.com
"ETX Brewing Co.","221 S Broadway Ave",,Tyler,TX,75702-7302,"(903) 630-7720",micro,http://www.etxbrew.com
"Eureka Heights Brewing Company","941 W 18th St",,Houston,TX,77008-3336,"(832) 953-4677",micro,http://www.eurekaheights.com
"Family Business Beer Company","19510 Hamilton Pool Rd",,"Dripping Springs",TX,78620-2823,"(512) 829-4202",micro,http://www.familybusinessbeerco.com
"Faust Hotel Restaurant and Brew Pub","499 S Castell Ave",,"New Braunfels",TX,78130-7618,"(830) 625-7791",micro,http://www.faustbrewing.com
"Fetching Lab Brewing Co.","1578 Algoa Rd",,Alvin,TX,77511-1396,"(281) 414-7355",micro,http://www.fetchinglabbrewery@gmail.com
"Flix Brewhouse","2000 S Interstate 35 Ste B1",,"Round Rock",TX,78681-6900,"(512) 244-2739",micro,http://www.flixbrewhouse.com
"Flying Man Brewing Company","2400 Patterson Industrial",,Austin,TX,78660,"(512) 910-4099",micro,http://www.flyingmanbrewing.com
"Flying Rhino Brewing Company",,,Houston,TX,77077-6108,"(832) 651-0114",planning,
"Four Bullets Brewery","640 N Interurban St",,Richardson,TX,75081-3317,,micro,http://www.fourbulletsbrewery.com
"Four Corners Brewing Co","423 Singleton Blvd",,Dallas,TX,75212-4104,"(214) 748-2739",micro,http://www.fcbrewing.com
"Four Corners Brewing Co","1311 S Ervay St",,Dallas,TX,75215,"(214) 748-2739",micro,
"Franconia Brewing Co","495 McKinney Pkwy",,McKinney,TX,75071-1825,"(972) 542-0705",micro,http://www.franconiabrewing.com
"Fredericksburg Brewing Co","245 E Main St",,Fredericksburg,TX,78624-4114,"(830) 997-1646",brewpub,http://www.yourbrewery.com
"Fredonia Brewery, LLC","138 N Mound St",,Nacogdoches,TX,75961-5262,"(936) 305-5125",micro,http://www.fredoniabrewery.com
"Freetail Brewing Co","2000 S Presa St",,"San Antonio",TX,78210-2835,"(210) 395-4974",micro,http://www.freetailbrewing.com
"Freetail Brewing Co - Brewpub","4035 N Loop 1604 W Ste 105",,"San Antonio",TX,78257-9547,"(210) 625-6000",brewpub,http://www.freetailbrewing.com
"Friends and Allies Brewing Company","979 Springdale Rd Ste 124",,Austin,TX,78702-3753,,micro,http://www.friendsandallies.beer
"Frisky Brewing Company",,,Odessa,TX,79765,,planning,http://www.friskybrewing.com
"Fulbrook Ale Works","10004 Boulder Bend Ln",,Brookshire,TX,77423-1964,"(832) 980-9675",micro,http://fulbrookaleworks.com
"Galactic Coast Brewing","1675 FM 1266 Ste C",,Dickinson,TX,77539-4213,"(832) 738-1960",micro,http://www.galacticcoastbrewing.com
"Galveston Bay Beer Company, Inc.","12900 FM 3436 Rd",,Dickinson,TX,77539-2565,"(281) 339-3210",micro,http://www.galvestonbaybeer.com
"Galveston Island Brewing","8423 Stewart Rd",,Galveston,TX,77554-9242,"(409) 740-7000",micro,http://www.galvestonislandbrewing.com
"Goliad Brewing Company","252 Metting Rd",,Goliad,TX,77963-3966,"(281) 782-7860",micro,http://www.goliadbrewing.com
"Good Neighbor Brews","211 Regency Dr",,Wylie,TX,75098-7089,"(469) 471-4287",micro,http://www.goodneighborbrews.com
"Gordon Biersch Brewery Restaurant - Plano","7401 Lone Star Dr Ste B120",,Plano,TX,75024-5646,"(469) 467-0464",brewpub,http://www.craftworksrestaurants.com
"Gordon Street Tavern","114 N Gordon St",,Alvin,TX,77511-2331,"(281) 968-7402",brewpub,http://www.gordonstreettavern.com
"Grain Theory Brewing Company",,,Abilene,TX,79601,"(214) 226-0915",planning,http://www.graintheorybrewing.com
"Granary 'Cue and Brew","602 Avenue A",,"San Antonio",TX,78215-1222,"(210) 228-0124",brewpub,http://www.thegranarysa.com
"Granger City Brewing Company","109 W Davilla St",,Granger,TX,76530,"(512) 717-1859",brewpub,http://www.grangercitybrewingcompany.com
"Grapevine Craft Brewery","906 Jean St",,Grapevine,TX,76051-4112,"(817) 488-2337",micro,http://www.grapevineontap.com
"Great Heights Brewing Company","938 Wakefield Dr",,Houston,TX,77018-6204,"(281) 220-6900",micro,http://www.greatheightsbrewing.com
"Guadalupe Brewery","168 Rachel Dr",,"Canyon Lake",TX,78133-3527,"(512) 878-9214",micro,http://www.guadalupebrew.com
"Guns & Oil Brewery","2215 Westlake Dr Ste 201",,Austin,TX,78746-2910,,contract,http://gunsandoil.com
"Happy Hippie Brewing Company",,,Richardson,TX,75080,"(214) 616-7681",planning,http://www.happyhippiebeer.com
"Harvest Seasonal Kitchen","112 E Louisiana St",,McKinney,TX,75069-4412,"(214) 726-0251",brewpub,http://www.harvesttx.com
"Hell or High Water Brewing",,,Leander,TX,78641-8882,"(512) 963-6701",planning,
"Hemisphere Brewing Co","2015 Kristy Ln",,Rockwall,TX,75032-6242,"(972) 722-4535",micro,http://www.hemispherebrewing.com
"Hi Sign Brewing","1201 Old Bastrop Hwy Bldg A",,Austin,TX,78742-2600,"(512) 382-5264",micro,http://www.hisignbrewing.com
"Hold Out Brewing",,,Austin,TX,78703-5203,"(210) 316-5572",planning,http://www.holdoutbrewing.com
"Holler Brewing Company","2206 Edwards St Ste A",,Houston,TX,77007-4412,"(832) 781-0555",micro,http://www.hollerbeer.com
"Hop And Sting Brewing Company","2405 Squire Pl Ste 200",,"Farmers Branch",TX,75234-4714,"(682) 888-9614",micro,http://www.hopandsting.com
"Hopfusion Ale Works","200 E Broadway Ave",,"Fort Worth",TX,76104-1302,"(682) 841-1721",micro,http://www.hopfusionaleworks.com
"Hopped And Brewed",,,Austin,TX,78681-7333,"(512) 922-5879",planning,http://hoppedandbrewed@gmail.com
"Hops and Grain Brewing Company","507 Calles St Ste 101",,Austin,TX,78702-3954,"(512) 914-2467",micro,http://www.hopsandgrain.com
"Horny Toad Brewing Co, LLC","313 Edward St",,Rowena,TX,76875-3609,"(325) 212-1177",micro,http://www.hornytoadbrewery.com
"Huff Brewing Company, LLC","9805 Koehn Rd",,Bellville,TX,77418-7327,,micro,http://www.huffbrewing.com
"Hullabaloo Diner","15045 FM 2154 Rd",,"College Station",TX,77845-3345,"(979) 690-3002",brewpub,
"Humperdinks - Arlington","700 Six Flags Dr",,Arlington,TX,76011-6327,"(817) 640-8553",brewpub,http://www.humperdinks.com
"Humperdinks - Dallas (Greenville)","6050 Greenville Ave",,Dallas,TX,75206-1909,"(214) 368-1203",brewpub,http://www.humperdinks.com
"Humperdinks Restaurant","2208 W Northwest Hwy",,Dallas,TX,75220-4305,"(214) 358-4159",brewpub,http://www.humperdinks.com
"Idle Vine Brewing Company","16920 Joe Barbee Dr",,"Round Rock",TX,78664-2373,"(512) 527-3235",micro,http://www.idlevinebrewery.com
"Independence Brewing","3913 Todd Ln Ste 607",,Austin,TX,78744-1061,"(512) 707-0099",regional,http://www.independencebrewing.com
"Industry Brewery",,,Houston,TX,77024-7146,"(713) 851-4130",planning,
"Infamous Brewing","4602 Weletka Dr",,Austin,TX,78734-1829,"(512) 487-8786",micro,http://www.infamousbrewing.com
"Ingenious Brewing Company","1986 S Houston Ave",,Humble,TX,77396-1507,"(832) 412-2142",micro,http://www.ingeniousbeer.com
"Intervention Brewing Company, LLC",,,Irving,TX,75061-8826,"(214) 763-3070",planning,
"Intrinsic Smokehouse & Brewery","509 W State St",,Garland,TX,75040-6326,"(972) 272-2400",brewpub,http://www.intrinsicbrewing.com
"Ivanhoe Aleworks","220 W Main St",,Denison,TX,75020-3025,"(903) 464-0030",micro,
"Jester King Brewery","13005 Fitzhugh Rd Unit B",,Austin,TX,78736-6510,"(512) 537-5100",micro,http://www.jesterkingbrewery.com
"Karbach Brewing Co","2032 Karbach St",,Houston,TX,77092-8406,,large,
"Kastaway Brewing Co",,,Katy,TX,77494-6248,,planning,
"Kinematic Brewing Company","635 State Highway 46 E Ste 207",,Boerne,TX,78006-6010,,micro,
"Klaus Brewing Company",,,Houston,TX,77065,"(713) 498-5004",planning,http://www.klausbrewing.com
"Künstler Brewing","302 E Lachapelle",,"San Antonio",TX,78204-1945,"(210) 688-4519",brewpub,http://www.kuenstlerbrewing.com
"La Funke Brewing",,,Bulverde,TX,78163-4156,"(210) 460-2083",planning,http://www.lafunke.com
"Lakewood Brewing Co","2302 Executive Dr",,Garland,TX,75041-6121,"(972) 864-2337",micro,http://www.lakewoodbrewing.com
"Landon Winery","2508 Lee Street",,Greenville,TX,75401,"(903) 454-7878",micro,http://www.landonwinery.com
"Last Stand Brewing Company","12345 Pauls Valley Rd",,Austin,TX,78737-9615,"(512) 373-3629",micro,http://www.laststandbrewing.com
"Lazarus Brewing Company","1902 E 6th St",,Austin,TX,78702-3402,,brewpub,http://www.lazarusbrewing.com
"Lazy Beach Brewing","7522 Bichon Dr Ste 100",,"Corpus Christi",TX,78414-3910,"(361) 693-5347",micro,http://lazybeachbrewing.com
"Legal Draft Beer Company","500 E Division St",,Arlington,TX,76011-7212,"(817) 962-2210",micro,http://www.legaldraftbeer.com
"Live Oak Brewing Co","1615 Crozier Ln",,"del Valle",TX,78617-2129,"(512) 385-2299",micro,http://www.liveoakbrewing.com
"Local Group Brewing Company, LLC.",,,Houston,TX,77008-6844,,planning,
"Lone Pint Brewery","507 Commerce St",,Magnolia,TX,77355-8520,"(281) 731-5466",micro,http://www.lonepint.com
"Long Wooden Spoon Brewing","4098 Business Park Dr",,Amarillo,TX,79110-4233,"(806) 553-0397",micro,http://www.lwsbrewing.com
"Longtab Brewing Company LLC",,,"San Antonio",TX,78238-1920,"(210) 602-4561",planning,http://www.longtabbrewing.com
"Lorelei Brewing Co","520 Nas Dr",,"Corpus Christi",TX,78418-3254,"(361) 445-8684",micro,http://www.loreleibrewing.beer
"Mad Pecker Brewing","6025 Tezel Rd Ste 122",,"San Antonio",TX,78250-4180,"(210) 562-3059",brewpub,http://www.madpeckerbrewing.com
"Malai Fort Worth","5289 Monahans Ave",,"Fort Worth",TX,76109,"(682) 707-3959",brewpub,
"Mallory Brewing",,,Houston,TX,77018,,planning,
"Maple Branch Craft Brewery",,,"Fort Worth",TX,76133-1226,"(314) 910-8854",planning,http://www.maplebranchcraftbrewery.com/
"Martin House Brewing Company","220 S Sylvania Ave Ste 209",,"Fort Worth",TX,76111-2232,"(817) 222-0177",micro,http://www.martinhousebrewing.com
"Middleton Brewing (MBTX)","101 Oakwood Loop",,"San Marcos",TX,78666-1762,"(512) 847-3435",micro,http://www.mbtx.com
"MillerCoors Brewing Co - Fort Worth","7001 South Fwy",,"Fort Worth",TX,76134-4001,"(817) 551-3255",large,http://www.millerbrewing.com
"Moon Tower Sudworks","3004 Canal St",,Houston,TX,77003-1627,"(832) 266-0105",brewpub,http://www.damngoodfoodcoldassbeer.com
"Nacogdoches Brewing Company, Inc.",,,Nacogdoches,TX,75964-8327,"(936) 560-4532",planning,
"Neches Brewing Company","1108 Port Neches Ave",,"Port Neches",TX,77651-2804,"(409) 237-5700",brewpub,
"New Braunfels Brewing","180 W Mill St Ste 100",,"New Braunfels",TX,78130-5058,"(830) 626-2739",micro,http://www.nbbrewing.com
"New Republic Brewing","11405 N Dowling Rd Ste C",,"College Station",TX,77845-8500,"(713) 489-4667",micro,http://www.nrb.beer
"Nine Band Brewing Co.","9 Prestige Cir",,Allen,TX,75002-3419,"(972) 663-5707",micro,http://www.ninebandbrewing.com
"NLand Brewing Company","4836 Hwy 71 E",,"del Valle",TX,78617-3217,"(512) 806-1900",micro,
"No Label Brewing Co","5351-A 1st St",,Katy,TX,77493-2506,"(281) 693-7545",micro,http://www.nolabelbrew.com
"Noble Rey Brewing Company","2636 Farrington St",,Dallas,TX,75207-5908,,micro,http://www.noblereybrewing.com
"North By Northwest Restaurant and Brewery - North Capital","10010 N Capital of Texas Hwy",,Austin,TX,78759-5837,"(512) 467-6969",brewpub,http://www.nxnwbrew.com
"North By Northwest Restaurant and Brewery - Slaughter","5701 W Slaughter Ln Bld D",,Austin,TX,78759-5837,"(512) 467-6969",brewpub,
"Oak Cliff Brewing Co",,,Dallas,TX,75224-1305,,planning,
"Oak Highlands Brewery","10484 Brockwood Rd",,Dallas,TX,75238-1640,"(469) 802-9455",micro,http://www.ohbrewery.com
"Oasis Texas Brewing Company","6548 Comanche Trl Ste 301",,Austin,TX,78732-1210,"(512) 284-9407",micro,http://www.otxbc.com
"Oddwood Ales","3108 Manor Rd",,Austin,TX,78723-5719,,brewpub,http://www.oddwoodales.com
"Ode Brewing Co.","3233 N Mesa St Spot 301",,"El Paso",TX,79902-2337,"(915) 351-4377",brewpub,
"Oil Horse Brewing Company","101 W Tyler St",,Longview,TX,75601-6318,"(903) 220-3414",micro,http://www.oilhorsebrewing.com
"Ol' Shed Brewing Company",,,Mathis,TX,78368-1738,,planning,
"On Rotation Brewery","7328 Gaston Ave # 110",,Dallas,TX,75214-4130,"(972) 807-2588",micro,http://www.on-rotation.com
"O'Neil & Sons Brewing Company","502 Half League Rd Unit A",,"Port Lavaca",TX,77979-,"(361) 676-6023",micro,http://www.oneilandsons.com/home
"Orf Brewing","4700 Burleson Rd Ste F",,Austin,TX,78744-1230,"(512) 428-5217",micro,http://www.orfbrewing.com
"Oskar Blues Brewery","10420 Metric Blvd # 150",,Austin,TX,78758-4939,"(512) 243-7054",micro,
"Padre Island Brewing Co","PO Box 3837",,"South Padre Island",TX,78597-3837,"(956) 761-9585",brewpub,http://www.pibrewingcompany.com
"Panther Island Brewing Company","501 N Main St",,"Fort Worth",TX,76164-9508,"(817) 882-8121",micro,http://www.pantherislandbrewing.com
"Pappy Slokum Brewing Co.","409 S Treadaway Blvd",,Abilene,TX,79602-1750,"(325) 201-4112",micro,http://waggonerr@gmail.com
"Pecan Street Brewing Co","106 East Pecan Drive",,"Johnson City",TX,78636-1504,"(830) 868-2131",brewpub,http://www.pecanstreetbrewing.com
"Pegasus City Brewery","2222 Vantage St",,Dallas,TX,75207-6102,"(972) 366-7722",micro,http://www.pegasuscitybrewery.com
"Peticolas Brewing Co","2026 Farrington St",,Dallas,TX,75207-6616,"(214) 234-7600",micro,http://www.peticolasbrewing.com
Pint,"332 Clay St",,Kerrville,TX,78028-4502,"(830) 315-7468",brewpub,http://www.pintandplow.com
"Pinthouse Pizza North","4729 Burnet Rd",,Austin,TX,78756-2826,,brewpub,http://www.pinthousepizza.com
"Pinthouse Pizza South","4236 S Lamar Blvd",,Austin,TX,78704-7905,"(512) 568-5300",brewpub,http://www.pinthousepizza.com
"Platypus Brewing","1902 Washington Ave Ste E",,Houston,TX,77007-6414,"(832) 985-8007",micro,http://www.platypusbrewing.com
"Pondaseta Brewing Co.",,,Amarillo,TX,79015-6522,,planning,http://www.pondaseta.com
"Ponyfoot Public House",,,Austin,TX,78731-3618,"(512) 784-3887",planning,
"Rabbit Hole Brewing","106 E 6th",,Justin,TX,76247-4635,"(940) 441-3528",micro,http://www.rabbitholebrewing.com
"Rabble-Rouser Brewing Company",,,Mcallen,TX,78501,"(956) 329-0100",micro,http://www.therabble-rousers.com
"Rahr and Sons Brewing Co","701 Galveston Ave",,"Fort Worth",TX,76104-3355,"(817) 810-9266",regional,http://www.rahrbrewing.com
"Railport Brewing Company","405 W Madison St",,Waxahachie,TX,75165-3666,"(469) 360-5383",micro,http://www.railportbrewing.com
"Railroad Seafood Station & Brewing Co.","1214 N Chaparral St",,"Corpus Christi",TX,78401-1503,"(361) 883-6200",brewpub,http://www.railroadseafood.com
"Ranger Creek Brewery","4834 Whirlwind Dr Ste 2",,"San Antonio",TX,78217-3740,"(832) 969-3800",micro,http://www.drinkrangercreek.com
"Real Ale Brewing Co","231 San Saba Ct",,Blanco,TX,78606-4810,"(830) 833-2534",regional,http://www.realalebrewing.com
"Rebel Toad Brewing Co","425 Williams St",,"Corpus Christi",TX,78401-2538,"(512) 221-1267",micro,http://www.rebeltoadbrewing.com
"Red Gap Brewing","712 Conrad Hilton Blvd",,Cisco,TX,76437-3140,"(254) 433-4993",micro,http://redgapbrewing.com
"Red Horn Brewing Co.","13010 W Parmer Ln Ste 800",,"Cedar Park",TX,78613-7369,"(512) 589-6152",brewpub,http://www.redhornbrew.com
"Rentsch Brewery","2500 NE Inner Loop Unit 3105",,Georgetown,TX,78626-4444,"(512) 688-5046",micro,http://www.rentschbrewery.com
"Resignation Brewery","98 San Jacinto Blvd Ste 160",,Austin,TX,78701-4640,"(425) 483-3232",contract,http://www.kccobrewery.com
"Revolver Brewing","5650 Matlock Rd",,Granbury,TX,76049-5347,"(817) 736-8034",large,http://www.revolverbrewing.com
"Roadmap Brewing Co",,,"San Antonio",TX,78215-1812,,planning,http://www.roadmapbrewing.com
"Rosehill Brewing Co.",,,Tomball,TX,77377-3534,,planning,
"Rough Diamond Brewery","101 Kendalia Cir",,"Spring Branch",TX,78070-6621,"(830) 885-6616",micro,http://rdbrewery.com
"Ruba Brewing","3310 Buttercup St",,Houston,TX,77063,,micro,
"Ruggedman Brewing Company","7600 Old Bastrop Rd",,"New Braunfels",TX,78130,"(830) 632-2104",micro,http://www.drinkthedamnbeer.com
"Running Walker Brewery & Braman Winery","3421 FM 359 Rd",,Richmond,TX,77406-7855,,micro,
"Saint Arnold Brewing Co","2000 Lyons Ave",,Houston,TX,77020-2028,"(713) 686-9494",regional,http://www.saintarnold.com
"Saloon Door Brewing Co","105 Magellan Cir Ste A",,Webster,TX,77598-2033,"(409) 939-3992",brewpub,http://www.saloondoorbrewing.com
"San Gabriel River Brewery Inc","500 Chaparral Dr",,"Liberty Hill",TX,78642-4610,"(512) 627-9384",micro,http://www.sangabrielriverbrewery.com
"San Jacinto Brewing Company",,,Montgomery,TX,77316-9200,"(281) 380-8200",planning,
"Save the World Brewing Co","1510 Resource Pkwy",,"Marble Falls",TX,78654-3983,"(830) 637-7654",micro,http://www.savetheworldbrewing.com
"Sean Patrick's Pub",,,"San Marcos",TX,78666-5590,,planning,
"Seguin Brewing Company","111 W Gonzales St",,Seguin,TX,78155-5630,"(210) 771-3913",micro,http://www.seguinbrewing.com
"Shade Tree Saloon & Grill","13530 Hwy 281 N",,"Spring Branch",TX,78070,"(830) 885-5550",brewpub,http://www.shadetreesaloon.com
"Shannon Brewing Company, LLC","818 N Main St",,Keller,TX,76248-3801,"(817) 337-9892",micro,http://www.shannonbrewing.com
"Sigma Brewing Company","3118 Harrisburg Blvd # 108",,Houston,TX,77003-2334,"(346) 352-3190",micro,http://www.sigmabrewingcompany.com
"Six Car Pub",,,Amarillo,TX,79106,"(806) 220-6881",planning,http://www.sixcarpub.com
"Skull Mechanix","1005 East St Elmo Rd",,Austin,TX,78745,"(737) 300-1002",micro,http://www.skullmechanix.com
"Slantways Brewing Company",,,"The Woodlands",TX,77381-4641,,planning,
"Small Brewpub","333 W Jefferson Blvd",,Dallas,TX,75208-4602,"(972) 863-1594",brewpub,http://www.smallbrewpub.com
"Sockdolager Brewing Company","720 China St",,Abilene,TX,79602-2722,"(325) 721-1718",micro,http://www.sockdolagerbrewery.com
"Solid Rock Brewing","2214 Bee Creek Rd",,Spicewood,TX,78669-5136,"(512) 487-8786",micro,http://www.solidrockbrewing.com
"South Austin Brewery","415 E Saint Elmo Rd Ste 1D",,Austin,TX,78745-1286,"(512) 354-2337",micro,http://www.southaustinbrewery.com
"Southerleigh Brewing","136 E Grayson St., Ste 120",,"San Antonio",TX,78212-4114,"(210) 313-7627",brewpub,http://www.southerleigh.com
"Southern Heights Brewing Co LLC","6014 Techni Center Dr Ste 2-101",,Austin,TX,78721-2349,"(512) 650-6901",micro,http://www.southernheightsbrewing.com
"Southern Star Brewing","3525 N Frazier St",,Conroe,TX,77303-1430,"(936) 441-2739",micro,http://www.southernstarbrewing.com
"Spindletap Brewery","10622 Hirsch Rd",,Houston,TX,77016-2622,"(713) 325-1477",micro,http://www.spindletap.com
"Spoetzl Brewery","PO Box 368",,Shiner,TX,77984-0368,"(361) 594-3383",regional,http://www.shiner.com
SportsBreweries,"PO Box 1209 Attn: Tommy Staley",,Frisco,TX,75034-0021,"(972) 603-8647",contract,
"St. Elmo Brewing Company","440 E Saint Elmo Rd",,Austin,TX,78745-1281,"(737) 300-1965",micro,http://www.stelmobrewing.com
"Stache Rabbit Brewing Company",,,Austin,TX,78727-5907,,planning,
"Stained Glass Beerworks",,,Houston,TX,77066-2310,"(713) 452-9337",planning,http://www.stainedglassbeerworks.com
"Steam Theory Brewing Co",,,Dallas,TX,75212-4101,,planning,http://www.steamtheorybrewing.com
"Stesti Brewing Company","1314 FM 2915",,Lovelady,TX,75851,"(936) 204-6858",micro,
"Stoic Brewing","667 Robinett Rd",,Waxahachie,TX,75165-6343,"(512) 888-4843",contract,http://stoicbrewing.com
"Strange Land Brewery","1920 Ocallahan Dr",,Austin,TX,78748-3082,"(512) 276-2295",micro,http://www.strangelandbrewery.com
"Suds Monkey Brewing","1032 Canyon Bend Dr",,"Dripping Springs",TX,78620-5355,"(512) 222-3893",micro,http://www.sudsmonkeybrew.com
"Sun Brewing Co.","101 Canutillo La Union Ave",,Canutillo,TX,79835-6001,"(915) 433-3048",brewpub,http://sunbrewingco.com
"Tall City Brewing Co.",,,Midland,TX,79703-5137,"(432) 770-8679",planning,
"Texas Ale Project","1001 N Riverfront Blvd",,Dallas,TX,75207-4201,"(214) 965-0606",micro,http://www.texasaleproject.com
"Texas Beer Company","1331 W 2nd St",,Taylor,TX,76574-2434,"(512) 289-7460",micro,http://www.texasbeerco.com
"Texas Beer Company","201 N Main St",,Taylor,TX,76574,"(512) 466-6939",micro,
"Texas Beer Refinery","1825 Dickinson Ave Unit B",,Dickinson,TX,77539-7799,"(832) 779-1221",micro,http://www.texasbeerrefinery.com
"Texas Leaguer Brewing Company","13503 Pike Rd",,"Missouri City",TX,77489-1033,"(832) 895-9000",micro,http://www.txleaguer.com
"Texas Revolution Brewing Co.",,,"San Antonio",TX,78260,,planning,
"The Austin Beer Garden Brewing Co","1305 W Oltorf St Ste B",,Austin,TX,78704-5362,,brewpub,
"The Blue Onion Brewpub","423 S International Blvd",,Weslaco,TX,78596-9114,"(956) 447-0067",brewpub,http://www.myblueonion.com
"The Brewer's Table",,,Austin,TX,78702-5033,"(512) 619-9569",planning,http://www.caskandcoal.com
"The Brewtorium","6015 Dillard Cir Ste A",,Austin,TX,78752-4440,"(512) 524-0323",brewpub,http://www.thebrewtorium.com
"The Collective Brewing Project","112 Saint Louis Ave",,"Fort Worth",TX,76104-1228,,micro,
"The Humble Pint",,,"Round Rock",TX,78681-5504,"(512) 947-5913",planning,http://www.humblepint.com
"The Malai Kitchen","3699 McKinney Ave Ste 319",,Dallas,TX,75204-4563,"(214) 599-7857",brewpub,http://www.malaikitchen.com
"The Manhattan Project Beer Company","15103 Surveyor Blvd",,Addison,TX,75001-4316,,micro,http://www.manhattanproject.beer
"The Phoenix On Westheimer","1915 Westheimer Rd",,Houston,TX,77098-1521,"(713) 526-3100",brewpub,http://www.phoenixow.com
"The Plains Brewing Company","515 N FM 179",,Lubbock,TX,79416-9512,"(806) 786-8583",micro,
"The Republic",,,Kingwood,TX,77345,"(281) 455-0768",planning,
"The Root Cellar","215 N Lbj Dr",,"San Marcos",TX,78666-5621,"(512) 392-5158",brewpub,http://www.rootcellarcafe.com
"The SoCo Taphouse","113 E Concho Ave Ste 210",,"San Angelo",TX,76903-5948,"(325) 703-6218",brewpub,http://www.socotaphouse.com
"Thirsty Bro Brewing","141 E Main St",,"Royse City",TX,75189-3712,"(281) 841-7246",micro,http://www.thirstybrobrewingco.com
"Thirsty Planet Brewing Co","8201 S Congress Ave",,Austin,TX,78745-7305,"(512) 826-0948",micro,http://www.thirstyplanet.net
"Thousand Oaks Brewing Co.","3200 Woodall Dr Unit C1",,"Cedar Park",TX,78613-7773,"(512) 686-7999",micro,http://www.thousandoaksbrewing.com
"Three Empires Brewing Company, LLC",,,Pearland,TX,77584,,planning,
"TKO Libations","2520 King Arthur Blvd Ste 109",,Lewisville,TX,75056-6082,"(469) 630-2337",brewpub,http://www.tkolibations.com
"Town In City Brewing Co, LLC","1125 W Cavalcade St",,Houston,TX,77009-2907,"(832) 834-7151",micro,http://townincitybrewing.com
"Tree Farm Brewing Company, LLC","3020 Papa Bear Dr",,"College Station",TX,77845-1402,"(979) 820-0535",contract,http://www.treefarmbrewing.com
"Triple J Chophouse and Brew Co","1807 Buddy Holly Ave",,Lubbock,TX,79401-5136,"(806) 771-6555",brewpub,http://www.triplejchophouseandbrewco.com
"True Anomaly Brewing",,,Houston,TX,77003,"(346) 704-5701",planning,http://www.trueanomalybrewing.com
"True Vine Brewing Company","219 S Englewood Ave",,Tyler,TX,75702-6926,"(903) 600-0124",micro,http://www.truevinebrewing.com
"Tupps Brewery","721 Anderson St",,McKinney,TX,75069-7149,"(214) 704-5039",micro,http://www.tuppsbrewery.com
"Turning Point Beer, LLC",,,Bedford,TX,76022-6401,"(817) 925-1131",planning,http://www.turningpointbeer.com
"Tusculum Holdings, LLC",,,Boerne,TX,78006-2334,"(361) 228-6227",planning,http://www.tusculumbrewing.com
"Twin Peaks Brewery","1500 Market Place Blvd",,Irving,TX,75063,"(469) 964-2921",micro,http://twinpeaksrestaurants.com/brewery
"TWIN SISTERS",,,Angleton,TX,77515-7304,"(713) 203-7676",planning,
"Twisted X Brewing Co","23455 West RR 150",,"Dripping Springs",TX,78620-9999,"(512) 829-5323",micro,http://www.texmexbeer.com
"Two Docs Brewing Co.",,,Lubbock,TX,79401,,planning,http://twodocsbrewing.com
"Two Knights Brewing",,,Austin,TX,78701-3720,"(512) 417-6561",planning,
"Two Rows Restaurant and Brewery - Allen","711 Central Expy S",,Allen,TX,75013-8012,"(972) 396-8670",contract,http://www.tworows.com/
"Two Wheel Brewing Company","535 S Loop 4",,Buda,TX,78610-9388,"(512) 361-3401",micro,http://www.twowheelbrewing.com
"Uncle Billy's Brewery","1530 Barton Springs Rd",,Austin,TX,78704-1013,"(512) 476-0100",micro,http://www.unclebillys.com
"Uncle Buck's Brewery And Steakhouse","2501 Bass Pro Dr",,Grapevine,TX,76051-2009,"(972) 691-5100",brewpub,http://restaurants.basspro.com/unclebuckssteakhouse/
"Under The Radar Brewery","1506 Truxillo St",,Houston,TX,77004-3960,"(713) 320-2766",micro,http://www.undertheradarbrewery.com
"Union Bear Brewing Co.","5880 State Highway 121 Ste 101",,Plano,TX,75024,"(214) 297-2337",brewpub,http://www.unionbear.com
"Unlawful Assembly Brewing Company","7800 Windrose Ave",,Plano,TX,75024-0114,"(972) 896-7668",brewpub,http://www.unlawfulassembly.com
"Vallensons Brewing Co.","4081 Rice Drier Road",,Pearland,TX,77581,"(281) 705-4063",micro,http://www.vallensons.com
"Vista Brewing","13551 Ranch To Market Rd 150",,Driftwood,TX,78619,"(512) 766-1842",brewpub,http://www.vistabrewingtx.com
"Weathered Souls Brewing Co.","606 Embassy Oaks Ste 500",,"San Antonio",TX,78216-1501,"(210) 313-8796",micro,
"Weilbacher Brewery",,,"New Braunfels",TX,78130-5104,"(512) 663-7507",planning,http://www.weilbacherbeer.com
"Westlake Brewing Company",,,Dallas,TX,75226-1607,"(877) 994-2337",planning,http://www.westlakebeer.com
"Whistle Post Brewing Company","219 W Division St",,"Pilot Point",TX,76258-4189,"(940) 324-0007",micro,http://www.wpbrewing.com
"White Rock Alehouse & Brewery","11314 Dujon Ln",,Dallas,TX,75218-1390,"(214) 989-7570",brewpub,http://www.whiterockalehouse.com
"Whitestone Brewery","601 E Whitestone Blvd Ste 500",,"Cedar Park",TX,78613-9046,"(512) 765-4828",micro,http://www.whitestonebrewery.com
"Whitis AleWorks",,,Houston,TX,77069-3424,,planning,
"Whole Foods Market Brewing Company","1700 Post Oak Blvd Ste 1G101",,Houston,TX,77056-3963,"(713) 346-0537",micro,
"Wichita Falls Brewing Co.",,,"Wichita Falls",TX,76307-2330,"(940) 264-4677",planning,
"Wicked Boxer Brewing","16326 Mueschke Rd # E10",,Cypress,TX,77433-4953,"(281) 978-1866",brewpub,http://www.wickedboxer.com
"Wild Acre Brewing Company","1734 E El Paso St Ste 190",,"Fort Worth",TX,76102-6773,"(817) 882-9453",micro,http://www.wildacrebrewing.com
"Wild Bunch Brewing Co, LLC","PO Box 601",,"La Grange",TX,78945-0601,"(512) 398-3633",brewpub,http://www.wildbunchbrewing.beer
"Wimberley Brewing Co & Brewsters Pizza","9595 Ranch Road 12 Ste 10",,Wimberley,TX,78676-5248,"(512) 847-3299",brewpub,http://www.wimberlybrewingcompany.com
"Woodcreek Brewing Company","1400 E Interstate 30 Ste A",,Rockwall,TX,75087-6234,"(972) 589-0048",micro,http://www.woodcreekbrewing.com
"Yaxx Brewing Company",,,Waco,TX,76712-3284,"(801) 473-0669",planning,
"Zero One Ale House","20 W Beauregard Ave",,"San Angelo",TX,76903-5833,"(325) 653-5123",brewpub,
"Zilker Brewing Co","1701 E 6th St",,Austin,TX,78702-2701,"(512) 765-4946",micro,http://www.zilkerbeer.com
