name,address1,address2,city,state,zip,phone,type,url
"1648 Brewing Co. Ltd.","Mill Lane East Hoathly","East Sussex, United Kingdom",,,,,,
"Abbey Ales","Camden Row","Bath , United Kingdom",,,,,,
"Abbey Ales LTD","2 Lansdown Rd","Bath, United Kingdom",,,,"(122) 544-4437",,
"Abbeydale Brewery","Unit 8 Aizlewood Rd","Sheffield, United Kingdom",,,,"(114) 281-2712",,
"Abraham Thompson's Brewing Company","Flass Lane Barrow-in-Furness","Cumbria, United Kingdom",,,,,,
"Adnams PLC-Sole Bay Brewery","Sole Bay Brewery","Southwold, United Kingdom",,,,,regional,http://www.adnams.co.uk
"Adnams Southwold",Adnams,"Southwold, United Kingdom",,,,,regional,
"Aid Pac","Eltric Rd","Worcester, United Kingdom",,,,"(090) 575-5666",,
"Alcazar Brewery/Fox & Crown Brewpub","11 Church Street","Old Basford, Nottingham, United Kingdom",,,,"44 115 978 2282",micro,
"Allied Breweries Overseas","126 Station St","Burton-On-Trent, Staffs, United Kingdom",,,,,,
"Allied Leisure PLC","Charnwood Mill, Sileby Rd Barrow upon Soar","Leics, United Kingdom",,,,"01509 414 422",,
"Allied-lyons Plc","24 Portland Pl","London, United Kingdom",,,,"(071) 323-9000",large,
"Arbor Ales","181 Easton Rd","Bristol, United Kingdom",,,,,micro,
"Archers Ales LTD","Penzance Dr","Swindon, Wilts, United Kingdom",,,,"(179) 387-9929",micro,
"Arkells Brewery Ltd",Kingsdown,"Swindon, United Kingdom",,,,,,http://www.arkells.com
"Arran Brewery",Cladach,"Brodick, Isle of Arran, United Kingdom",,,,"+44 (0177) 030-2353",,
"Art Brew Barn","Venn Lane Chideock","Dorset, United Kingdom",,,,,,
"Arundel Brewery","Ford Airfield Industrial Estate","Ford Arundel, W Sussex, United Kingdom",,,,"(190) 373-3111",,
"Ash Vine Brewery","Unit F, Vallis Trading Estate Robins Ln","Frome, Somerset, United Kingdom",,,,"(137) 330-0041",,
"Aston Manor Brewery Co Ltd","173 Thimble Mill Lane Aston","Birmingham, United Kingdom",,,,,,http://www.astonmanor.co.uk
Augusto,,"London, United Kingdom",,,,07470032979,planning,
"Aviemorw Brewery Co LTD","Unit 12 Dalfaber Industrial Estate","Aviemore, Scotland, United Kingdom",,,,"(147) 981-2060",,
"Avon Brewing Company","Russell Town Avenue","Bristol, United Kingdom",,,,,,
"B & T Brewery LTD","The Brewery","Shefford, Beds, United Kingdom",,,,"(146) 281-5080",,
"B&T Brewery","The Brewery Shefford","Bedfordshire, United Kingdom",,,,,,
"Ballards Brewery LTD","Unit C, The Old Sawmill Nyewood","Petersfield, Hants, United Kingdom",,,,"(173) 082-1362",,
"Baltic Beer Company Ltd","15 Buckingham Gate","London, United Kingdom",,,,,,http://www.virubeer.com
"Baltic Fleet","33 Wapping","Liverpool, United Kingdom",,,,,,
"Bank Top Brewery","68-70 Belmont Road","Bolton, United Kingdom",,,,"(120) 452-8865",,
"Bar Box (Bass)","4th Ave, Centrum 100 Business Park Burton upon Trent",", United Kingdom",,,,"01283 492 677",,
"Barge and Barrel Brewery Co","10-20 Park Rd","Elland, United Kingdom",,,,"(142) 237-5039",,
"Barham Brewery","2 Murray Street","Barham, United Kingdom",,,,,,
"Barngates Brewery-The Drunken Duck Inn",Barngates,"Ambleside, United Kingdom",,,,,,http://www.drunkenduckinn.co.uk
"Barnsley Brewing Co","Wath Rd, Elsecar","Barnsley, S Yorks, United Kingdom",,,,"(122) 674-1010",,
"Barracuda Group","Support Ctr., Henley Rd","Medmenham, United Kingdom",,,,"08453 452 258",,
"Bartrams Brewery","Rougham Estate Ipswich Rd.","Rougham, Bury St. Edmunds, United Kingdom",,,,44(0)1449737655,,
"Barum Brewery","Reform Rd Pilton","Barnstable, Devon, United Kingdom",,,,"(127) 132-9994",,
"Bass Brewers","Manor Park","Alton, United Kingdom",,,,04520541177,regional,
"Bass Leisure Retail","PO Box 27 Cape Hill","Birmingham, United Kingdom",,,,"0121 558 1481",,
Bass/Interbrew,"Bass Brewers Manor Park, Turk St","Alton Hampshire, United Kingdom",,,,,,
"Bath Ales","Southway Drive Warmley","Bristol, United Kingdom",,,,,,
"Bath Ales LTD","Hare House Southway Drive","Bristol, United Kingdom",,,,"(117) 947-4797",,
"Battledown Brewing Co","93 London Road","Cheltenham / Gloucester, United Kingdom",,,,,micro,http://www.battledownbrewery.com
"Beartown Brewery","Bromley House Spindle St.","Congleton, United Kingdom",,,,"(126) 029-9964",,
"Beartown Brewery","Spindle Street Congleton","Cheshire, United Kingdom",,,,,,
"Becketts Brewery LTD","Unit 8 Enterprise Court Hampshire","Basingstoke, United Kingdom",,,,4401256472986,,
"Beckstones Brewery","Upper Beckstones Mill The Green","Millom, United Kingdom",,,,,,
"Beer Engine","Sweetham, Newton St Cyres","Exeter, Devon, United Kingdom",,,,"(139) 285-1282",,
"Beer Engine Limited","Newton St Cyres","Exeter, United Kingdom",,,,,,
"Belhaven Pubs","1 Logie Rd, Causeway Head","Stirling, United Kingdom",,,,"01786 464 446",,
"Belvoir Brewery","Woodhill, Nottingham Ln","Old Dalby, Leics, United Kingdom",,,,"(166) 482-3455",,
"Beowulf Brewing Co","Forest of Mercia Chasewater County Park Pool Road","Straffordshire, United Kingdom",,,,01543454067,,
"Berrow Brewery","Coast Rd, Berrow","Burnham on Sea, Somerset, United Kingdom",,,,"(127) 875-1345",,
"Big Lamp Brewers","Grange Rd, Newburn","Newcaslte, United Kingdom",,,,"(191) 267-1689",,
"Bitter End Brewing Co","15 Kirkgate","Cockermouth, Cumbria, United Kingdom",,,,"01946 861342",micro,
"Black Dog Brewery LTD","St Hildas Business Centre","Whitby, N Yorkshire, United Kingdom",,,,"+44 194-782-1467",contract,http://www.synthesys.co.uk/black_dog/index.htm
"Black Isle Brewery","Old Allangrange","Black Isle, Scotland, United Kingdom",,,,"441 463 811 871",micro,http://www.blackislebrewery.com
"Black Sheep Brewery",Wellgarth,"Ripon, United Kingdom",,,,"44 (0) 1765 689227",,
"Black Sheep Brewery","Wellgarth Masham","North Yorkshire, United Kingdom",,,,,,
"Black Sheep Brewery PLC","""Welgarth, Masham""","Ripon, United Kingdom",,,,,,http://www.blacksheep.co.uk
"Blackawton Brewery","Barnlee Lodge Ilsington","Devon, United Kingdom",,,,01364661524,,
"Blackawton Brewery","Forge Lane Saltash","Cornwall , United Kingdom",,,,,,
"Blackdown Brewery",Dunkeswell,"Devon, United Kingdom",,,,,,
Blackfriars,"36 Bell Street Glasgow","Glasgow, United Kingdom",,,,,,
"Blanchfields Brewery","Wibblers Brewery Ltd. Joyces Farm","Essex, United Kingdom",,,,01621772044,,
"Blencowe Brewing","28 Main Street Barrowden","Rutland, United Kingdom",,,,,,
"Blue Anchor","50 Coinagehall Street Helston","Cornwall, United Kingdom",,,,,,
"Boddingtons Brewery","1 Ashworth Park","Knutsford, Cheshire, United Kingdom",,,,+44.1618.282355,,
"Bodicote Brewery","Plough Inn - Bodicote","Banbury, United Kingdom",,,,,,
"Bollington Brewing Company","Adlington Road Bollington","Cheshire, United Kingdom",,,,,,
"Border Brewery Co","The Old Kiln, Brewery Ln","Berwick on Tweed, United Kingdom",,,,"(128) 930-3303",,
"Borough Arms Brewery","33 Earle Street Crewe","Chesire, United Kingdom",,,,,,
"Bottle Brook Brewery","10 Church Street Kilburn","Derbyshire , United Kingdom",,,,,,
"Bragdy Credigion Brewery","Wervil Grange Farm -Unit 2","Pentregat, United Kingdom",,,,,,
"Brampton Brewery","Unit 5 Chatsworth Chatsworth Road","Chesterfield, United Kingdom",,,,,,
"Brandy Cask Brewery","25 Bridge St","Pershore, United Kingdom",,,,,,
"Branscombe Vale Brewery","Great Seaside Farm","Branscombe, Devon, United Kingdom",,,,"(129) 768-0511",,
"Brekeley Brewing Co","372 Old Street ECIV 9LT","London, United Kingdom",,,,"(145) 351-1799",,
"BrewDog PLC",,"Ellon, United Kingdom",,,,"(614) 400-3077",planning,
"Brewery In Planning- London, UK.",,"London, United Kingdom",,,,,planning,
"Brewery On Sea LTD","24 Winston Business Centre Chatwell Rd","Lancing, W Sussex, United Kingdom",,,,"(190) 385-1482",,
"Brewsters Brewing Co Ltd","Lodge Fram","Penn Lane, United Kingdom",,,,,,http://www.brewsters.co.uk
"Bridge of Allan Brewery Co","The Brew House, Queens Ln","Bridge of Allan, Stirlingshire, United Kingdom",,,,"(178) 683-4555",,
Brigantes,"144 Micklegate York","England, United Kingdom",,,,,,
"Briscoes Brewery","16 Ash Grove Otley","West Yorkshire, United Kingdom",,,,,,
"Bristol Beer Factory","Durnford Street","Bristol, United Kingdom",,,,,,
"Broadstone Brewing","Lodge 12 Wharf Road Retford","Nottingham, United Kingdom",,,,"01777 719797",,
"Broughton Ales Ltd",Broughton,"Biggar, United Kingdom",,,,,,http://www.broughtonales.co.uk
"Brown Cow Brewery","Brown Cow Road Selby","North Yorkshire, United Kingdom",,,,,,
"Brunning and Price Ltd","Yew Tree Farn Buildings Saighton","Chester, United Kingdom",,,,"01244 333 100",,
"Brunswick Brewing Co LTD","Railway Terrace","Derby, United Kingdom",,,,"(133) 229-0677",,
"Brunswick Brewing Company","1 Railway Terrace","Derby, United Kingdom",,,,,,
"Bryncelyn Brewery","Wern Fawr Inn Ystalyfera","Swansea, United Kingdom",,,,,,
"Buccaneer Holdings Ltd","23 Rodney Rd Cheltenham","Glous, United Kingdom",,,,"01242 239 383",,
"Buffeys Brewery","Mardie Hall, Rectory Rd","Tivetshall St Mary, Norwich, United Kingdom",,,,"(137) 967-6523",,
"Buffy's Brewery Ltd","Mardle Hall Rectory Road Tivetshall St Mary","Norwich, United Kingdom",,,,,,http://www.buffys.co.uk
"Bullmastiff Brewery","14 Bessemer Close Hadfield Rd, Leckwith","Cardiff, South Glamorgan, United Kingdom",,,,"(292) 066-5292",,
"Bullmastiff Brewery","14 Bessemer Close","Cardiff, United Kingdom",,,,,,
"Burham Brewery","Unit 5A Bowburn North Industrial Estate","Bowburn, Co Durham, United Kingdom",,,,"(191) 377-1991",,
"Burns Leisure","Archers Brewery, Penzance Dr Swindon","Wilts, United Kingdom",,,,"01793 881 408",,
"Burnside Brewery","Unit 3 Laurencekirk Business Park","Laurencekirk, United Kingdom",,,,"+44 1561 377316",micro,http://www.burnsidebrewery.co.uk
"Burton Bridge Brewery","Bridge Street Burton-on-Trent","Staffordshire , United Kingdom",,,,,,
"Burton Bridge Brewery","24 Bridge St","Burton upon Trent, Staffs, United Kingdom",,,,"(128) 351-0573",,
"Burton Old Cottage Beer Co","""U3, Eccleshall Business Park "" Hawkins Lane","Burton-on-Trent, United Kingdom",,,,,,
"Burtonwood Brewery PLC","Bold Lane Burtonwood","Cheshire, United Kingdom",,,,01925220022,regional,
Bushys,"Mount Murray, Castletown Rd","Braddan, Isle of Man, United Kingdom",,,,"(162) 466-1244",,
"Butcombe Brewery LTD",,"Butcombe, Bristol, United Kingdom",,,,"(127) 547-2240",,
"Butts Brewery LTD","Northfield Farm, Great Shefford","Hungerford, Berkshire, United Kingdom",,,,"(148) 864-8133",,
"Butts Brewery Ltd","Wantage Road Great Shefford","Berkshire, United Kingdom",,,,,,
"C C Taverns Ltd","76 Mitcham Rd","London, United Kingdom",,,,"020 8767 8967",,
"Caledonian Brewery","42 Slateford Road Edinburgh","Midlothian, United Kingdom",,,,,,
"Caledonian Heritable Ltd","4 Hope St","Edinburgh, United Kingdom",,,,"0131 220 5511",,
"Cambridge Moonshine Brewery","Hill Farm Shelford Road","Cambridgeshire, United Kingdom",,,,,,
"Cambrinus Brewery","Home Farm Knowsley Park","Knowsley, United Kingdom",,,,,,
"Camden Town Brewery","55-59 Wilkin St Mews","London, United Kingdom",,,,,regional,
"Cannon Royall Brewery","Fruiter`s Arms, Uphampton","Omberlsey, Worcestershire, United Kingdom",,,,"(190) 562-1161",,
"Captain Cook Brewery","The White Swan 1 West End","Stokesley, United Kingdom",,,,,,
"Carlsberg-Tetley Brewing Ltd.","140 Bridge Street","GB-Northampton, United Kingdom",,,,"+ 44 (0) 1604 668866",large,http://www.carlsberg.co.uk
"Castle Brewery","Unit 9a-7 Liddlecoat Road","Cornwall, United Kingdom",,,,,,
"Castle Rock Brewery","Queensbridge Road","Nottingham, United Kingdom",,,,,,
"Castle Rock Brewery LTD","Queens Bridge Rd, The Meadows","Nottingham, United Kingdom",,,,"(115) 985-1615",,
"Catmere Ltd","Bridge House Hotel Station Rd","Scunthorpe, United Kingdom",,,,"01724 861 703",,
"Cayo Arm","Cathedral Road","Cardiff, United Kingdom",,,,,,
"Celt Experience Brewery","Pontygwindy Road Carphilly","Wales, United Kingdom",,,,,,
"Chalk Hill Brewery","Rosary Road Norwich","Norfolk, United Kingdom",,,,,,
"Chalk Hill Brewery","Rosary Rd","Norwich, Norfolk, United Kingdom",,,,"(160) 347-7078",,
"Chambers Cox PR Ltd","192-198 Vauxhall Bridge Road","London, United Kingdom",,,,"44 (0)20 7592 3100",,
"Charles Wells Brewery","77 Wentworth Dr Bedford","Bedfordshire, United Kingdom",,,,,,
"Charles Wells LTd","Havelock Street","Bedford, United Kingdom",,,,,,
"Cheriton Brewhouse","Cheriton, Alresford","Hampshire, United Kingdom",,,,"(196) 277-1166",,
"Chester Road",Northwich,"Cheshire, United Kingdom",,,,,,
"Chiltern Brewery","Nash Lee Road Terrick","Buckinghamshire, United Kingdom",,,,"(129) 661-3647",,
"Church End Brewery","Church Rd, Shustoke","Warwickshire, United Kingdom",,,,"(167) 548-1567",,
"Church End Brewery","109 Ridge Lane Atherstone","Warwick, United Kingdom",,,,,,
"City of Cambridge Brewery","Rookery Farm, Silver Street Besthrope","Norfolk, United Kingdom",,,,"(122) 335-3939",,
"City of Cambridge Brewery Co. Ltd","Rookery Farm, Silver Street Besthrope","Norfolk, United Kingdom",,,,"01953 457775",,
"Clearwater Brewery","1 Little Court Manteo Way","Bideford, Devon, United Kingdom",,,,"01237 420 492",,
"Clockwork Beer Company","1153-55 Cathcart Road Glasgow","Glasgow, United Kingdom",,,,,,
"Cloudwater Brew Co.","7-8 Piccadilly Trading Estate","Manchester, United Kingdom",,,,,micro,
"Coach House Brewing Co","Wharf St","Warrington, Cheshire, United Kingdom",,,,"(192) 523-2800",,
"Coach House Brewing Company","Wharf Street Howley","Warrington, United Kingdom",,,,,,
"Coastal Brewery","Unit 10B Cardrew Industrial Estate","Cornwall, United Kingdom",,,,,,
"Cobra Beer","137 High Street Burton-on-Trent","Staffordshire, United Kingdom",,,,"+44 (0) 1283 511 000",micro,http://www.cobrabeer.com
"Comer Group Ltd","Comer House, Station Rd Tadcaster","N Yorkshire, United Kingdom",,,,"01937 833 311",,
"Compact Breweries Ltd","Hearthcolt Rd, Swadlincote Boardmans Industrial Estate #3","Burton On Trent, United Kingdom",,,,,,
"Company Value Ltd.","14 Kerwin Road","Sheffield, United Kingdom",,,,+44-114-262-0810,micro,
"Concertina Brewery","9A Dolcliffe Rd","Mexborough, United Kingdom",,,,"(170) 958-0841",,
"Concrete Cow Brewery","59 Alston Drive Bradwell Abbey","Buckinghamshire , United Kingdom",,,,,,
"Coniston Brewing Co","Coppermines Rd","Coniston, Cumbria, United Kingdom",,,,"(153) 944-1133",,
"Conquest Inns Ltd","14 Theobald St Boremwood","Herts, United Kingdom",,,,"020 8207 5656",,
"Copper Dragon Brewery Ltd","Snaygill Industrial Estate Keighley Road","North Yorkshire, United Kingdom",,,,,,
"Corporate Catering Co Ltd","135 Petersham Rd Richmond","Surrey, United Kingdom",,,,"020 8332 0675",,
"Cotleigh Brewery","Ford Rd Wiveliscombe","Somerset, United Kingdom",,,,"(198) 462-4086",,
"Cottage Brewing Co LTD","Old Cheese Dairy, Hornblotton Rd","Lovington, Somerset, United Kingdom",,,,"+44 196324-0551",,
"Country Life Brewery","The Big Sheep","Abbotsham, United Kingdom",,,,,,
"County Estates Public House","9 Harley St","London, United Kingdom",,,,"020 7436 2080",,
"Courage LTD","1 Bridge St Staines","Middlesex, United Kingdom",,,,,large,
"Croft Inns","3 Marshall Rd Castle Reagh","Belfast, United Kingdom",,,,"028 9040 4619",,
"Cropton Brewery","Woolcroft, Cropton","Pickering, N Yorks, United Kingdom",,,,"(175) 141-7330",,
"Crouch Vale Brewery","12 redhills Rd, South Woodham","Chelmsford, Essex, United Kingdom",,,,"(124) 532-2744",,
C-Side,"9 Cranbourne St Brighton","East Sussex, United Kingdom",,,,"01273 772 208",,
"Cuckmere Haven Brewery","Exceat Bridge, Cuckmere Haven","Seaford, East Sussex, United Kingdom",,,,"(132) 389-2555",,
"Cuckoo Ales","Tackleway Hastings","East Sussex, United Kingdom",,,,,,
"Cumbrian Legendary Ales","Old Hall Brewery Hawkshead","Cumbria, United Kingdom",,,,,,
"Daleside Brewery","Camwal Rd, Starbeck","Harrogate, N Yorks, United Kingdom",,,,"(142) 388-0041",,
"Daniel Batham & Son Ltd.-Delph Brewery","Delph Road","Brierly Hill, United Kingdom",,,,,,http://www.bathams.co.uk
"Daniel Batham and Son Ltd","Delph Lane Dudley","West Midlands, United Kingdom",,,,,,
"Daniel Thwaites PLC","PO Box 50","Blackburn, Lancs, United Kingdom",,,,25454431,regional,
"Dark Hourse Brewing Co","Coonlands Laithe Hetton","North Yorkshire, United Kingdom",,,,"(199) 250-9800",,
"Dark Star Brewing Co LTD","55/56 Surrey St","Brighton, E Sussex, United Kingdom",,,,"(127) 332-8931",,
"Darktribe Brewery","63 Back Tatham Street","Hendon, United Kingdom",,,,,,
"Darwin Brewery LTD","63 Back Tatham Street Sunderland","Sunderland, United Kingdom",,,,01915499450,,
"Davises Brewing Co LTD","The Grainstore Brewery, Station Approach","Oakham, Rutland, United Kingdom",,,,"(157) 277-0065",,
"Davy and Co Ltd","59-63 Bermondsey St","London, United Kingdom",,,,"020 7407 9670",,
"Dent Brewery","Hollins, Cogwill","Dent, Cumbria, United Kingdom",,,,"(153) 962-5326",,
"Dent Brewery","Hollins Cowgill","Cumbria, United Kingdom",,,,,,
"Derwent Brewery","Station Road Silloth","Cumbria, United Kingdom",,,,,,
"Derwent Brewery","Units 2a/2b Station Rd Industrial Estate","Silloth, Cumbria, United Kingdom",,,,"(169) 733-1522",,
"Derwentrose Brewery","115 Sherburn Terrace Consett","Durham, United Kingdom",,,,,,
"Devil's Dyke Brewery","8 Fair Green Cambridge","Cambridgeshire, United Kingdom",,,,,,
"Devonshire Arms","86 Station Street","Burton Upon Trent, United Kingdom",,,,,,
"Devonshire Pub Co Ltd","Old Station Road Loughton","Essex, United Kingdom",,,,"01282 690 033",,
"Diageo GB-Park Royal Brewery",,"London, United Kingdom",,,,,,http://www.diageo.com
"Donnington Brewery","Stow on the Wold","Cheltenham, United Kingdom",,,,,,
"Dorset Brewing Co Ltd","Hope St","Weymouth, United Kingdom",,,,,,http://www.dorsetbrewing.co.uk
"Dow Bridge Brewery","2-3 Rugby Rd","Catthorpe, United Kingdom",,,,,,
"Druid Inn","Ruthin Road Llanferres","Denbighshire, United Kingdom",,,,,,
"Dublin Brewing Co Ltd","141/146 North King St","Smithfield, Dublin 7, United Kingdom",,,,"353-1 872-8622",,
"Eastwood & Sanders Fine Ales Ltd","Units 3-5 Heathfield Ind. Est","Elland, United Kingdom",,,,,,
"Eccleshall Brewery","Castle St","Eccleshall, Stafs, United Kingdom",,,,"+44 178-585-0300",,
"Edale Brewery Co","Ruskin Villa Hope Road","Edale, United Kingdom",,,,,,http://www.edalebrewey.co.uk
"Egineers Arms Brewery Company","66 High Street HENLOW","BEDFORDSHIRE, United Kingdom",,,,,,
"Eldridge, Pope and Co PLC","Weymouth Ave Dorchester","Dorchester, Dorset, United Kingdom",,,,"+44 1305 251 251",,
"Elgood & Sons Ltd","North Brink Brewery Wisbech","Cambridgeshire, United Kingdom",,,,,,http://www.elgoods-brewery.co.uk
"Elizabeth Holdings","Ryan Precinct 33 Fore St Ipswich","Suffolk, United Kingdom",,,,"01473 217 458",,
"Ember Inns","Mitchells & Butlers Plc 27 Fleet Street","Birmingham, United Kingdom",,,,"44 (0) 121 498 4000",,
"Enterprise Inns PLC","Friars Gate Stratford Rd Solihull","West Midlands, United Kingdom",,,,"0121 733 7700",,
"Enville Ales","Cox Green","Stourbridge, West Midlands, United Kingdom",,,,"(138) 487-3728",,
"Everards Brewery Ltd","Castle Acres","Narborough, United Kingdom",,,,,,http://www.everards.co.uk
"Evesham Brewery","The Green Dragon","Oak Street, Evesham, Worcs, United Kingdom",,,,"(138) 644-3462",,
"Exe Valley Brewery","Lands Farm, Silverton","Nr Exeter, Devon, United Kingdom",,,,"(139) 286-1001",,
"Exmoor Ales LTD","Golden Hill Brewery","Wiveliscombe, Somerset, United Kingdom",,,,"(198) 462-3798",,
"Facer's Flintshire Brewery","Flint Mountian","Flintshire, United Kingdom",,,,,,
"Falkland Arms","Great Tew Chipping Norton","Oxfordshire, United Kingdom",,,,,,
"Falstaff Brewery","74 Silverhill Road Normanton","Derby, United Kingdom",,,,,,
"Featherstone Brewery","Unit 3, King St Buildings","King Street, Enderby, Leics, United Kingdom",,,,"(116) 275-0952",,
"Felinfoel Brewry Co Ltd","Farmers Row Llanelli","Wales, United Kingdom",,,,,,
"Fenland Brewery","Cowbridge Hall Drove Little Downham","Cambridgeshire, United Kingdom",,,,,,
"Fenland Brewery","Unit 2 Cowbridge Hall Road","Cambridgeshire, United Kingdom",,,,"(135) 469-6776",,
"Fernandes Brewery","The Old Malt House, 5 Avison Yard","Wakefield, W Yorkshire, United Kingdom",,,,"(192) 429-1709",,
"Fiddlers Ales LTD","The Fox & Crown, Church St","Old Basford, Notts, United Kingdom",,,,"(115) 942-2002",,
"First In Last Ot","14 High Street Old Town","East Sussex, United Kingdom",,,,,,
"Five Points Brewing","3 Institute Place Hackney","London, United Kingdom",,,,"020 8533 7746",micro,http://www.fivepointsbrewing.co.uk
"Flagship Brewery","Unit 2 building 64 The Hisotic Dockyard","Chatham, Kent, United Kingdom",,,,"(163) 483-2828",,
"Fly In the Loaf","35 Hardman Street Liverpool","England, United Kingdom",,,,,,
"Forest Road Brewing Company",,"Leyton, United Kingdom",,,,,planning,
"Four Rivers Brewery","Unit 10, Hawick Crescent Industrial Esta Newcastle upon Tyne","Tyne & Wear, United Kingdom",,,,"(191) 276-5302",,
"Fourpure Brewing Co","22 Bermondsey Trading Estate Rotherhithe New Road","London, United Kingdom",,,,,micro,http://www.fourpure.com
"Foxfield Brewery - Prince of Wales","Foxfield Road Foxfield","Cumbria, United Kingdom",,,,,,http://www.princeofwalesfoxfield.co.uk
"Franklins Brewery","Bilton Ln, Bilton","Harrogate, N Yorks, United Kingdom",,,,"(142) 332-2345",,
"Fredric Robinson Ltd","Lower Hilgate","Stockport, United Kingdom",,,,,,http://www.frederic-robinson.com
"Freedom Brewing Co LTD","Bagots Park Abbots Bromley","Straffordshire, United Kingdom",,,,4401283821188,,
"Freeminer Brewery","Whimsey Road, Steam Mills Cinderford Gloucestershire","Cinderford Gloucestershire, United Kingdom",,,,01594827989,,
"Freshfield Hotel","Massams Lane","Formby, United Kingdom",,,,,,
"Frog and Parrot","Division St Sheffield","South Yorkshire, United Kingdom",,,,,,
"Frog Island Brewer","The Maltings, Westbridge St St James Rd","Northampton, United Kingdom",,,,"(160) 458-7772",,
"Frome Valley Brewery",Mayfields,"Bishop`s Frome, Herefordshire, United Kingdom",,,,"(153) 164-0321",,
"Full Moon Brewery","Henley Down Catsfiels","East Sussex, United Kingdom",,,,,,
"Fuller, Smith & Turner P.L.C.","Griffin Brewery Chiswick Lane South","Chiswick, London, United Kingdom",,,,"+44 20 8996 2000",large,http://www.fullers.co.uk
"Fullers Griffin Brewery","Chiswick Lane South","London, United Kingdom",,,,,,
"Fyfe Brewing Co","469 High Street","Kirkaldy, United Kingdom",,,,,,http://www.e-fife.com/harbourbar
"Fyne Ales Ltd",Achadunan,"Argyll, United Kingdom",,,,,micro,
"Gadd's Brewery","7 Hornet Close Pyson's Road Ind Est","Kent, United Kingdom",,,,,,
"Gavan ODoherty Group","7 Northland Rd Derry","N Ireland, United Kingdom",,,,"01504 266 676",,
"Geo. Bateman & Son Ltd-Salem Bridge Brewery",,"Wainfleet, United Kingdom",,,,,,http://www.bateman.co.uk
"George and Dragon","Station Rd Stoke Golding","Nuneaton, United Kingdom",,,,,,
"George Bateman and Son Ltd","Mill Lane","Wainfleet, United Kingdom",,,,,,
"George Gale & Co Ltd",Horndean,"Hants, United Kingdom",,,,705571212,regional,
"Glen Affric Brewery",,"Heswall, United Kingdom",,,,44742020275,planning,
"Glendola Leisure Ltd","364 High Street Harlington, Hayes","Middlesex, United Kingdom",,,,02086075100,,
"Glentworth Brewery","Glenworth House, Crossfield Ln","Skellow, Donacaster, United Kingdom",,,,"(130) 272-5555",,
"Goacher's Brewery","""unit 8, Tovil Green Bus. Park""","Maidstone, United Kingdom",,,,,,
"Goddards Brewery","Barnsley Farm, Bullen Rd","Ryde, Isle of Wight, United Kingdom",,,,"(198) 361-1011",,
"Goffs Brewery","9 Isbourne Way","Winchcombe, United Kingdom",,,,"(124) 260-3383",,
"Golden Fleece","16 Pavement","York, United Kingdom",,,,,,
"Goldfinch Brewery","47 High East Street Dorchester","Dorset, United Kingdom",,,,,,
"Goose Eye Brewery","Ingrow Bridge, South St","Keighley, W Yorks, United Kingdom",,,,"(153) 560-5807",,
"Gray and Sons (Chelmsford) Ltd","Rignals Ln, Galley Wood Chelmsford","Essex, United Kingdom",,,,"01245 475 181",,
"Great Gable Brewing Co","Wasdale Head Wasdale","Cumbria, United Kingdom",,,,,,
"Green Dragon Free House & Brewery","29 Broad Street Bungay","Suffolk, United Kingdom",,,,,,
"Green Jack Brweing Co","Argle Place Love Road","Suffolk, United Kingdom",,,,4401502562863,,
"Greene King PLC","Westgate Brewery Bury St Edmunds","Suffolk, United Kingdom",,,,284763222,regional,
"Greene King Pub Partners","Westgate Brewery Bury St Edmunds","Suffolk, United Kingdom",,,,"01284 763 222",,
"Greenfield Brewery","Unit 8 Waterside Mill","Greenfield, United Kingdom",,,,,,
"H B Clark & Co (Successors) LTD","Wesgate Brewery","Wakefield, W Yorks, United Kingdom",,,,"(192) 437-3328",,
"Hackney Brewery","Laburnum Street","London, United Kingdom",,,,02034899595,micro,http://www.hackneybrewery.co.uk
"Hadrian & Border Brewery","""Unit 10, Harwick Cres. Ind. Est""","Newcastle on Tyne, United Kingdom",,,,,,
"Haggards Brewery","557 Kings Road Fulham","London, United Kingdom",,,,,,
"Hall And Woodhouse Ltd","The Brewery Blandford St. Mary","Dorset, United Kingdom",,,,258452141,regional,http://www.hall-woodhouse.co.uk
"Hambleton Ales","Keld Close Barker Business Park Melmerby Green Ln","Melmerby, Ripon, United Kingdom",,,,"(184) 556-7460",,
"Hambleton Ales","Melmerby Green Road Melmerby","Yorkshire, United Kingdom",,,,,,
"Hampshire Brewery LTD","138 Christchurch Road Ringwood","Hants, United Kingdom",,,,"+44 01794 830529",micro,http://www.hampshirebrewery.com
"Hanby Ales LTD","Unit C9 Wem Industrial Estate","Wem, Shropshire, United Kingdom",,,,"(193) 923-2432",,
"Harbour Brewing Company","Trekillick Farm, Kirland","Bodmin, United Kingdom",,,,00441208832131,micro,http://www.harbourbrewing.com
"Hardknott Brewery","the Woolpack Inn Hardknott Pass","Lake District, United Kingdom",,,,,,
"Hardys & Hansons PLC","Kimerberly Brewery","Nottinghamshire, United Kingdom",,,,01159383611,,
"Hardys and Hansons","Westgate Brewery Bury St Edmunds","Suffolk, United Kingdom",,,,"01284 763222",,
"Harp Lager Co.","8 Henrietta Place","London, United Kingdom",,,,,large,
"Hart Brewery","Unit 5 Oxheys Industrial Estate Off Greenbank Street","Lancashire, United Kingdom",,,,07825249091,,
"Harvey & Son Ltd","The Bridge Wharf Brewery 6 Cliffe High Street","Sussex, United Kingdom",,,,,,http://www.harveys.org.uk
"Harviestoun Brewery LTD","Devon Rd, Dollar","Clackmannanshire, United Kingdom",,,,"(125) 974-2141",,
"Hawkshead Brewery Ltd","Mill Yard Staveley","Cumbria, United Kingdom",,,,,,
"Heather Ale LTD","Cragmill, Strathaven","Lanarkshire, Scoltand, United Kingdom",,,,"+44 135-752-9529",micro,
"Heavitree Brewery PLC","Trood Ln, Matford Exeter","Devon, United Kingdom",,,,"01392 217 733",,
"Heritage Pub Co","Derwent Business Center Clarke St, Derby",", United Kingdom",,,,"01332 384 808",,
"Hesket Newmarket Brewery","Old Crown Barn Hesket Newmarket","Cumbria, United Kingdom",,,,"(169) 747-8066",,
"Highgate Brewery Ltd","Sandymount Rd","Walsall, United Kingdom",,,,,,http://www.highgatebrewery.co.uk
"Highwood Brewery LTD","Melton Highwood","Barnetby, Humberside, United Kingdom",,,,"(165) 268-0020",,
"Hilden Brewing Co","Hilden Lisburn","CO Antrim, United Kingdom",,,,"(184) 666-3863",,
"Hobden's Wessex Brewery","Farm Cottage Norton Ferris","Warminster, United Kingdom",,,,,,
"Hobgoblinns Ltd","Eagle Maltings, The Crofts Witney","Oxon, United Kingdom",,,,"01993 702 574",,
"Hobsons Brewery & Co","New House Farm, Tenbury Rd Cleobury Mortimer","Kidderminster, Worcester, United Kingdom",,,,"(129) 927-0837",,
"Hogs Back Brewery","Manor Farm, The St","Tongham, Surrey, United Kingdom",,,,"(125) 278-3000",,
"Hogs Back Brewery Ltd","Manor Farm The Street","Surrey, United Kingdom",,,,,,
"Holden's Brewery Ltd Co - Hopden Brewery","George Street","Woodsetton, United Kingdom",,,,,,http://www.holdensbrewery.co.uk
"Home County Brewers","The Old Brewery, Station Rd","Wickwar, Glos, United Kingdom",,,,"(145) 429-4045",,
"Honeycombe Leisure PLC","50 Water Ln, Ashton Preston","Lancs, United Kingdom",,,,"01772 723 764",,
"Hooded Ram Brewery","Hills Meadow","Douglass, Isle of Man, United Kingdom",,,,,micro,
"Hook Norton Brewery Co Ltd","Brewery Lane Hook Norton","Oxon, United Kingdom",,,,,,http://www.hook-norton-brewery.co.uk
"Hop Back Brewery PLC","Untis 21-24 Batten Rd Industrial Estate Downton","Wiltshire, United Kingdom",,,,"(172) 551-0986",,
"Houston Brewing Co","South St Houston","Renfrewshire, United Kingdom",,,,"(150) 561-2620",,
"Huddersfield Brewing Co","Unit J Shaw Park Industrial Estate","Aspley, Huddersfield, West Yorks, United Kingdom",,,,"(148) 430-0028",,
"Hull Brweery Co LTD","144-148 English St","Hull, United Kingdom",,,,"(148) 258-6364",,
"Humpty Dumpty Brewery","17 The Habaker; Reedham","Norfolk, United Kingdom",,,,"(149) 370-1818",,
"Hunt and McCormick","3 Duncrue Pl Belfast","N Ireland, United Kingdom",,,,"02890 746 274",,
"Hurns Brewing Co Ltd","Unit 3 Century Park","Swansea, United Kingdom",,,,,,
"Hydes Brewery Ltd","46 Moss Lane West","Manchester, United Kingdom",,,,,,http://www.hydesbrewery.com
"Iceni Brewery","3 Foulden Rd","Ickburgh, Norfolk, United Kingdom",,,,"(184) 287-8922",,
"Ind Coope Burton Brewery Ltd","107 Station St BURTON-ON-TRENT","Staffs, United Kingdom",,,,"+44 283 5311 11",,
"Inn Partnership Ltd","Axis House, Tudor Rd Manor Park","Runcorn, Cheshire, United Kingdom",,,,"0870 241 2003",,
"Innis and Gunn Brewing Company Ltd","Phoenix Crescent - Strathclyde Business Bellshill","Scottland, United Kingdom",,,,"44 1698 57 35 69",,
"Inns and Leisure Ltd","20 / 24 Leicester Rd Preston","Lancs, United Kingdom",,,,"01772 252 917",,
InnspiredGroup,"Directors House 68 Fore St Trowbridge","Wilts, United Kingdom",,,,"01225 763 171",,
"Interpub Ltd","Overloard House 1d Colet Gardens","London, United Kingdom",,,,4402086005210,,
"Inventive Leisure","21 Old St Ashton-under-Lyne","Lancs, United Kingdom",,,,"0161 330 3876",,
"Inverlamond Brewery LTD","22 Inveralmond Place","Perth, United Kingdom",,,,"(173) 844-9448",,
"Ironbridge Brewery Ltd","The Pheasant Market Street","Shropshire, United Kingdom",,,,,,
"Islay Ales","Islay House Square Bridhend","Argyll, United Kingdom",,,,,,
"Isle of Skye Brewing Co","The Pier, Uig","Isle of Skye, Scotland, United Kingdom",,,,"(147) 054-2477",,
"Itchen Valley Brewery LTD","Shelf House, New Farm Rd","Alresford, Hampshire, United Kingdom",,,,"(196) 273-5111",,
"J D Wetherspoon PLC","Wetherspoon House, Central Park Reeds Crescent","Watford, Hrfrtshr, United Kingdom",,,,"01923 219 810",,
"J W Lees & Co (Brewers) Ltd","Greengate Brewery Middleton Junction","Manchester, United Kingdom",,,,,,
"James Williams (Narberth)","PO BOX The Cardiff Brewery Crawshay Street","Cardiff, United Kingdom",,,,01834860318,,
"Jennings Brothers PLC - Castle Brewery","Castle Brewery Cockermouth","Cumbria, United Kingdom",,,,,,
"John Bull Chophouse","Market Place Wigan","Lancashire, United Kingdom",,,,,,
"John O'Gaunt Brewing Co Ltd","""Unit 2, Rural Industries"" John O'Gaunt","Melton Mowbray, United Kingdom",,,,,,http://www.john-o-gaunt-brewery.co.uk
"John Smiths Tadcaster Brewery","The Brewery TADCASTER","North Yorkshire, United Kingdom",,,,"(093) 783-2091",,
"John Thompson Brewery","Ingleby Lane Ingleby","Derby, United Kingdom",,,,,,
"Jolly Brewer","27 Poplar Road Wrexham","Wrexham, United Kingdom",,,,,,
"Jollyboat Brewery LTD","4 Buttgarden St","Bideford, Devon, United Kingdom",,,,"(123) 742-4343",,
"Joseph Holt Ltd","The Brewery Empire Street","Manchester, United Kingdom",,,,,,
"JT Davies and Sons","The Bull Courtyard Bell Street","Oxon, United Kingdom",,,,01491570200,,
"Judges Brewery","34 Ludgate Hill","Birmingham, United Kingdom",,,,"(783) 638-0700",,
"Juwards Brewery","c/o Fox Brothers Brewery","Wellington, Somerset, United Kingdom",,,,"(182) 366-7909",,
"Kaluga Brewing Co.","c/o TNT International Mail MOW/MOW/11460 PO Box 66","Hounslow Middlesex, United Kingdom",,,,097-095-937-33-50,,
"Kelham Island Brewery","23 Alma St Sheffield","South Yorkshire, United Kingdom",,,,"(114) 249-4804",,
"Keltek Brewery","Unit 44 Cardrew Way","Cornwall, United Kingdom",,,,,,
"Keltek Brewing Co LTD","Candela House Cardew Way","Cornwall, United Kingdom",,,,01209313620,,
"Kempton Brewery Co LTD","33 Upper St James St","Kemptown, Brighton, United Kingdom",,,,"(127) 369-9595",,
"Keswick Brewing Co","The Old Brewery Brewery Lane","Cumbria, United Kingdom",,,,,,
"Kilderkin Brewing Co","1 Mill Road Impington","Cambridgeshire, United Kingdom",,,,,,
"King & Smart Lincolnshire Brewery","Building 30, Binbrook technical Estate","Market Raison, Lincolnshire, United Kingdom",,,,"(152) 251-2919",,
"Kingdom Taverns","Dean House, 191 Nichol St Kircaldy","Fife, United Kingdom",,,,"01592 200 033",,
"Kitchen Brewery","Unit J Shaw Park Silver Street","Huddersfield, United Kingdom",,,,"(148) 430-0028",,
"Lakeland Brewing","Cartmel Fell","Cumbia, United Kingdom",,,,,,
"Lancaster Brewery","Lancaster Leisure Park Wyresdale Rd","Lancashire, United Kingdom",,,,44-0-1524-848537,,
"Langton Brewery","Grange Farm Welham Road","Market Harborough, United Kingdom",,,,,,
"Larkins Brewery LTD",Chiddingstone,"Edenbridge, Kent, United Kingdom",,,,"(189) 287-0328",,
"Leatherbritches Brewery","Bently Brook, Brewery Yard","Fenny Bently, Ashbourne, Derbys, United Kingdom",,,,"(133) 535-0278",,
"Leatherbritches Brewery","Annwell Lane Smisby","Leicesterrshire, United Kingdom",,,,,,
"Leeds Brewery","3 Syenham Road Leeds","West Yorkshire, United Kingdom",,,,,,
"Leek Brewing Co Ltd","12 Bridge End","Leek, United Kingdom",,,,,,
"Leggers Inn","Mill Street Dewsbury","West Yorkshire, United Kingdom",,,,,,
"Leith Hill Brewery","The Plough Inn Cold Harbor","Near Dorking, United Kingdom",,,,,,http://www.ploughinn.com
"Lichfield Brewery","John Thompson Inn","Ingleby, Derbyshire, United Kingdom",,,,"(133) 286-3033",,
"Lidstones Brewery","Coltsfoot Green, Wickhambrook","Newmarket, Suffolk, United Kingdom",,,,"(144) 082-0232",,
"Linfit Brewery","139 Ln Top, Lynthwaite","Huddersfield, Yorks, United Kingdom",,,,"(148) 484-2370",,
"Lizard Ales","Treskewes Estate St Keverne","Cornwall, United Kingdom",,,,,,
"Lloyds Country Beers","John Thompson Brewery","Ingleby, Derbyshire, United Kingdom",,,,"(133) 286-3426",,
"London Brewing Company","The Bull - 13 North Hill","London, United Kingdom",,,,,micro,http://www.londonbrewing.com
"Lovibonds Brewery Ltd","Rear of 19-21 Market Place","Henley-on-Thames, United Kingdom",,,,"01491 576 596",micro,http://www.lovibonds.com
"Luminar PLC","41 Kings St Luton","Beds, United Kingdom",,,,"01582 730 555",,
"MacLay Group","Thistle Brewery","Alloa, United Kingdom",,,,"01259 723 387",,
"MacLennan Inns Ltd","Unit 10 Morton Peto Rd Gapton Hall Indus. Est.","Gt.Yarmouth, Nor, United Kingdom",,,,"01493 382 400",,
"Magic Rock Brewing Co.","UNIT 1 - QUARMBY MILLS TANYARD ROAD - OAKES","Huddersfield, United Kingdom",,,,+441484649823,micro,http://www.magicrockbrewing.com
"Mallard Brewery","Unit A Mayhorne","Nottinghamshire, United Kingdom",,,,,,
"Mallard Brewery","15 Hartington Ave","Carlton, United Kingdom",,,,,,http://www.mallard-brewery.co.uk
"Malton Brewery Co LTD","Crown Hotel, Wheelgate","Malton, Yorks, United Kingdom",,,,"(165) 369-7580",,
"Malvern Hills Brewery","15 West Malvern Rd","Great Malvern, Worcs, United Kingdom",,,,"(168) 456-0165",,
"Marston Moor Brewery Co","2 Centre Park Marston Business Park","York, United Kingdom",,,,"01423 358382",,
"Marston, Thompson and Evershed","Snobnall Brewery Snobnall Rd Burton-on-Trent","Staffs, United Kingdom",,,,028331131,regional,
"Matthews Brewing Co Ltd","Hayeswood Road Timsbury","Summerset, United Kingdom",,,,,,
"Mauldons Brewery","The Black Adder Brewery 13 Church Field Road","Suffolk, United Kingdom",,,,,,
"Mauldons Brewery","7 Addison Rd Chiltern Industrial Estate","Sudbury, Suffolk, United Kingdom",,,,"(178) 731-1055",,
"Maypole Brewery","North Laithes Farm, Wellow Rd","Eakring, Notts, United Kingdom",,,,"(162) 387-1690",,
"Maypole Inn","Maypole Lane","Yapton, United Kingdom",,,,,,
"McMullen & Sons Ltd",Hereford,"Herts, United Kingdom",,,,992584911,regional,
"Meantime Brewing Co","Lawrence Trading Estate Blackwall Lane","London, United Kingdom",,,,"+44 208-293-1111",micro,http://www.meantimebrewing.com
"Merlin Inns Ltd","84 Smithbrrok Kilns Cranleigh","Surrey, United Kingdom",,,,"01483 278 172",,
"Methergate Brewing","11213 High St","Clare,Suffolk, United Kingdom",,,,"+44 1787 278 541",,
"Mighty Oak Brewing Co","Unit 14b West Station Yard Maldon","Maldon, Essex, United Kingdom",,,,01621843713,,
"Milk Street Brewery","The Griffin, Milk St","Frome, Somerset, United Kingdom",,,,"(137) 346-7766",,
"Milton Brewery","Pegasus House Pembroke Avenue","Cambridge, United Kingdom",,,,,,
"Milton Brewery, Cambridge LTD","Pegasus House Pembroke Avenue","Waterbeach, Cambridge, United Kingdom",,,,"01223 862067",,
"Mitchell Krause Brewing Ltd","PO Box 86","Workington, Cumbria, United Kingdom",,,,,micro,
"Mitchells Of Lancaster","11 Moor Ln Lancaster","Lancs, United Kingdom",,,,52463773,regional,
"Mitchells of Lancaster Brewers Ltd","11 Moor Ln","Lancaster, United Kingdom",,,,"(015) 246-3773",,
"Moles Brewery (Cascade Drinks) LTD","Merlin Way, Bowerhill","Melksham, Wilts, United Kingdom",,,,"(122) 572-4734",,
"Mondo Brewing Company","86 Stewarts Road","London, United Kingdom",,,,02077200782,micro,http://www.mondobrewingcompany.com
"Monty's Brewery","Unit 1, Castle Works","Hendomen, United Kingdom",,,,,,
"Moonstone Brewery","9 Trafalgar Street","Burnly, United Kingdom",,,,,,
"Moor Beer Co","Whitley Farm, Stagman Ln, Ashcott","Bridgewater, Somerset, United Kingdom",,,,"(145) 821-0050",,
"Moorhouses Brewery (Burnley) LTD","4 Moorehouse St","Burnley, Lancs, United Kingdom",,,,"(128) 242-2846",,
"Mordue Brewery","D1/D2 Narvik Way Tyne Tunnel Trading Est","Tyne & Wear, United Kingdom",,,,"(191) 296-1879",,
"Morrells of oxford Ltd","The Lion Brewery 104 Guildford Road","Surrey, United Kingdom",,,,"+44 1865 792 013",,
"Moulin Brewery - Moulin Hotel","11-13 Kirkmichael Road","Moulin by Pitlochry, United Kingdom",,,,,,http://www.moulin.u-net.com
"Mulberry Street","778 Pollokshaws Road Glasgow","Glasgow, United Kingdom",,,,,,
"Museum Brewing Co.","Box 220 Horminglo","Burton-on-Trent, United Kingdom",,,,"441283 511000 X3507",,
"Mustard Entertainment Restaurants Ltd","204-209 Braod Street","Birmingham, United Kingdom",,,,"0121 643 7218",,
"Nelson Brewing Co Ltd","""Unit 2, Building 64"" The Historic Dockyard","Chatham, United Kingdom",,,,,,
"Nethergate Brewery Co Ltd","The Street Pentlow","Essex, United Kingdom",,,,,,
"North Yorkshire Brewing Co","Pinchinthorpe Hall","Pinchinthorpe, Gulsborough, United Kingdom",,,,"(128) 763-2000",,
"O`Hanlons Brewing Co Ltd","Great Barton Farm","Whimole, Devon, United Kingdom",,,,"+44 149-182-6466",,
"Oak Brewing Co Ltd - Phoenix Brewery","Green Lane","Heywood, United Kingdom",,,,,,http://www.phoenixbrewery.co.uk
"Oakham Ales","2 Maxwell Road Woodston","Peterborough, United Kingdom",,,,"(173) 335-8300",,
"Oakhill Brewery","High St, Oakhill","Bath Somerset, United Kingdom",,,,"(174) 984-0134",,
"Offbeat Brewery Ltd",,"Shrewsbury, Shropshire, United Kingdom",,,,00441292540117,planning,
"Okell & Sons Ltd",Kewalgue,"Douglas, United Kingdom",,,,,,http://www.okells.co.uk
"Old Bear Brewery","4b Atlas Works Pitt St","West Yorkshrie, United Kingdom",,,,,,
"Old Cannon Brewery","86 Cannon St","Bury St Edmonds, United Kingdom",,,,,,
"Old Chimneys Brewery","The St, Markey Weston","Diss, Norfolk, United Kingdom",,,,"(135) 922-1411",,
"Old English Inns PLC","Castle Home, 21 Station Rd","New Barnet, United Kingdom",,,,"020 8275 3333",,
"Old Luxters Farm Brewery",Hambledon,"Henley-on-Thames, United Kingdom",,,,"(149) 163-8330",,
"Oldershaw Brewery","12 Harrowby Hall Estate","Grantham, Lincolnshire, United Kingdom",,,,"(147) 657-2135",,
"Orkney Brewery","Quoyloo, Sandwick","Orkney, United Kingdom",,,,"(185) 684-1802",,
"Ossett Brewing Co LTD","Brweers Pride, Healey Rd","Ossett, W Yorks, United Kingdom",,,,"(192) 426-1133",,
"Otter Brewery","Mathayes, Luppit","Honiton, Devon, United Kingdom",,,,"(140) 489-1285",,
"Otter Brewery","Mathayes Luppitt","Near Honniton, United Kingdom",,,,,,
"Oulton Ales Ltd - Lake Lothing Brewery","Lake Lothing Brewery Unit 2 Harbour Road Industrial Estate","Suffolk, United Kingdom",,,,,,
"Oxforshire Ales","Unit 12 Peartree Farm Industrial Estate Marsh Gibbon","Oxfordshire, United Kingdom",,,,,,
"P & D J Goacher","Unit 8 Tovil Green Business Park","Maidstone, Kent, United Kingdom",,,,"(162) 268-2112",,
"Palmers Brewery","Old Brewery","Bridport, United Kingdom",,,,,,http://www.palmersbrewery.com
"Parish Old Brewery","The Old Brewery Inn High St","Somerby, Leicestershire, United Kingdom",,,,"(166) 445-4782",,
"Payn Breweries LTD","Unit 1 Eco Site, St Mary`s Rd","Ramsey, United Kingdom",,,,"(148) 771-0800",,
"Pembroke Brewery Co","Eaton House, 108 Main St","Pamboke, Dyfed, United Kingdom",,,,"(164) 668-2517",,
"Penzance Brewing Co","Crowlas Penzance","Cornwall , United Kingdom",,,,,,
"Phillips Brewing Co - Hundred House Hotel","Norton Shifnall","Telford, United Kingdom",,,,,,http://www.hundredhouse.co.uk
"Phoenix Brewery LTD","Green Ln","Heywood, GTR Manchester, United Kingdom",,,,"(170) 662-7009",,
"Pilgrim Brewery","West St","Reigate, Surrey, United Kingdom",,,,"(173) 722-2651",,
Pivo,"6 Patrick Pool York","England, United Kingdom",,,,,,
"Plassey Brewery","The Plassey, Eyton","Wrexham, Clwyd, United Kingdom",,,,"(197) 878-0922",,
"Plassye Brewery","Eyton Wrexham","North Wales, United Kingdom",,,,,,
"Poole Brewery","68 High St","Poole, Dorset, United Kingdom",,,,"(120) 268-2345",,
"Porchester Brewery","6 Audret Close Fareham","Hampshire, United Kingdom",,,,,,
"Port Mahon Brewery, C/o Cask & Cutter","1 Henry Street","Sheffield, United Kingdom",,,,,,
"Porter Brewing Co LTD","Rosendale Brewery The Griffin Inn","Haslingden, Lancs, United Kingdom",,,,"(170) 621-4021",,
"Potton Brewery Co","10 Shannon Pl","Potton, Sandy, Beds, United Kingdom",,,,"(176) 726-1042",,
"Potton Brewery Co","10 Shannon Place Potton","Bedfordshire, United Kingdom",,,,,,
"Princetown Breweries LTD","The Brewery, Tavistock Rd","Princetown, Devon, United Kingdom",,,,"(182) 289-0789",,
"Prospect Brewery","Unit 11 Bradly Hall Trading Estate Bradley Lane","Lancashire, United Kingdom",,,,,,
"Pub and Bar Co @ Whitbread","The Herculean, Houghton Hall Off Park Porz Ave","Dunstable, United Kingdom",,,,"01582 844 600",,
"Pub Estate Co","Blenheim House, Foxhole Rd Ackhurst Park","Chorley, Lancs, United Kingdom",,,,"01257 238 800",,
"Pubs N Bars","Standwood House 10-12 Weir Rd","London, United Kingdom",,,,"0208 228 4800",,
"Punch Group (Supply) Ltd","107 Station St Burton-upon-Trent","Staffs, United Kingdom",,,,"01283 545 320",,
"Punch Pub Co","Jubilee House Second Avenue","Straffordshire, United Kingdom",,,,08448483264,,
"Purple Moose Brewery","Heol Madog Porthmadog","Whales, United Kingdom",,,,,,
"Pyramid Pub Management Co Ltd","Suite 3H Steam Mill Bus.Ctr. Steam Mill Rd","Chester, United Kingdom",,,,"01244 321171",,
"Quay Brewery","Hope Square, Weymouth","Dorset, United Kingdom",,,,"44 1305 788724",,
"Randalls Vautier Ltd","PO Box 43 Clare St St Helier","Jersey, United Kingdom",,,,"01534 887 788",,
"RCH Brewery","West Hewish","Weston-super-Mare, United Kingdom",,,,"(193) 483-4447",,
"Rebellion Beer Co","Bencombe Farm Marlow Bottom","Bucks, United Kingdom",,,,"(162) 847-6594",,
"Rectory Ales LTD","Streat Hill Farm","East Sussex, United Kingdom",,,,"(127) 389-0570",,
"Redemption Brewing Company","Unit 16 Compass West Industrial Estate,","London, United Kingdom",,,,44(0)2088855227,micro,http://www.redemptionbrewing.co.uk
"Reepham Brewery","I Collers Way","Reepham, Norfolk, United Kingdom",,,,"(160) 387-1091",,
"Rich Brewery","West Hewish","Weston Super Mare, United Kingdom",,,,,,http://www.rchbrew.com
"Ringwood Brewery Ltd","138 Christchurch Road Ringwood","Hants, United Kingdom",,,,,,http://www.ringwoodbrewery.co.uk
"Riverhead Brewery Ltd","2 Peel Street Marsden","Huddersfield, United Kingdom",,,,,,
"Robert Cain & Co Ltd - Robert Cain Brewery","Stanhope Street Liverpool","England, United Kingdom",,,,,,http://www.cainsbeers.com
"Roosters Brewing Co - York","unit 3/4 Grimbald Park Wetherby Rd","Harrogate, N Yorkshire, United Kingdom",,,,"44 (0) 1423 865 959",micro,http://www.roosters.co.uk
"Rother Valley Brewing Co","Station Road Northiam","East Sussex, United Kingdom",,,,,,
"Ruddles Brewery Ltd","Langham, Oakham","Rutland, United Kingdom",,,,"+44 572756911",regional,http://www.ruddles.co.uk
"Rudgate Brewery LTD","2 Centre Park Marston Business Park","Rudgate, Tockwith, York, United Kingdom",,,,"(142) 335-8382",,
"RW Randall Ltd","PO Box 154 St Juliens Ave","Guernsey, United Kingdom",,,,,,
"Ryburn Brewery c/o Ramshead Public House","Wakefield Road","Sowerby Bridge, United Kingdom",,,,,,http://www.ryburnbrewery.co.uk
"S.A. Brain & Co. Ltd","St. Mary St PO Box 53","Cardiff, Wales, United Kingdom",,,,222399022,regional,
Sainsburys,"33 Holborn","London, United Kingdom",,,,44-207-695-6000,,
"Saint Peters Brewery Co LTD","Saint Peters Hall South Elmham","Bungay, Suffolk, United Kingdom",,,,"01986 782 322",,
"Salopian Brewing Co LTD","Old Station Yard Old Station Road","Hadnall, Shrewsbury, United Kingdom",,,,"(174) 324-8414",,
"Samuel Smith Brewery","The Old Brewery High St","Tadcaster, N. Yorks, United Kingdom",,,,"(093) 783-2225",regional,
"Sarah Hughes Brewery","129 Bilston Rd","Sedgley, West Midlands, United Kingdom",,,,"(190) 288-3380",,
Scandibrew,"Sanderum House Oakley Rd Chinnor","Oxon, United Kingdom",,,,"+44 0844 354191",regional,
"Scattor Rock Brewery","Unit 5, Gidleys Meadow","Christow, Exeter, United Kingdom",,,,"(167) 725-2120",,
"Scottish & Newcastle PLC, Head Office","2-4 Broadway Pk S Gyle Broadway","Edinburgh, United Kingdom",,,,"+44 (131) 528 1000",,http://www.scottish-newcastle.com
"Scottish Courage Brewing Ltd - Royal Brewery","Denmark Road","Manchester, United Kingdom",,,,,,
"Scottish Courage Brewing Ltd - Tyne Brewery","Bath Lane","Newcastle on Tyne, United Kingdom",,,,,,
"Scottish Newcastle Beer Prod.","Tyne Brew. Gallowgate","Newcastle-upon-Tyne, United Kingdom",,,,,,
"Scotts Brewing Co","Crown St East","Lowestoft, Sufflok, United Kingdom",,,,"(150) 253-7237",,
"Selby (Middleborough) Brewery Ltd","131 Milgate","Selby, United Kingdom",,,,,,
"SFI Group PLC","SFI House, 165 Church St East","Woking, United Kingdom",,,,"01483 227 900",,
"Shardlow Brewery","Old Brewery Stables British Waterways Yard","Cavendish Bridge, Leics, United Kingdom",,,,"(133) 279-9188",,
"Sharps Brewery",Rock,"Wadebridge, Cornwall, United Kingdom",,,,"(120) 886-2121",,
"Shepherd Neame Ltd","17 Court Street Faversham","Kent England, United Kingdom",,,,,,
"Ship and Mitre","133 Dale Street Liverpool","England, United Kingdom",,,,,,
"Sir John Fitzgerald Ltd","Café Royal Bldngs 8 Nelson St Newcastle-upon-Tyne","Tyne & Wear, United Kingdom",,,,"0191 232 0644",,
"Siren Craft Brew","Unit 1 Weller Drive","Finchampstead, United Kingdom",,,,"44 1189730929",micro,http://www.sirencraftbrew.com
"Six Bells Brewery","Church St","Bishop`s Castle, shropshire, United Kingdom",,,,"(158) 863-8930",,
"Skinners Brewery","Riverside Newham Road","Turo, United Kingdom",,,,,,
"Skinners Brewing Co","Riverside View, Newham Rd","Truro, Cornwall, United Kingdom",,,,"(187) 227-1885",,
"Slaters Brewery","Eccleshall Brewing Co Ltd St Alban's Road","Stafford, United Kingdom",,,,,,
"Slug and Lettuce Group","19-20 Hanover St","London, United Kingdom",,,,"020 7399 3200",,
"Smiles Holdings PLC","Colston Yard, Colston St","Bristol, Avon, United Kingdom",,,,"+7 929 7350",,
"Son of Sid Brewery","71 Main Street Little Gansden","Cambridgeshire, United Kingdom",,,,,,
"Spitting Feathers","Common Farm Waverton","Chester, United Kingdom",,,,,,
"Springhead Brewery","Main Street Laneham","Notts, United Kingdom",,,,"01777 229020",,
"St Austell Brewery Co Ltd",,"St Austell, United Kingdom",,,,,planning,
"St George's Brewery","Bush Lane","Callow End, United Kingdom",,,,,,
"St Peters Brewery Co PLC","St Peters Hall, South Elmham","Bungay, Suffolk, United Kingdom",,,,"+44 198-678-2322",micro,http://www.stpetersbrewery.co.uk
"Stag Brewery","Lower Richmond Rd, Mortlake LONDON","SW14 7ET, United Kingdom",,,,"(081) 876-3434",regional,
"Standwood Taverns Ltd","10-12 Weir Rd","London, United Kingdom",,,,"020 8675 1381",,
"Stanway Brewery",Stanway,"Cheltenham, Gloucestershire, United Kingdom",,,,"(138) 658-4320",,
"Stationhouse Brewery","Kigsley Road Frodsham","Cheshire, United Kingdom",,,,,,
"Stewart Brewing","26a Dryden Road Bilston Glen Ind Estate","Loanhead, United Kingdom",,,,,,
"Stonehenge Ales","The Old Mill, Netheravon","Salisburry, Wilts, United Kingdom",,,,"(198) 067-0631",,
"Storm Brewing Co","2 Waterside Macclesfield","Cheshire, United Kingdom",,,,,,
"Strands Brewery","Netherr Wasdale","Cumbria, United Kingdom",,,,,,
"Strathaven Ales","Craigmill Brewery Sandford Road","Lanarkshire, United Kingdom",,,,,,
"Stringers Beer","Unit 3 Low Mill Business Park","Ulverston, United Kingdom",,,,,,
"Sulwath Brewers","Gillfoot Brewery, Southerness","Kirkbean, Dumfries & Galloway, United Kingdom",,,,"(138) 725-5849",,
"Summerskills Brewery","Unit 15, Pomphlett Farm Industrial Estat Broxton Dr","Billacombe, Plymouth, Devon, United Kingdom",,,,"(175) 248-1283",,
"Sutton Brewing Co","31 Commercial Rd","Coxside, Plymouth, United Kingdom",,,,"(175) 220-5010",,
"Swale Brewery Co","Unit 1, D2 Trading Estate Castle Rd","Eurolink, Sittingbourne, Kent, United Kingdom",,,,"(179) 542-6871",,
"Swannay Brewery","Swannay Brewery","by Evie, United Kingdom",,,,00441856721700,micro,http://www.swannaybrewery.com
"Swansea Brewing Co","74 Hawthorne Ave Uplands","Swansea, United Kingdom",,,,,,
"Swindon Brewing Co Ltd - Archers Brewery","Penzance Drive","Swindon, United Kingdom",,,,,,
"T & R Theakston Ltd - The Brewery",Masham,"Ripon, United Kingdom",,,,,,
"T&R Theakston LTd","The Brewery Masham","North Yorkshire, United Kingdom",,,,,,
"T.D. Ridley & Sons Ltd - Hartford End Brewery","Greene King PLC Westgate Brewry","Suffolk, United Kingdom",,,,01284763222,,http://www.ridleys.co.uk
"Taverna Inns Ltd","Marquis of Granby Main Street","Hoveringham, United Kingdom",,,,01159665566,,
"Teignworthy Brewery","The Maltings, Teign Rd","Newton Abbott, Devon, United Kingdom",,,,"(162) 633-2066",,
"The Bitter End Brewery","15 Kirkgate Cockermouth","Cumbria, United Kingdom",,,,,,
"The Bon Accord","153 North Street Glasgow","Glasgow, United Kingdom",,,,,,
"The Breconshire Brewery Ltd","Ffwdgrech Industrial Estate","Brecon, United Kingdom",,,,"01874 623731",,http://www.breconshirebrewery.com
"The Budweiser Stag Brewing Co Ltd","Stag Brewery Lower Richmond Road- Mortlake","London, United Kingdom",,,,,,
"The Cairngorm Brewery Co Ltd","U12 Dalfaber Industrial Estate","Aviemore, United Kingdom",,,,,,
"The Caledonian Brewing Co Ltd","Caledonian Brewery 42 Slateford Rd","Edinburgh, United Kingdom",,,,,,
"The Camerons Brewery Ltd","The Lion Brewery","Hartlepool, United Kingdom",,,,,,http://www.cameronsbrewery.com
"The Coniston Brewing Co. Ltd","Coppermines Road","Coniston, United Kingdom",,,,,,
"The Crown Inn","154 Heaton Lane","Stockport, United Kingdom",,,,,,
"The Dog and Hedgehog","2 The Green Dadlington","Leicestershire, United Kingdom",,,,,,
"The Driftwood Spars","Trevaunance Cove St. Agnes","Cornwall , United Kingdom",,,,,,
"The Durham Brewery Ltd","Unit 5A Bowburn N. Ind. Est.","Bowburn, United Kingdom",,,,,,http://www.durham-brewery.co.uk
"The Earl Soham Brewery","The Street, Earl Soham","Near Woodbridge, United Kingdom",,,,,,http://www.earlsohambrewery.co.uk
"The Felstar Brewery","Felsted Vineyard Crix Green","Felsted, United Kingdom",,,,,,
"The Filo Brewery - First In, Last Out","14-15 High Street Old Town","Hastings, United Kingdom",,,,,,http://www.thefilo.co.uk
"The Foundry Brewpub","White Horse Lane","Canterbury, United Kingdom",,,,,,
"The Gipsy Hill Brewing Co.","Unit 11 Hamilton Road Industrial Estate,","London, United Kingdom",,,,00442087619061,micro,http://www.gipsyhillbrew.com
"The Grainstore Brewery-Davis Brewing Co Ltd","Station Approach","Oakham, United Kingdom",,,,,,
"The Gribble Brewery","The Gribble Inn Oving","Nr. Chichester, United Kingdom",,,,,,
"The Hampshire Bowman","Dundridge Bishops Waltham","Southhampton, United Kingdom",,,,,,
"The Hidden Brewery Ltd","Wyly Road, Dinton","Salisbury, United Kingdom",,,,4401722716440,,http://www.thehiddenbrewery.co.uk
"The Kelburn Brewing Co","10 Muriel Lane Barrhead","East Renfrewshire, United Kingdom",,,,,,
"The Mount Murray Brewing Co Ltd","Castletown Road","Braddan, United Kingdom",,,,,,http://www.bushys.com
"The Northern Clubs Federation Brewery Ltd","Lancaster Road Dunston","Gateshead, United Kingdom",,,,,,http://www.federation-brewery.co.uk
"The Old Green Tree","12 Green Street Bath","Somerset, United Kingdom",,,,,,
"The Robert Cain Brewery","Stanhope Street","Liverpool, United Kingdom",,,,,,
"The State Bar","148 Holland Street Glasgow","Glasgow, United Kingdom",,,,,,
"The Station Bar","55 Port Dundas Road Glasgow","Glasgow, United Kingdom",,,,,,
"The Three Judges","141 Dumarton Road Glasgow","Glasgow, United Kingdom",,,,,,
"The Vale of Glamorgan Brewery Ltd","Atlantic Trading Estate Barry","Wales, United Kingdom",,,,,,
"The Watermill Inn","Ings Near Staveley","Cumbria, United Kingdom",,,,,,
"The Wellington Inn","55 Russell Street Hull","England, United Kingdom",,,,,,
"The West Berkshire Brewery","The Flour Barn Frilsham Home Farm","Berkshire, United Kingdom",,,,,,
"The Whalebone","165 Wincolmlee Hull","England, United Kingdom",,,,,,
"The White Swan","High St Stoke Golding","Nuneaton, United Kingdom",,,,,,
"The Wild Beer Co","lower westcombe farm","shepton mallet, United Kingdom",,,,"01749 838742",micro,http://www.wildbeerco.com
"The Wolverhampton & Dudley Breweries","PO Box 26 Park Brewery - Bath Road","Wolverhampton, United Kingdom",,,,,,
"Thomas Hardy Burtonwood","Bold Ln Burtonwood","Warrington, United Kingdom",,,,,,
"Thomas Hardy Holdings Ltd","Bold Lane Burtonwood","Warrington, Cheshire, United Kingdom",,,,"01925 220022",,http://www.thomashardybrewery.co.uk
"Thomas McGuinness Brewing Co","Cask & Feather Public House 1 Oldham Road","Rochdale, United Kingdom",,,,,,http://www.mcguinnessbrewery.com
"Thorley taverns Ltd","The Old Police Station 60 Gladstone Rd","Broadstairs, Kent, United Kingdom",,,,"01843 602 010",,
"Three Horseshoes","3 High St Stoke Golding","Nuneaton, United Kingdom",,,,,,
"Three Nuns Brewery","Salop St, Bishops Castle","Shropshire, United Kingdom",,,,"(158) 863-8797",,
"Tiger Tops Brewery","22 Oakes Dtreet Flanshaw Lane","Wakefield, United Kingdom",,,,,,http://www.princeofwalesfoxfield.co.uk
"Timothy Taylor & Co Ltd - Knowle Spring Brewery",,"Keighley, United Kingdom",,,,,,
"Tirril Brewery","The Croft Long Marton","Cumbria, United Kingdom",,,,,,
"Tisbury Brewery LTD","8 Newbury Street Andover","Hamshire, United Kingdom",,,,"(177) 271-6622",,
"Titanic Brewery","Harvey Works, Lingard St","Burslem, Stoke-on-Trent, United Kingdom",,,,"(178) 282-3447",,
"Tom Cobleigh PLC","Doncaster Road SCunthorpe","North Lincolnshire, United Kingdom",,,,08432717744,,
"Tomos Watkin & Sons","Phoenix Brewery Unit 3, Century Park","Valley Way, Swansea, United Kingdom",,,,"(179) 277-5333",,
"Townes Brewery - The Speedwell Inn","Lowgates Staveley","Chesterfield, United Kingdom",,,,,,
"Traquair House Brewery","Traquair House Innerleithen","Peeblesshire, United Kingdom",,,,"(189) 683-1370",,
"Tring Brewery Co LTD","81-82 Akeman St","Tring, Herts, United Kingdom",,,,"(144) 289-0721",,
"Triple FFF Brewing Co.","Unit 3, Old Magpie Works Four Marks","Alton, Hants, United Kingdom",,,,"(142) 056-1422",,
"Tudor Inns and Taverns Ltd","Victoria Hotel, 141 Week St Maidstone","Kent, United Kingdom",,,,"01622 661 782",,
"Tydd Steam Brewery","Kirkgate Tydd St. Giles","Cambridgeshire, United Kingdom",,,,,,
"Tynemill Ltd","Victoria Hotel, Dovecote Ln Beeston","Nottingham, United Kingdom",,,,"+5 925 3333",,
"UB Group, Breweries Division","Cobb Hall Cottage Back Way Greta Haseley","Oxfordshire, United Kingdom",,,,"+44 844 279469",,
"Ufford Ales","Main Street Ufford","Cambridgeshire, United Kingdom",,,,,,
"Uley Brewery Ltd - The Old Brewery","31 The Street","Uley, United Kingdom",,,,,,
"Ultimate Leisure Group","26 Mosley St","Newcastle-upon-Tyne, United Kingdom",,,,"0191 261 8800",,
"Ulverston Brewery","C/o 59 Urswick Road Ulverston","Cumbria, United Kingdom",,,,,,
"Union Brewery","Leat Cottage Ermington","Ivybride, United Kingdom",,,,,micro,http://www.unionbrewery.co.uk
"Union Pub Co","The Brewery, Shobnail Rd Burton-upon-Trent","Staffs, United Kingdom",,,,,,
"Union Pub Co","Mill House, Aylesbury Rd Thame","Oxon, United Kingdom",,,,"01844 262 000",,
"Vale Brewery","Tramway Business Park Ludgershall Road","Buckinghamshire, United Kingdom",,,,,,
"Vale Brewery Co","Thame Rd","Haddenham, Bucks, United Kingdom",,,,"(184) 429-0008",,
"Valhalla Brewery","Haroldswick Unst","Shetland, United Kingdom",,,,,,
"Vaux Breweries","Breweries: Sheffield The Brewery","Sunderland, United Kingdom",,,,0783-76277,large,
"Ventnor Brewery Co","119 High St","Ventnor, Isle of Wight, United Kingdom",,,,"(198) 385-6161",,
"Ventonwyn Brewing Co","Unit 2B, Grampound Rd Ind Est Nr Truro, Cornwall","South West, United Kingdom",,,,"(172) 688-4367",,
"Verulam Brewery","134 London Road","St Albans, United Kingdom",,,,,,
"W J King","3-5 Jubilee Estate, Foundry Lane","Horsham, United Kingdom",,,,"01403 272102",,
"W. J. King & Co","3-5 Jubilee Estate Foundry Lane","Horsham, United Kingdom",,,,,,http://www.kingfamilybrewers.co.uk
"W.H. Brakspear & Sons PLC","New Street, Henley on Thames The Brewery","Oxfordshire, United Kingdom",,,,"+441491 570200",,http://www.brakspear.co.uk
"Wadworth & Co Ltd - Northgate Brewery",,"Devizes, United Kingdom",,,,,,http://www.wadworth.co.uk
"Wayfarer Inns Ltd","16 Little London Chichester","West Sussex, United Kingdom",,,,"01243 528 733",,
"WC Brewery","3 Micklegate Mickle Trafford","Cheshire, United Kingdom",,,,,,
"Weetwood Ales","Weetwood Weetwood","Cheshire, United Kingdom",,,,,,
"Weetwood Ales LTD","Weetwood Grange, Weetwood","Torporley, Cheshire, United Kingdom",,,,"(182) 975-2377",,
"Wellington Pub Co","Criterion Asset Management 3rd Floor","London, United Kingdom",,,,02078029240,,
"Weltons North Downs Brewery LTD","1 Rangers Lodge Oakhill Road","West Sussex, United Kingdom",,,,01403242902,,
"Wentworth Brewery","The Power House, The Gun Park","Wentworth, Rotherham, United Kingdom",,,,"(122) 674-7070",,
"Wessex Taverns Ltd","6 Telford Ct Morpeth","Northumberland, United Kingdom",,,,"01670 503 333",,
"West Berkshire Brewery Co","Pot Kiln Ln, Frilsham","Yattendon, Berkshire, United Kingdom",,,,"(163) 520-2968",,
"West Brewing Co","Binnie Place Glasgow","Glasgow, United Kingdom",,,,,,
"West Coast Brands","2 Abbey Terrace","Llandeilo, United Kingdom",,,,441558824455,micro,
"Westerham Brewery Co.","Grange Farm, Pootings Road Crockham Hill","Edenbridge, United Kingdom",,,,"01732 864427",micro,http://www.westerhambrewery.co.uk
"Wharfdale Brewery Ltd","Coonlands Laith Helton","Skipton, United Kingdom",,,,,,http://www.follyale.com
"Whim Ales","Whim Farm Hartington","Derbyshire, United Kingdom",,,,,,
"Whim Ales","Whim Farm, Hartington","Buxton, Derbys, United Kingdom",,,,129-884-991,,
"Whitbread And Co. PLC","Whitbread Court Houghton Hall Business Park","Dunstable, United Kingdom",,,,"01582 424200",large,
"Whitbread Pub Partnerships","Porter Tun House Capability Green","Luton, United Kingdom",,,,"44 (0) 1582 391166",,
"White BrewingCo","1066 Country Brewery Pebsham Farm Business Park","East Sussex, United Kingdom",,,,,,
"White Horse Brewery","3 Ware Road White Horse Business Park","Oxfordshire, United Kingdom",,,,,,
"White Park Brewry","Perry Hill Farm Bourne End Road","Cranfield, United Kingdom",,,,,,
"White Rose Inns PLC","Newton Rd. Mumbles","Swansea, United Kingdom",,,,"+3 246 1332",,
"Whitehaven Brewing Co","Cauda Brow Croasdale","Cumbria, United Kingdom",,,,,,
"Whitstable Brewery","The Brewery-Little Telpits Farm Woodcock Lane","Grafty Green, United Kingdom",,,,,,http://www.whitstablebrewery.info
"Wickwar Brewing Co","The Old Cider Mill, Station Rd","Wickwar, Avon, United Kingdom",,,,"(145) 429-4168",,
"Williams Bros Brewing Co","New Alloa Brewery Kelliebank","Alloa, United Kingdom",,,,,,
"Windswept Brewing Co","Unit B, 13 Coulardbank Ind Est","Lossiemouth, United Kingdom",,,,,micro,
"Wiper And True","Wiper and True, 2-8 York Street, St Werb","Bristol, United Kingdom",,,,441179412501,micro,http://www.wiperandtrue.com
"Wizard Inns Ltd","Marston's House Brewery Road","Wolverhampton, United Kingdom",,,,"0 1902 711811",,
"WM Evan Evans","1 Rhosmaen St Llandeilo","Wales, United Kingdom",,,,,,
"Wolf Brewery","Silver Street Besthorpe Attleborough","Norfolk, United Kingdom",,,,"019 534 57775",,
"Wolf Brewery LTD","10 Maurice Gaymer Rd","Attelborough, Norfolk, United Kingdom",,,,"(195) 345-7775",,
"Wood Brewery LTD",Wisranstow,"Craven Arms, Shropshire, United Kingdom",,,,"(158) 867-2523",,
"Wooden Hand Brewery","Station Road Grampound Road","Cornwall, United Kingdom",,,,,,
"Woodfordes Norfolk Ales","Broadland Brewery","Woodbastwick, Norwich, United Kingdom",,,,"(160) 372-0353",,
"Woodlands Brewing Co","Unit 3 Meadow Lane Farm","Nantwich, United Kingdom",,,,,,
"WooHa Brewing Company","Unit 8A1 Balmakeith Business Park","Nairn, United Kingdom",,,,01667459929,micro,http://www.woohabrewing.com
"Worfield Brewing Co","c/o 3 Main St Worfield","Bridgnorth, Shropshire, United Kingdom",,,,"(174) 676-9606",,
"Worldham Brewery","Worldham Hill East Worldham","Hampshire, United Kingdom",,,,"(014) 208-3383",,
"Worth Brewery","23 Coney Lane Keighley","West Yorkshire, United Kingdom",,,,,,
"Wychwood Brewery LTD","The Eagle Malting Eagle Industrial Estate, The Crofts","Witney, Oxon, United Kingdom",,,,"(199) 370-2574",,
"Wye Valley Brewery","Stoke Lacy","Herefordshire, United Kingdom",,,,,,
"Wye Valley Brewery LTD","69 St Owen St","Hereford, United Kingdom",,,,"(143) 234-2546",,
"Wyre Piddle Brewery","Unit 21 Craycombe Farm Fladbury","Evesham, Worcestershire, United Kingdom",,,,"(138) 686-0473",,
"Yates Brewery","Ghyll Farm, Westnewton Aspatria","Carlisle, Cumbria, United Kingdom",,,,"(169) 732-1081",,
"Yates Brewery","Ghyll Farm Westnewton","Cumbria, United Kingdom",,,,,,
"Yates Wine Lodges PLC","Porter Tun House 500 Capability Green","Lufton, Bedfordshire, United Kingdom",,,,"44 1582 726797",,
"York Brewery","12 Toft Green","York, United Kingdom",,,,,,
"York Brewery Co LTD","12 Toft Green","Micklegate, York, United Kingdom",,,,"(190) 462-1162",,
"Young & Cos Brewery plc","The Ram Brewery","Wandsworth, London, United Kingdom",,,,"+44 20 8875 7000",,http://www.youngs.co.uk
"Zelgrain Ltd","The Springfield 146 Springfield Rd","Brighton, United Kingdom",,,,"01273 550 000",,
"Zerodegrees - Blackheath","29/31 Montpelier Vale","Blackheath, United Kingdom",,,,07770220809,brewpub,http://www.zerodegrees.co.uk
"Zerodegrees Bristol","53 Colston Street Bristol","City of Bristol, United Kingdom",,,,,,
"Zerodegrees Reading","9 Bridge Street Reading","Berkshire, United Kingdom",,,,,,
