name,address1,address2,city,state,zip,phone,type,url
"10 Barrel Brewing Co","62970 18th St",,Bend,OR,97701-9847,"(541) 585-1007",large,http://www.10barrel.com
"10 Barrel Brewing Co","1411 NW Flanders St",,Portland,OR,97209-2620,"(503) 224-1700",large,http://www.10barrel.com
"10 Barrel Brewing Co","1135 NW Galveston Ave Ste B",,Bend,OR,97703-2465,"(541) 585-1007",large,
"10 Barrel Brewing Co - Bend Pub","62950 NE 18th St",,Bend,OR,97701,"(541) 585-1007",large,
"1188 Brewing Co","141 E Main St",,"John Day",OR,97845-1210,"(541) 620-1357",brewpub,http://www.1188brewing.com
"13 Virtues Brewing Co","6410 SE Milwaukie Ave",,Portland,OR,97202-5518,"(503) 239-3831",brewpub,http://www.13virtuesbrewing.com
"3 Sheets Brewery","136 W 1st Ave",,Albany,OR,97321,"(541) 619-0183",micro,http://www.3sheetsbrewery.com
"7 Devils Brewing Co","247 S 2nd St",,"Coos Bay",OR,97420-1642,"(541) 808-3738",micro,http://www.7devilsbrewery.com
"Agrarian Ales, LLC","31115 W Crossroads Ln",,Eugene,OR,97408-9220,"(541) 632-3803",micro,http://www.agales.com
"Alesong Brewing and Blending","1000 Conger St Ste C",,Eugene,OR,97402-2950,"(541) 972-3303",micro,http://www.alesongbrewing.com
"Alesong Brewing and Tasting Room","1000 Conger Unit C",,Eugene,OR,97402,"(541) 972-3303",micro,http://www.alesongbrewing.com
"Allegory Brewing","777 NE 4th St",,McMinnville,OR,97128-4502,"(971) 373-1253",micro,http://www.allegorybrewing.com
"Ambacht Brewing","1060 NE 25th Ave Ste B",,Hillsboro,OR,97124-4903,"(503) 828-1400",micro,http://www.ambacht.us
"Ancestry Brewery","20585 SW 115th Ave",,Tualatin,OR,97062-6857,"(503) 706-0448",brewpub,http://www.ancestrybrewing.com
"Arch Rock Brewing Co","28779 Hunter Creek Loop",,"Gold Beach",OR,97444-9626,"(541) 247-0555",micro,http://www.archrockbrewingcompany.com
"Arlington Club","811 SW Salmon St",,Portland,OR,97205-3094,"(503) 223-4141",micro,http://www.thearlingtonclub.com
"Ascendant Beer Company","412 NW 5th Ave Suite 200",,Portland,OR,97209-3893,"(503) 564-2739",micro,http://www.pintsbrewing.com
"Assembly Brewing",,,Portland,OR,97206-3739,"(503) 729-9080",planning,http://www.assemblybrewingco.com
"Astoria Brewing Company","1196 Marine Dr",,Astoria,OR,97103-4112,"(503) 741-3040",micro,
"Back Pedal Brewing Company","1425 NW Flanders St",,Portland,OR,97209-2620,"(971) 400-5950",micro,http://backpedalbrewing.com
"Backside Brewing Co","1640 NE Odell Ave",,Roseburg,OR,97470-3320,"(541) 580-1906",brewpub,http://www.backsidebrewingco.com
"Baerlic Brewing Co","2235 SE 11th Ave",,Portland,OR,97214-5303,"(503) 477-9418",micro,http://www.baerlicbrewing.com
"Baker City Brewing Co","2200 Main Street",,"Baker City",OR,97814,"(541) 523-2337",micro,http://www.barleybrowns.com
"Bandon Brewing Company","395 2nd St SE",,Bandon,OR,97411-9605,"(541) 347-3911",brewpub,http://www.bandonbrewingco.com
"Barley Browns Brewpub","2190 Main St",,"Baker City",OR,97814-2655,"(541) 523-4266",micro,http://www.barleybrowns.com
"Barley Sprouts Brewery","639 SE 223rd Ave",,Gresham,OR,97030-2509,"(503) 758-6464",brewpub,http://www.capturedbyporches.com
"Barsideous Brewing","644 S. Main Street",,Lebanon,OR,97355,"(541) 570-1789",brewpub,http://barsideousbrewing.com
"Base Camp Brewing Co","930 SE Oak St",,Portland,OR,97214-1307,"(503) 477-7479",micro,http://www.basecampbrewingco.com
"BDSM Brewing Company","2256 SE Oak Crest Dr",,Hillsboro,OR,97123,"(971) 217-0444",micro,http://www.bdsmbrewing.com
"Beachcrest Brewing Company","7755 US-101",,"Gleneden Beach",OR,97388,"(541) 234-4013",micro,http://www.beachcrestbrewing.com
"Beer Valley Brewing Co","937 SE 12th Ave",,Ontario,OR,97914-4473,"(541) 881-9088",micro,http://www.beervalleybrewing.com
"Bend Brewing Co","1019 NW Brooks St",,Bend,OR,97703-2018,"(541) 383-1599",brewpub,http://www.bendbrewingco.com
"Bend Brewing High Desert","20650 NE High Desert Lane",,Bend,OR,97701,"(541) 383-1599",micro,
"Benedictine Brewery","400 Humpert Lane NE",,"Mount Angel",OR,97362,,micro,
"Bent Shovel Brewing","21678 S Latourette Rd",,"Oregon City",OR,97045-9453,"(503) 898-0220",micro,http://www.bentshovelbrewing.com
"Bevel Craft Brewing",,,Bend,OR,97701-4924,"(831) 345-1922",planning,http://www.bevelbeer.com
"Bier One Brewing","424 SW Coast Hwy",,Newport,OR,97365-4930,"(541) 265-4630",brewpub,http://www.bier-one.com
"Bierly Brewing @ Eats and Treats","1644 Main St",,Philomath,OR,97370-9237,"(541) 257-5126",brewpub,
"Big Horse Brewpub","115 State St",,"Hood River",OR,97031-2315,"(541) 386-4411",brewpub,http://www.bighorsebrewpub.com
"Bill's Tavern and Brewhouse","188 N Hemlock St",,"Cannon Beach",OR,97110-3037,"(503) 436-2202",brewpub,http://www.billstavernandbrewhouse.com
"Bine Valley Brewing","2027 25th St SE",,Salem,OR,97302-1130,"(760) 224-9889",micro,http://www.binebrews.com
"Block 15","300 SW Jefferson Ave",,Corvallis,OR,97333-4607,"(541) 758-2077",brewpub,
"Block 15 Brewery & Tap Room","3415 SW Deschutes St",,Corvallis,OR,97333-9283,"(541) 752-2337",brewpub,http://www.block15.com
"Boneyard Beer Co","63097 Plateau Dr",,Bend,OR,97701,"(541) 323-2325",regional,http://www.boneyardbeer.com
"Boneyard Beer Co","37 NW Lake Pl Ste B",,Bend,OR,97703-2971,"(541) 323-2325",micro,
"Boring Brewing Co., LLC","38250 Pioneer Blvd",,Sandy,OR,97055,"(503) 427-8619",micro,http://www.boringbrewing.com
"Boss Rambler Beer Club",,,Bend,OR,97703,"(207) 557-5705",planning,http://www.bossrambler.com
"Breakside Brewery","820 NE Dekum St",,Portland,OR,97211-3630,"(503) 719-6475",brewpub,http://www.breakside.com
"Breakside Brewery & Taproom","5821 SE International Way",,Milwaukie,OR,97222-4633,"(503) 719-6475",regional,http://www.breakside.com
"Breakside Brewery Slabtown","1570 NW 22nd Ave",,Portland,OR,97210-2369,"(503) 444-7597",brewpub,http://breakside.com
"Brewed By Gnomes","1735 SE 33rd Ave",,Portland,OR,97214-5024,,contract,
"Brewers Union Local 180","48329 E 1st St",,Oakridge,OR,97463-9700,"(541) 782-2024",brewpub,http://www.brewersunion.com
"Brewery 26",,,Portland,OR,97218-2175,"(503) 754-2250",micro,http://www.brewery26.com
"Brewery In Planning - Bend",,,Bend,OR,97702-2783,,planning,
"Brewery in Planning - Eugene",,,Eugene,OR,97401-5318,,planning,
"Brewery in Planning - Florence, OR",,,Florence,OR,97439-8708,"(541) 999-3109",planning,
"Brewery in Planning - Phoenix",,,"Oregon City",OR,97045,"(717) 575-3366",planning,
"Brewery In Planning - Portland",,,Portland,OR,97213,,planning,
"Brewery in Planning - Roseburg, OR",,,Roseburg,OR,97470,"(541) 673-1769",planning,
"Bricktowne Brewing Co","111 E 8th St",,Medford,OR,97501-7201,"(541) 973-2377",brewpub,http://www.bricktownebeer.com
"Bridge 99 Brewery","63063 Layton Ave",,Bend,OR,97701-7087,"(541) 280-1690",micro,
Bunsenbrewer,"16506 362nd Dr",,Sandy,OR,97055-9279,"(503) 308-3150",brewpub,http://www.bunsenbrewer.com
"Buoy Beer Company","1 8th St",,Astoria,OR,97103-4506,"(503) 325-4540",micro,http://www.buoybeer.com
"Calapooia Brewing Co / Siletz Ales","140 NE Hill St",,Albany,OR,97321-3002,"(541) 928-1931",micro,http://www.calapooiabrewing.com
"Caldera Brewing Co","590 Clover Ln",,Ashland,OR,97520-3709,"(541) 482-4677",micro,http://www.calderabrewing.com
"Cascade Brewing","7424 SW Beaverton Hillsdale Hwy",,Portland,OR,97225-2149,"(503) 296-0110",brewpub,http://www.cascadebrewing.com
"Cascade Brewing Barrel House","939 SE Belmont St",,Portland,OR,97214-2519,"(503) 265-8603",micro,http://www.cascadebrewing.com
"Cascade Brewing Blending House","6770 SW 111th Ave",,Beaverton,OR,97008-5336,"(503) 366-0730",micro,http://www.cascadebrewing.com
"Cascade Lakes Brewing Co","2141 SW 1st St",,Redmond,OR,97756-7131,"(541) 923-3110",micro,http://www.cascadelakes.com
"Chatoe Rogue Farmstead Brewery","3590 Wigrich Rd",,Independence,OR,97351-9708,"(503) 838-9813",micro,http://www.rogue.com
"Chehalem Valley Brewery","2515 Portland Rd Ste B",,Newberg,OR,97132-1940,"(971) 832-8131",brewpub,http://www.chehalemvalleybrewery.com
"Chetco Brewing Company","830 Railroad St",,Brookings,OR,97415,"(541) 661-5347",micro,http://www.chetcobrew.com
"Claim 52 Brewing","1030 Tyinn St Ste 1",,Eugene,OR,97402-6933,"(541) 554-6786",micro,
"Climate City Brewing Co.","509 SW G St",,"Grants Pass",OR,97526-2472,"(541) 479-3725",brewpub,http://www.climatecitybrewing.com
"Coalition Brewing Co","2705 SE Ankeny St Ste C",,Portland,OR,97214-1817,"(503) 894-8080",micro,http://www.coalitionbrewing.com
"Coin Toss Brewing Co","14214 Fir St Ste H",,"Oregon City",OR,97045-6837,"(503) 305-6220",micro,http://www.cointossbrewing.com
"Coldfire Brewing","263 Mill St",,Eugene,OR,97401-2410,"(541) 556-9374",micro,http://www.coldfirebrewing.com
"Columbia River Brewing Co","1728 NE 40th Ave",,Portland,OR,97212-5306,"(503) 943-6157",brewpub,http://www.columbiariverbrewpub.com
"Common Block Brewing Company","315 E 5th Street",,Medford,OR,97501,"(541) 326-2277",contract,http://www.commonblockbrewing.com
"Conner Fields Brewing","121 SW H St",,"Grants Pass",OR,97526-2505,"(541) 508-2337",brewpub,http://www.connerfields.com
"Conversion Brewing","833 S Main St",,Lebanon,OR,97355-3211,"(541) 259-2337",brewpub,http://www.conversionbrewingcompany.com
"Cooper Mountain Ale Works","15855 SW Kestrel Ct",,Beaverton,OR,97007-9200,"(503) 580-7175",micro,http://www.coopermountainaleworks.com
"Covered Bridge Brewing Group",,,"Cottage Grove",OR,97424,"(541) 513-2148",planning,http://www.coveredbridgebrewery.com
"Craft Kitchen and Brewery","62988 Layton Ave Ste 103",,Bend,OR,97701-6692,"(541) 668-1766",brewpub,http://www.craftkitchenandbrewery.com
"Crux Fermentation Project","63065 NE 18th Street",,Bend,OR,97702-1600,"(541) 388-7558",regional,http://www.cruxfermentation.com
"Crux Fermentation Project - Crux2","63065 18th St",,Bend,OR,97701-9981,,micro,
"Culmination Brewing Co","2117 NE Oregon St Ste 600",,Portland,OR,97232-2796,"(971) 254-9114",micro,http://www.culminationbrewing.com
"DAMARKOM, INC.",,,Seaside,OR,97138-5803,,planning,
"De Garde Brewing","114 Ivy Ave",,Tillamook,OR,97141-2214,"(503) 815-1635",micro,http://www.degardebrewing.com/
"Deception Brewing Company","1174 SW Highway 99W",,Dundee,OR,97115,"(971) 832-8054",micro,http://www.deceptionbrewingco.com
"Deep Space Brewing / Out of This World Pizza","6255 NE Century Blvd",,Hillsboro,OR,97124-8621,"(503) 629-8700",brewpub,
"Defeat River Brewery","473 Fir Avenue",,Reedsport,OR,97467,"(541) 808-8862",micro,http://www.defeatriverbrewery.com
"Deluxe Brewing Co","PO Box 3358",,Albany,OR,97321-0713,"(541) 928-7699",micro,http://www.deluxebrewing.com
"Depoe Bay Brewing Company / The Horn Public House and Brewery","110 S Hwy 101",,"Depoe Bay",OR,97341,"(541) 764-6886",brewpub,http://www.depoebaybrewing.com
"Deschutes Brewery","901 SW Simpson Ave",,Bend,OR,97702-3118,"(541) 385-8606",regional,http://www.deschutesbrewery.com
"Deschutes Brewery & Public House","1044 NW Bond St",,Bend,OR,97703-2002,"(541) 382-9242",brewpub,http://www.deschutesbrewery.com
"Deschutes Brewery & Public House","210 NW 11th Ave",,Portland,OR,97209-2929,"(503) 296-4906",brewpub,http://www.deschutesbrewery.com
"Dirt Road Brewing",,,Corvallis,OR,97330-3005,"(541) 598-4221",planning,http://dirtroadbrewing.com
"Double Mountain Brewery","8 4th St Ste 204",,"Hood River",OR,97031-2123,"(541) 387-0042",micro,http://www.doublemountainbrewery.com
"Dragon's Gate Brewery","52288 Sunquist Rd",,"Milton Freewater",OR,97862-6856,"(541) 215-2622",micro,http://www.dragonsgatebrewery.com
"Draper Brewing","640 SE Jackson St",,Roseburg,OR,97470,"(541) 580-5585",micro,http://www.draperbrewing.com
"East Fork Brewery","600 N Main St",,Joseph,OR,97846,"(541) 432-1500",brewpub,http://www.eastforkbrewery.com
"Ecliptic Brewing","825 N Cook St",,Portland,OR,97227-1503,"(503) 265-8002",micro,http://www.eclipticbrewing.com
"Elk Horn Brewery","686 E Broadway",,Eugene,OR,97401-3340,"(541) 505-8356",brewpub,http://www.elkhornbrewery.com
"Evasion Brewing - Production Facility","4230 NE Riverside Dr",,McMinnville,OR,97128-8403,"(503) 835-5322",micro,http://www.evasionbrewing.com
"Ex Novo Brewing Co","2326 N Flint Ave",,Portland,OR,97227-1905,"(503) 894-8251",micro,http://www.exnovobrew.com
"Falling Sky Brewing","1334 Oak Aly",,Eugene,OR,97401-3190,"(541) 505-7096",brewpub,http://www.fallingskybrewing.com
"Fearless Brewing Co","326 S Broadway St",,Estacada,OR,97023-7000,"(503) 630-2337",brewpub,http://www.fearless.beer
"Feckin Brewery","415 S McLoughlin Blvd",,"Oregon City",OR,97045-3101,"(503) 880-5608",micro,http://www.fecknbrew.com
"Ferment Brewing Company","403 Portway Ave Suite 100",,"Hood River",OR,97031,"(541) 436-3499",brewpub,http://www.fermentbrewing.com
"Fire On the Mountain Brewing Co","3443 NE 57th Ave",,Portland,OR,97213-3351,"(503) 894-8973",brewpub,http://www.portlandwings.com
"Flat Tail Brewing Co","202 SW 1st St",,Corvallis,OR,97333-4727,"(541) 758-2229",brewpub,http://www.flattailcorvallis.com
"FlyBoy Brewing","15630 Boones Ferry Rd Ste 1A",,"Lake Oswego",OR,97035-3455,"(503) 908-1281",micro,http://www.flyboybeer.com
"Fort George Brewery","1483 Duane St",,Astoria,OR,97103-3819,"(503) 325-7468",regional,http://www.fortgeorgebrewery.com
"Freebridge Brewing","710 E 2nd St Ste 1",,"The Dalles",OR,97058-2400,"(541) 769-1234",brewpub,http://www.freebridgebrewing.com
"Full Sail Brewing Co","506 Columbia St",,"Hood River",OR,97031-2000,"(541) 386-2281",regional,http://www.fullsailbrewing.com
"Funhouse Brews","7717 N Emerald Ave Unit A",,Portland,OR,97217-6111,"(314) 753-2669",micro,http://www.funhousebrews.com
"G Man Brewery / G-Man Sports Bar","18791 SW Martinazzi Ave",,Tualatin,OR,97062-6808,"(503) 310-5159",micro,http://www.hotseatsportsbar.com
"Gateway Brewing, Inc","114 NE 133rd Ave",,Portland,OR,97230-2528,"(503) 975-9103",micro,http://gatewaybrewingpdx.com
"Geist Beerworks","736 SW Umatilla Ave Suite F",,Redmond,OR,97756,"(541) 728-8663",micro,
"Gigantic Brewing Co","5224 SE 26th Ave",,Portland,OR,97202-4627,"(503) 208-3416",micro,http://www.giganticbrewing.com
"Gilgamesh Brewing Co","2065 Madrona Ave SE",,Salem,OR,97302-1010,"(503) 584-1789",micro,http://gilgameshbrewing.com
"Golden Valley Brewery and Pub","980 NE 4th St",,McMinnville,OR,97128-4308,,brewpub,
"GoodLife Brewing Company","70 SW Century Ave 100-464",,Bend,OR,97701,"(541) 728-0749",regional,http://www.goodlifebrewing.com
"Grain Station Brew Works","755 NE Alpine Ave Ste 200",,McMinnville,OR,97128-4102,"(503) 687-2739",brewpub,http://www.grainstation.com
"Great Notion Brewing","2204 NE Alberta St Ste 101",,Portland,OR,97211-5885,"(503) 548-4491",brewpub,http://www.greatnotionpdx.com
"Great Notion Brewing NW","2444 NW 28th Ave",,Portland,OR,97210,"(503) 548-4491",micro,
"Grixsen Brewing Co","1001 SE Division St Ste 1",,Portland,OR,97202-1076,"(971) 347-3100",micro,http://www.grixsen.com
"Ground Breaker Brewing","715 SE Lincoln St",,Portland,OR,97214-4600,"(503) 928-4195",brewpub,http://www.harvesterbrewing.com
"Hair of the Dog Brewing Co","61 SE Yamhill St",,Portland,OR,97214-2134,"(503) 232-6585",brewpub,http://www.hairofthedog.com
"Heater Allen Brewery","907 NE 10th Ave",,McMinnville,OR,97128-4003,"(503) 472-4898",micro,http://www.heaterallen.com
"Hermiston Brewing Co","125 N 1st St",,Hermiston,OR,97838-1850,"(541) 289-7415",brewpub,
"HOB NOB BREWERY","2155 Columbia Blvd",,"Saint Helens",OR,97051,"(503) 396-5029",brewpub,http://www.hobnobbrewhouse.com
"Hondo's Brew and Cork Pub","2703 Marine Dr",,Astoria,OR,97103-2900,"(503) 325-2234",micro,http://www.hondosbrew.net
"Hop Cycle Brewing Company","13965 NW Main St Ste 200",,Banks,OR,97106-9213,"(503) 277-0997",brewpub,http://www.hopcyclebrewing.com
"Hop Valley Brewing Co","990 W 1st Ave",,Eugene,OR,97402-4904,,large,
"Hop Valley Brewing Co","980 Kruse Way",,Springfield,OR,97477-1073,"(541) 744-3330",large,http://www.hopvalleybrewing.com
Hopheads,"150 High St SEE",,Salem,OR,97301,"(971) 301-3101",brewpub,http://www.hopheadsbeer.com
"Hopworks Urban Brewery","2944 SE Powell Blvd",,Portland,OR,97202-2054,"(503) 232-4677",micro,http://www.hopworksbeer.com
"Immersion Brewing","550 SW Industrial Way",,Bend,OR,97702-1084,"(541) 633-7821",brewpub,http://www.imbrewing.com
"JD's Sports Pub and Brewery","690 Redwood Hwy",,"Grants Pass",OR,97527-5582,"(541) 471-0383",brewpub,http://www.jdssportsbarandbrewery.com
"Kaiser Brewing Company, LLC","1607 Hawthorne St",,"Forest Grove",OR,97116-2537,"(503) 412-9628",micro,http://www.kaiserbrewingco.com
"Kells Brewery","210 NW 21st Ave",,Portland,OR,97209-1004,"(503) 719-7175",brewpub,http://kellsbrewpub.com
"Klamath Basin Brewing Co","1320 Main St",,"Klamath Falls",OR,97601-5914,"(541) 273-5222",brewpub,http://www.kbbrewing.com
"Kobold Brewing","245 SW 6th St",,Redmond,OR,97756-2108,"(541) 678-3884",micro,http://www.koboldbrewing.com
"Krauski's Brewskis / The Hoppy Brewer","328 N Main Ave",,Gresham,OR,97030-7210,"(503) 328-8474",micro,http://www.oregonshoppyplace.com
LABrewatory,"670 N Russell St",,Portland,OR,97227-1728,"(971) 271-8151",micro,http://www.thelabrewatory.com
"Laurelwood Public House & Brewery - SE Portland","6716 SE Milwaukie Ave",,Portland,OR,97202-5618,"(503) 943-6157",brewpub,
"Laurelwood Public House and Brewery - NE","5115 NE Sandy Blvd",,Portland,OR,97213-2525,"(503) 282-0622",micro,http://laurelwoodbrewingco.com
"Leikam Brewing",,"Portland, OR",,,,"(503) 230-9636",micro,http://www.leikambrewing.com
"Level Beer","5211 NE 148th Ave",,Portland,OR,97230-3434,"(503) 714-1222",micro,http://www.levelbeer.com
"Little Beast Brewing","11517 SE Hwy 212",,Clackamas,OR,97015,"(503) 329-5107",micro,http://www.littlebeastbrewing.com/
"Logsdon Farmhouse Ales","4785 Booth Hill Rd",,"Hood River",OR,97031,"(312) 259-4755",micro,http://www.farmhousebeer.com
"Lompoc Brewing, LLC/ The 5th Quadrant","3901 N Williams Ave Ste B",,Portland,OR,97227-1465,"(503) 288-3996",brewpub,http://www.newoldlompoc.com/5thquadranthome.html
"Long Brewing LLC",,,Newberg,OR,97132-7217,"(503) 349-8341",micro,http://www.longbrewing.com
"Long Timber Brewing Co",,,Monroe,OR,97456,"(541) 847-5705",planning,
"Look Long Brewing Company","6550 N Interstate Ave",,Portland,OR,97217-4836,"(503) 286-0343",micro,http://www.looklongbrewingcompany.com
"Lookingglass Brewery","192 SE Main St",,Winston,OR,97496,"(541) 378-8565",micro,http://www.lookingglassbrewery.com
"Lucky Labrador Beer Hall","1945 NW Quimby St",,Portland,OR,97209-1712,"(503) 517-4352",brewpub,http://www.luckylab.com
"Lucky Labrador Brewpub","915 SE Hawthorne Blvd",,Portland,OR,97214-3545,"(503) 236-3555",micro,http://www.luckylab.com
"Madcow Brewing Co.","206 SE 166th Ave",,Portland,OR,97233-4202,,micro,http://www.madcowbrewing.com
"Manifest Beer Company","740 Willamette St",,Eugene,OR,97401-2934,"(541) 206-7232",micro,http://www.manifestbeer.com
"Max's Fanno Creek Brew Pub","12562 SW Main St",,Tigard,OR,97223-6195,"(503) 624-9400",brewpub,http://www.maxsfannocreek.com
"Mazama Brewing Co","33930 SE Eastgate Cir Unit A",,Corvallis,OR,97333-2272,1-(541)-230-1810,micro,http://www.mazamabrewing.com
"McKenzie Brewing Company","199 E 5th Ave",,Eugene,OR,97401-8715,"(541) 686-2739",brewpub,http://www.steelheadbrewery.com
"McMenamins - Cedar Hills","2885 SW Cedar Hills Blvd",,Beaverton,OR,97005-1343,"(503) 641-0151",brewpub,
"McMenamins Breweries","430 N Killingsworth St",,Portland,OR,97217-2441,"(503) 223-0109",micro,http://www.mcmenamins.com
"McMenamins Concordia Brewery at Kennedy School","5736 NE 33rd Ave",,Portland,OR,97211-7302,"(503) 288-1937",brewpub,http://www.mcmenamins.com
"McMenamins Cornelius Pass Roadhouse","4045 NE Cornelius Pass Rd",,Hillsboro,OR,97124-9367,"(503) 640-6174",brewpub,http://www.mcmenamins.com
"McMenamins Crystal Ballroom Brewery","1332 W Burnside St",,Portland,OR,97209-2612,"(503) 778-5625",brewpub,http://www.mcmenamins.com
"McMenamins Edgefield Brewery","2126 SW Halsey St",,Troutdale,OR,97060-1026,"(503) 667-4352",micro,http://www.mcmenamins.com
"McMenamins Fulton Pub and Brewery","0618 SW Nebraska St",,Portland,OR,97239-3556,"(503) 246-4363",micro,http://www.mcmenamins.com
"McMenamins High Street Brewery","1243 High St",,Eugene,OR,97401-3207,"(541) 345-4913",brewpub,http://www.mcmenamins.com
"McMenamins Highland Pub and Brewery","4225 SE 182nd Ave",,Gresham,OR,97030-5082,"(503) 665-3015",brewpub,http://www.mcmenamins.com
"McMenamins Hillsdale Brewery and Public House","1505 SW Sunset Blvd",,Portland,OR,97239-2625,"(503) 293-1753",micro,http://www.mcmenamins.com
"McMenamins John Barleycorns","14610 SW Sequoia Pkwy",,Tigard,OR,97224-7185,"(503) 684-6253",brewpub,http://www.mcmenamins.com
"McMenamins Lighthouse Brewery","4157 NW Highway 101 Ste 117",,"Lincoln City",OR,97367-5050,"(541) 994-9628",brewpub,http://www.mcmenamins.com
"McMenamins Murray & Allen","6179 SW Murray Blvd",,Beaverton,OR,97008-4421,"(503) 526-9618",brewpub,http://www.mcmenamins.com
"McMenamins Oak Hills Brewery","14740 NW Cornell Rd Ste 80",,Portland,OR,97229-5400,"(503) 645-0117",micro,http://www.mcmenamins.com
"McMenamins Old Church Brewery","30340 SW Boones Ferry Rd",,Wilsonville,OR,97070-,"(503) 427-2505",brewpub,http://www.mcmenamins.com/wilsonville
"McMenamins Old St. Francis School","700 NW Bond St",,Bend,OR,97703-2702,"(541) 382-5174",brewpub,http://www.mcmenamins.com
"McMenamins on Monroe","2001 NW Monroe Ave Ste 106",,Corvallis,OR,97330-5567,"(541) 758-0880",brewpub,
"McMenamins Roseburg Station Brewery","700 SE Sheridan St",,Roseburg,OR,97470-3470,"(541) 672-1934",micro,http://www.mcmenamins.com
"McMenamins Thompson Brewery","3575 Liberty Rd S",,Salem,OR,97302-5621,"(503) 371-2945",micro,http://www.mcmenamins.com
"McMenamins West Linn Brewery","2090 8th Ave",,"West Linn",OR,97068-4612,"(503) 656-2935",micro,http://www.mcmenamins.com
"Mia and Pias Pizzeria/Brewhouse","3545 Summers Ln",,"Klamath Falls",OR,97603-7411,"(541) 884-4880",brewpub,
"Migration Brewing Co","2828 NE Gilsan St",,Portland,OR,97232,"(503) 206-5221",brewpub,http://www.migrationbrewing.com
"Migration Brewing Co","18188 NE Wilkes Rd",,Portland,OR,97230-6907,,micro,
"Misty Mountain Brewery","625 Chetco Ave, Suite 120",,Brookings,OR,97415,"(541) 813-2599",brewpub,
"Modern Times - The Belmont Fermentorium","630 SE Belmont St",,Portland,OR,97214-2372,,brewpub,
"Monkless Belgian Ales","20750 High Desert Ln Suite 107",,Bend,OR,97701,"(541) 610-5492",micro,http://www.monkless.com
"Montavilla Brew Works","7805 SE Stark St",,Portland,OR,97215-2339,"(503) 954-3440",micro,http://www.montavillabrew.com
"Moonshrimp Brewing","8428 SW 22nd Ave",,Portland,OR,97219-2856,"(503) 970-2234",micro,http://www.moonshrimpbrewing.com
"Mount Hood Brewing Co","87304 E Government Camp Loop",,"Government Camp",OR,97028,"(503) 272-3272",brewpub,http://www.mthoodbrewing.com
"Mountain View Brewing","161 Mountain View Pl",,"Grants Pass",OR,97527-4607,"(541) 441-0314",micro,
"Mt Tabor Brewing Co","124 SE 11th Ave",,Portland,OR,97214-1354,"(360) 567-8199",micro,http://www.mttaborbrewing.com
"Mystic Roots Brewing",,,Terrebonne,OR,97760-9709,"(559) 860-9998",micro,http://www.mysticrootsbrewing.com
"Natian Brewery","1321 NE Couch St",,Portland,OR,97232-3007,"(971) 678-7116",micro,http://www.natianbrewery.com
"Ninkasi Brewing Co","155 Blair Blvd",,Eugene,OR,97402-4146,"(541) 344-2739",regional,http://www.ninkasibrewing.com
"North Forty Beer Company","435 SE Jackson St",,Roseburg,OR,97470-4945,"(541) 321-6636",micro,http://www.northfortybeer.com
"Oakshire Brewing","1055 Madera St",,Eugene,OR,97402-2019,"(541) 688-4555",micro,http://www.oakbrew.com
"Oblivion Brewing Co","63027 Plateau Dr Ste 4",,Bend,OR,97701-3855,"(541) 728-3509",micro,http://www.oblivionbrewingco.com
"Occidental Brewing","6635 N Baltimore Ave Ste 100",,Portland,OR,97203-5465,"(503) 719-7102",micro,http://www.occidentalbrewing.com
"Ochoco Brewing Co","380 N Main St",,Prineville,OR,97754-1852,"(541) 233-0883",micro,http://www.ochocobrewing.com
"Old 99 Brewing Co","3750 Hooker Rd Ste A",,Roseburg,OR,97470-4501,"(541) 784-8012",micro,http://www.old99brewing.com
"Old Market Pub and Brewery","6959 SW Multnomah Blvd",,Portland,OR,97223-3439,"(503) 244-0450",brewpub,http://www.drinkbeerhere.com
"Old Town Brewing","5201 NE M L King Blvd",,Portland,OR,97211-3235,"(503) 200-5988",brewpub,http://www.otbrewing.com
"Opposition Brewing Company","545 Rossanley Dr Ste 106",,Medford,OR,97501-1771,"(541) 210-8550",micro,http://www.oppositionbrewing.com
"Ordnance Brewing","405 NE Olson Rd",,Boardman,OR,97818-,"(541) 314-8568",micro,http://www.ordnancebrewing.com
"Ordnance Brewing Taproom","9740 SW Wilsonville Rd Ste 200",,Wilsonville,OR,97070,"(971) 224-5891",brewpub,
"Oregon City Brewing Company","1401 Washington St",,"Oregon City",OR,97045-1650,"(503) 908-1948",brewpub,http://www.ocbeerco.com
"Oregon Trail Brewery","341 SW 2nd St",,Corvallis,OR,97333-4640,"(541) 758-3527",micro,http://www.oregontrailbrewery.com
"Osmo's Alehouse","522 S Central Ave",,Medford,OR,97501-7246,"(541) 842-0557",micro,
"Pelican Brewing Company","33180 Cape Kiwanda Dr",,"Pacific City",OR,97135-8012,"(503) 965-7007",regional,http://www.pelicanbrewery.com
"Pelican Brewing Company - Cannon Beach","1371 S Hemlock St",,"Cannon Beach",OR,97110-3055,"(503) 908-3377",brewpub,
"Pelican Brewing Company - Tillamook","1708 1st St",,Tillamook,OR,97141-2104,"(503) 965-7007",micro,
"PFriem Family Brewers","707 Portway Ave Ste 101",,"Hood River",OR,97031-1218,"(541) 321-0490",regional,http://www.pfriembeer.com
"Plank Town Brewing","346 Main St",,Springfield,OR,97477-5362,"(458) 201-7039",micro,http://planktownbrewing.com
"Pono Brewing Company","5716 SE 92nd Ave",,Portland,OR,97266-4659,"(503) 432-8400",contract,http://www.ponobrewing.com
"Portal Brewing Co","100 E 6th St",,Medford,OR,97501-5902,"(541) 941-0240",brewpub,http://www.portalbrewingco.com
"Porter Brewing Co.","611 NE Jackpine Ct Ste 2",,Redmond,OR,97701,"(541) 504-7959",micro,http://www.porterbrewingco.com
"Portland Brewing/North American Breweries","2730 NW 31st Ave",,Portland,OR,97210-1718,"(503) 226-7623",regional,http://www.portlandbrewing.com
"Portland U-Brew & Pub","6237 SE Milwaukie Ave",,Portland,OR,97202-,"(503) 943-2727",brewpub,http://www.portlandubrewandpub.com
"Prodigal Son Brewery and Pub, The","230 SE Court Ave",,Pendleton,OR,97801-2349,"(541) 276-6090",brewpub,http://www.prodigalsonbrewery.com
"Public Coast Brewing","264 E 3rd Ave",,"Cannon Beach",OR,97110-2008,"(503) 436-0285",micro,http://www.publiccoastbrewing.com
"RAM Restaurant and Brewery - Clackamas","9073 SE Sunnyside Rd",,Clackamas,OR,97015-9759,"(503) 659-1282",brewpub,
"RAM Restaurant and Brewery - Medford","165 Rossanley Dr",,Medford,OR,97501-1777,"(458) 225-9816",brewpub,
"RAM Restaurant and Brewery - Salem","515 12th St SE",,Salem,OR,97301-4034,"(503) 363-1904",brewpub,http://www.theram.com
"Ratchet Brewery","2701 22nd St SE",,Salem,OR,97302-1553,"(503) 580-9864",brewpub,
"Reach Break Brewing","1343 Duane St",,Astoria,OR,97103-3917,"(503) 468-0743",micro,
"Ridgewalker Brewing","1921 21st Ave",,"Forest Grove",OR,97116-1637,"(503) 867-1634",brewpub,
"RiverBend Brewing Company","2600 NE Division St. Suite 101",,Bend,OR,97703-3544,"(541) 550-7550",micro,http://www.riverbendbrewing.com
"Rock Bottom Brewery - Portland","206 SW Morrison St",,Portland,OR,97204-3107,"(503) 796-2739",brewpub,http://www.rockbottom.com
"Rogue Ales Brewery","2320 SE Osu Dr",,Newport,OR,97365-5261,"(503) 241-3800",regional,http://rogue.com
"Rogue East Side Pub & Pilot Brewery","909 SE Yamhill St",,Portland,OR,97214-2533,"(503) 241-3800",micro,http://www.buckmanbrewing.com
"Rosenstadt Brewery LLC","4110 SE Hawthorne Blvd # 735",,Portland,OR,97214-5246,,contract,http://www.rosenstadtbrewery.com
"Royale Brewing Company","55 NE Farragut St Ste 6",,Portland,OR,97211-2245,"(971) 279-5587",micro,http://www.royalebeer.com
"Running Dogs Brewery","291 S 1st St",,"Saint Helens",OR,97051-2003,"(503) 397-1103",brewpub,http://www.runningdogsbrewery.com
"Ruse Brewing, LLC.","4784 SE 17th Ave",,Portland,OR,97202,"(503) 662-8325",proprietor,http://www.rusebrewing.com
"Rusty Truck Brewing Company","4649 SW Highway 101",,"Lincoln City",OR,97367-1557,"(541) 994-7729",brewpub,http://www.rustytruckbrewing.com
"Salem Ale Works","2315 25th St SE",,Salem,OR,97302-1145,"(503) 990-8486",brewpub,http://www.aleinsalem.com
"Sam Bond's Brewing Co","540 E 8th Ave",,Eugene,OR,97401-3344,"(541) 246-8162",brewpub,http://www.sambondsbrewing.com
"Santiam Brewing Co","2544 19th St SE",,Salem,OR,97302-1501,"(503) 507-5257",micro,http://www.santiambrewing.com
"Sasquatch Brewing Co.","2531 NW 30th Ave",,Portland,OR,97210-2015,"(503) 841-5687",micro,http://www.sasquatchbrewery.com
"Sasquatch Pub","6440 SW Capitol Hwy.",,Portland,OR,97239,"(503) 841-5687",brewpub,
"Scout Beer","1516 SE 10th Ave",,Portland,OR,97214-3585,"(503) 206-4735",micro,http://www.scoutpdx.com
"Seaside Brewery","851 Broadway St",,Seaside,OR,97138-6823,"(503) 717-5451",brewpub,http://www.seasidebrewery.com
"Second Profession Brewing Company","5846 NE Sandy Blvd",,Portland,OR,97213-3436,"(503) 288-5882",brewpub,http://www.secondprofessionbrewing.com
"Sedition Brewing Co","208 Laughlin St",,"The Dalles",OR,97058-2424,"(541) 296-2337",brewpub,http://www.seditionbrewing.com
"Seven Brides Brewery","990 North First Street",,Silverton,OR,97381,"(503) 874-4677",micro,http://www.sevenbridesbrewing.com
"Shade Tree Brewing",,,Bend,OR,97702,"(541) 383-3730",micro,http://www.shadetreebrewing.com
"Shattered Oak Brewing","13851 Beavercreek Rd Ste C104",,"Oregon City",OR,97045,"(971) 227-6785",micro,http://www.shattered-oak.com
"Side A Brewing","1219 Washington Ave",,"La Grande",OR,97850-2535,"(541) 605-0163",brewpub,http://www.sideabeer.com
"Silver Falls Brewery","207 Jersey St",,Silverton,OR,97381,"(503) 873-3022",micro,http://www.silverfallsbrewery.com
"Silver Moon Brewing","24 NW Greenwood Ave",,Bend,OR,97703-2027,"(541) 388-8331",micro,
"Silver Moon Brewing","2095 SW Badger Ave",,Redmond,OR,97756-8164,"(541) 388-8331",micro,http://www.silvermoonbrewing.com
"Siuslaw Brewing","16558 Alsea Hwy",,Alsea,OR,97324-9624,"(541) 740-1606",micro,
"Sky High Brewing","160 NW Jackson Ave",,Corvallis,OR,97330-4827,"(541) 207-3277",brewpub,http://www.skyhighbrewing.com
"Smith Rock Brewing","546 NW 7th St",,Redmond,OR,97756-1628,"(541) 279-7005",brewpub,http://www.smithrockbrewing.com
"Smockville Brewhouse","22793 SW Pine St",,Sherwood,OR,97140-9303,"(503) 610-1506",brewpub,http://www.smockvillebrewhouse.com
"Solera Brewery","4945 Baseline Dr",,"Mount Hood Parkdale",OR,97041-,"(541) 352-5500",micro,http://www.solerabrewery.com
"Solvana Brewing","2568 SW Orchard Ct",,Gresham,OR,97080-9532,"(503) 310-8113",micro,http://www.solvanabrewing.com
"Splintercat Brewing",,,Tenmile,OR,97481,"(619) 321-7116",planning,
"Standing Stone Brewing Co","101 Oak St",,Ashland,OR,97520-1802,"(541) 482-2448",micro,http://www.standingstonebrewing.com
"Steens Mountain Brewing Company","353 W Monroe St",,Burns,OR,97720,"(541) 589-1159",micro,
"Stickmen Brewery","40 N State St",,"Lake Oswego",OR,97034-3926,,brewpub,
"Stickmen Brewing Company - Tualatin Beer Hall","19475 SW 118th Ave Ste 1",,Tualatin,OR,97062,"(503) 486-7196",brewpub,
"StormBreaker Brewing","832 N Beech St",,Portland,OR,97227-1215,,brewpub,
"StormBreaker Brewing St. Johns","8409 N Lombard St",,Portland,OR,97203,"(971) 255-1481",brewpub,http://www.stormbreakerbrewing.com
"Sunriver Brewing","56840 Venture Ln",,Sunriver,OR,97707-2100,"(541) 306-5188",micro,http://www.sunriverbrewingcompany.com
"Super Brewing Company LLC",,,"Wood Village",OR,97060,"(503) 719-3435",planning,http://www.superbrewing.co
"Tandem Brewing Co","17 SE 3rd Ave",,Ontario,OR,97914-2803,"(208) 741-6774",brewpub,http://www.tandembrewing.com
"Terminal Gravity Brewing Co","803 SE School St",,Enterprise,OR,97828-1674,"(541) 426-0158",micro,http://www.terminalgravitybrewing.com
"The Ale Apothecary","30 SW Century Drive Suite 140",,Bend,OR,97702,"(541) 408-1525",micro,http://www.thealeapothecary.com
"The Viking Braggot Company","520 Commercial St Unit F",,Eugene,OR,97402-5347,"(541) 653-8371",micro,http://www.drinkviking.com
"The Wheel Apizza Pub","390 Lincoln St Ste 101",,Eugene,OR,97401,"(541) 735-3860",brewpub,http://www.thewheelapizzapub.com
"Three Creeks Brewing Co","721 Desperado Ct",,Sisters,OR,97759-9514,"(541) 549-1963",micro,http://www.threecreeksbrewing.com
"Three Creeks Production","265 E. Barclay Dr.",,Sisters,OR,97759-9514,"(541) 549-1963",micro,
"Three Mugs Brewing Company","2020 NE Aloclek Dr Ste 108",,Hillsboro,OR,97124-8053,"(971) 322-0232",micro,http://threemugsbrewing.com
"Threshold Brewing & Blending","403 SE 79th Ave",,Portland,OR,97215,"(503) 477-8789",micro,http://www.threshold.beer
"Thunder Island Brewing","515 NW Portage Rd",,"Cascade Locks",OR,97014-6699,"(971) 231-4599",micro,http://www.thunderislandbrewing.com
"Tiger Town Brewing Company","108 W Main St",,Mitchell,OR,97750,"(541) 462-3663",brewpub,http://www.tigertownbrewing.com
"Tiny Wolf Brewing","18435 SW Pacific Hwy",,Tualatin,OR,97062-7292,,micro,http://www.tinywolfbrewing.com
"Two-Shy Brewing","1308 NW Park St Ste 100",,Roseburg,OR,97470-2058,"(541) 236-2055",micro,http://www.twoshybrewing.com
"Upright Brewing Co","240 N Broadway Ste 2",,Portland,OR,97227-1880,,micro,http://www.uprightbrewing.com
"Uptown Market Brewing","6620 SW Scholls Ferry Rd",,Portland,OR,97223-7166,"(503) 336-4783",micro,http://www.uptownmarketpdx.com
"Vagabond Brewing","2195 Hyacinth St NE Ste 172",,Salem,OR,97301-3118,"(503) 512-9007",brewpub,http://www.vagabondbrewing.com
"Vanguard Brewing Company","27501 SW 95th Ave Ste 945",,Wilsonville,OR,97070-5705,"(503) 929-3774",micro,http://www.vanguardbrewing.com
"Vanport Brewing Company",,,Portland,OR,97211-2907,"(503) 267-0219",planning,
"Vertigo Brewing","21420 NW Nicholas Ct Ste D-7",,Hillsboro,OR,97124-6633,"(503) 645-6644",micro,http://www.vertigobrew.com
"Vice Brewing Company","220 SW H St Unit A",,"Grants Pass",OR,97526,"(541) 916-9060",micro,
"Von Ebert Brewing","14021 NE Glisan St",,Portland,OR,97230,,brewpub,
"Von Ebert Brewing","131 NW 13th Ave",,Portland,OR,97209-4110,"(503) 820-7721",brewpub,http://vonebertbrewing.com
"Walkabout Brewing Co","921 Mason Way",,Medford,OR,97501,"(541) 734-4677",micro,
"Waltz Brewing","1900 A St",,"Forest Grove",OR,97116-2303,"(503) 896-6057",micro,http://www.waltzbrewing.com
"Wayfinder Beer","304 SE 2nd Ave",,Portland,OR,97214-1008,"(503) 718-2337",brewpub,http://www.wayfinder.beer
"Werner Brewing Company","2807 3rd St",,Tillamook,OR,97141,"(503) 812-6040",micro,
"West Coast Grocery Company","1403 SE Stark St",,Portland,OR,97214-1439,"(253) 514-0315",brewpub,http://www.westcoastgrocerycompany.com
"Wet Dog Cafe & Brewery","990 Astor St",,Astoria,OR,97103-4201,"(503) 325-6975",brewpub,http://www.wetdogcafe.com
"What'cha Brewing","88274 Rhododendron Dr",,Florence,OR,97439,"(541) 997-3815",brewpub,
"Wild Ride Brewing","332 SW 5th St",,Redmond,OR,97756-2103,"(541) 516-8544",micro,http://www.wildridebrew.com
"Wild River Brewing and Pizza Co","249 N Redwood Hwy",,"Cave Junction",OR,97523-9023,"(541) 471-7487",brewpub,http://www.wildriverbrewing.com
"Wild River Brewing and Pizza Co - Grants Pass","595 NE E St",,"Grants Pass",OR,97526-2356,"(541) 471-7487",brewpub,http://www.wildriverbrewing.com
"Wizards of Williams Hops Garden and Craft Brewery",,,Williams,OR,97544,"(541) 415-6191",planning,
"Wm Roesch Brewing Company","250 SE 3rd St",,Pendleton,OR,97801-2503,"(541) 377-3511",micro,
"Wolf Tree Brewery","199 N Wolkau Rd",,"Seal Rock",OR,97376-9526,"(541) 961-2022",micro,http://www.wolftreebrewery.com
"Wolves & People Farmhouse Brewery","30203 NE Benjamin Rd",,Newberg,OR,97132-6910,"(503) 487-6873",micro,http://www.wolvesandpeople.com
"Worthy Brewing Company","495 NE Bellevue Dr",,Bend,OR,97701-7412,"(541) 639-4772",micro,http://www.worthybrewing.com
"Xicha Brewing Co.","576 Patterson Street NW, Suite 140",,Salem,OR,97304,"(503) 990-8292",brewpub,https://www.xichabrewing.com
"Yachats Brewing","PO Box 308",,Yachats,OR,97498-0308,,brewpub,
"Zoiglhaus Brewing Company","5716 SE 92nd Ave",,Portland,OR,97266-4659,"(971) 339-2374",brewpub,http://www.zoiglhaus.com
