name,address1,address2,city,state,zip,phone,type,url
"105 West Brewing Co",,,"Castle Rock",CO,80109-1585,,planning,
"12Degree Brewing","820 Main St",,Louisville,CO,80027-1865,"(720) 638-1623",brewpub,http://www.twelvedegree.com
"1933 Brewing Co","4025 S Mason St",,"Fort Collins",CO,80525-5953,"(970) 377-4107",micro,http://www.1933brewing.com
"3 Freaks Brewing Co","7140 E County Line Rd",,"Highlands Ranch",CO,80126-3926,"(720) 299-0994",micro,http://www.3freaksbrewery.com
"300 Suns Brewing Company","335 1st Ave Unit C",,Longmont,CO,80501-5958,,micro,http://www.300sunsbrewing.com
"303 Brewing Company",,,Denver,CO,80220-8896,"(303) 720-7550",planning,http://www.303brewingcompany.com
"38 State Brewing","8071 S Broadway Ste A",,Littleton,CO,80122-2730,"(720) 638-3678",micro,http://www.38statebrew.com
"4 Noses Brewing Company","8855 W 116TH CIRCLE - SUITE 4",,"BROOMFIELD ",CO,80021,"(720) 460-2797",micro,http://www.4nosesbrewing.com
"53 Peaks Brewing","1710 S Broadway",,Denver,CO,80210-3102,,contract,http://www.53peaksbrewing.com
"7 Hermits Brewing Company","717 Sylvan Lake Rd #B-1",,Eagle,CO,81631,"(970) 328-6220",brewpub,http://www.7hermitsbrewing.com
"AC Golden Brewing Company","PO Box 4030",,Golden,CO,80402-4030,"(303) 292-3926",large,http://www.acgolden.com
"Acidulous Brewing Company",,,Littleton,CO,80128-4046,"(303) 995-2895",planning,
"Alpine Dog Brewing Co","1505 Ogden St",,Denver,CO,80218-1405,"(720) 214-5170",micro,http://www.alpinedogbrewery.com
"Amicas Pizza & Microbrewery","136 E 2nd St",,Salida,CO,81201-2115,"(719) 539-5219",brewpub,http://www.amicassalida.com
"Angry James Brewing Co",,,Frisco,CO,80443,,planning,
"Anheuser-Busch Inc - Fort Collins","2351 Busch Dr",,"Fort Collins",CO,80524-9400,"(970) 490-4500",large,
"Animas Brewing Co","1560 E 2nd Ave",,Durango,CO,81301-5186,"(970) 403-8850",brewpub,http://www.animasbrewing.com
"Asher Brewing Co","4699 Nautilus Ct S Ste 104",,Boulder,CO,80301-5306,"(303) 530-1381",micro,http://www.asherbrewing.com
"Aspen Brewing Company","404 Aspen Airport Business Ctr",,Aspen,CO,81611-3530,"(970) 920-2739",micro,http://www.aspenbrewingcompany.com
"Avalanche Brewing Co","PO Box 377 1067 Blair St",,Silverton,CO,81433-0377,"(970) 387-5282",brewpub,http://www.avalanchebrewing.com
"Avery Brewing Co","4910 Nautilus Ct",,Boulder,CO,80301-3242,,regional,
"Backcountry Brewery","PO Box 2910",,Frisco,CO,80443-2910,"(970) 668-2337",brewpub,http://www.backcountrybrewery.com
"Baere Brewing Company","320 Broadway Ste E",,Denver,CO,80203-3955,"(970) 901-4810",micro,http://www.baerebrewing.com
"Barnett and Son Brewing Company","18425 Pony Express Dr",,Parker,CO,80134-9605,,micro,http://www.barnettandsonbrewing.com
"Barrels & Bottles Brewery","600 12th St Ste 180",,Golden,CO,80401-6145,"(720) 328-3643",brewpub,http://www.barrelsbottles.com
"Beer By Design Brewery","2100 E 112th Ave #1",,Northglenn,CO,80233-2200,"(303) 517-2202",micro,http://www.beerbydesign.com
"Berthoud Brewing Company","450 S 8th St Unit B",,Berthoud,CO,80513,"(970) 670-0744",micro,http://www.berthoudbrewing.com
"Beryl's Beer Co","3120-C Blake St",,Denver,CO,80205-2307,"(303) 725-9049",micro,http://www.berylsbeerco.com/
"Bierstadt Lagerhaus",,,Denver,CO,80205-2210,,planning,
BierWerks,"121 E. Midland Ave",,"Woodland Park",CO,80863,"(719) 686-8100",brewpub,http://www.bierwerks.com
"Big Beaver Brewing Co","2707 W Eisenhower Blvd Ste 9",,Loveland,CO,80537-3141,"(970) 818-6064",micro,http://www.bigbeaverbrew.com
"Big Choice Brewing Co","7270 W 118th Pl Unit A",,Broomfield,CO,80020-6906,"(303) 469-2616",micro,http://www.bigchoicebrewing.com
"Big Thompson Brewery","114 E 15th St",,Loveland,CO,80538-3832,,micro,
"BJs Restaurant & Brewery - Boulder","1690 28th St",,Boulder,CO,80301-1002,"(303) 440-5200",brewpub,http://www.bjsrestaurants.com
"Black Bottle Brewery","1611 S College Ave Ste 1605& # 1609",,"Fort Collins",CO,80525-1074,"(970) 493-2337",brewpub,http://www.blackbottlebrewery.com
"Black Cat Brewing",,,Boulder,CO,80306-0452,,planning,http://www.blackcatbrewing.com
"Black Fox Brewing Co","1647 S Tejon St",,"Colorado Springs",CO,80905-2215,"(719) 964-4676",contract,
"Black Shirt Brewing Co","3719 Walnut St",,Denver,CO,80205-2436,"(303) 993-2799",micro,http://www.blackshirtbrewingco.com
"Black Sky Brewery","490 Santa Fe Dr",,Denver,CO,80204-5024,"(970) 215-4536",brewpub,http://www.blackskybrewing.com
"Blue Feesh Brewery LLC.",,"Denver, CO",,,,,planning,
"Blue Moon Brewing Co at the Sandlot","2145 Blake St",,Denver,CO,80205-2010,"(303) 298-1587",large,http://www.millercoors.com
"Blue Skies Brewing, LLC",,"Lafayette, CO",,,,,planning,
"Blue Spruce Brewing","4151 E County Line Rd Unit G",,Centennial,CO,80122-8113,"(303) 771-0590",brewpub,http://www.bluesprucebrewing.com
"Boggy Draw Brewery","3535 S Platte River Drive Unit L",,Sheridan,CO,80110-3307,"(720) 940-0338",micro,http://www.boggydrawbrewing.com
"Bonfire Brewing","PO Box 5276",,Eagle,CO,81631-5276,,micro,
"Bootstrap Brewing Co","6778 N 79th St Unit A",,Niwot,CO,80503-7175,"(303) 652-4186",micro,http://www.bootstrapbrewing.com
"Bottom Shelf Brewery","118 E Mill St",,Bayfield,CO,81122,"(970) 884-2442",brewpub,http://www.bottomshelfbrewing.com
"Boulder Beer Co","2880 Wilderness Pl",,Boulder,CO,80301-5401,"(303) 444-8448",regional,http://www.boulderbeer.com
"Breckenridge Brewery","2920 Brewery Lane",,Littleton,CO,80120,"(303) 623-2739",large,http://www.breckenridgebrewery.com
"Breckenridge Brewery & Pub","PO Box 75 600 S Main St",,Breckenridge,CO,80424-0075,"(970) 453-1550",large,http://www.breckenridgebrewery.com
"Brew Pub and Kitchen","117 W College Dr",,Durango,CO,81301-5407,"(970) 259-5959",brewpub,http://www.brewpubkitchen.com
"Brewery In Planning - Aurora",,,Aurora,CO,80017,,planning,
"Brewery In Planning - Aurora",,,Aurora,CO,80016,,planning,
"Brewery in Planning - boulder",,,"boulder ",CO,80302,,planning,
"Brewery In Planning - Boulder",,,Boulder,CO,80301,,planning,
"Brewery In Planning - Castle Rock",,,"Castle Rock",CO,80109,,planning,
"Brewery In Planning - Castle Rock2",,,"Castle Rock",CO,80108,,planning,
"Brewery In Planning - Centennial",,,Aurora,CO,80015-2207,,planning,
"Brewery In Planning - Cherokee",,,Denver,CO,80204-3666,"(303) 667-7745",planning,
"Brewery In Planning - CO",,"Castle Rock , CO",,,,,planning,
"Brewery In Planning - Colorado Springs",,,"Colorado Springs",CO,80910,,planning,
"Brewery In Planning - Colorado Springs",,,"Colorado Springs",CO,80917-1610,,planning,
"Brewery in Planning - Colorado Springs",,,"Colorado Springs",CO,80906,"(719) 302-6242",planning,
"Brewery in Planning - Commerce City",,,"Commerce City",CO,80022,"(720) 373-1644",planning,
"Brewery in Planning - Commerce City","10070 Richfield St",,"Commerce City",CO,80022,"(303) 386-2082",,
"Brewery In Planning - Denver",,,Denver,CO,80228,,planning,
"Brewery in Planning - Denver",,,Denver,CO,80209,"(719) 229-9210",planning,
"Brewery In Planning - Denver",,,Denver,CO,80211-3944,,planning,
"Brewery in Planning - Denver",,,Denver,CO,80212,,planning,
"Brewery in Planning - Denver",,,Denver,CO,80211,"(303) 667-5822",planning,
"Brewery in Planning - Denver",,,Denver,CO,80209,"(303) 358-2600",planning,
"Brewery In Planning - Denver",,,Denver,CO,80239,,planning,
"Brewery In Planning - Denver",,"Denver, CO",,,,,planning,
"Brewery in Planning - Durango",,,Durango,CO,81301,"(970) 903-9600",planning,
"Brewery In Planning - Englewood",,"Englewood, CO",,,,,planning,
"Brewery In Planning - Evergreen",,,Evergreen,CO,80439,,planning,
"Brewery in Planning - EVERGREEN",,,EVERGREEN,CO,80439,"(303) 674-8380",planning,
"Brewery In Planning - Fort Collins",,,"Fort Collins",CO,80524,,planning,
"Brewery In Planning - Fort Collins",,,"Fort Collins",CO,80526,,planning,
"Brewery In Planning - Fort Collins",,,"Fort Collins",CO,80524,,planning,
"Brewery In Planning - Fort Collins CO",,,"Fort Collins",CO,80526-2779,,planning,
"Brewery in Planning - Fort Morgan",,,"Fort Morgan",CO,80701,"(970) 768-3186",planning,
"Brewery In Planning - Golden",,,Golden,CO,80401-2516,,planning,
"Brewery In Planning - Greely",,,Greeley,CO,80639-0001,,planning,
"Brewery In Planning - Lakewood",,,Denver,CO,80227,,planning,
"Brewery In Planning - Littleton",,"Littleton, CO",,,,,planning,
"Brewery in Planning - Littleton",,,Littleton,CO,80128,"(720) 425-6015",planning,
"Brewery In Planning - Longmont",,,Longmont,CO,80503,,planning,
"Brewery In Planning - Longmont",,,Longmont,CO,80501-6618,,planning,
"Brewery In Planning - Loveland",,,Loveland,CO,80537-3590,,planning,http://www.badhoundbrewery.com
"Brewery in Planning - Loveland",,,Holyoke,CO,80537,,planning,
"Brewery In Planning - Marble CO",,"Marble, CO",,,,,planning,
"Brewery In Planning - South Fork",,,"South Fork",CO,81154,,planning,
"Brewery in Planning - Thornton",,,Thornton,CO,80229,,planning,
"Brewery In Planning - Wellington",,,Wellington,CO,80549,,planning,
"Brewery In Planning - Wheat Ridge, CO.",,,"Wheat Ridge",CO,80033-7444,,planning,
"Brewery In Planning- Berthoud, CO.",,,Berthoud,CO,80513-1357,,planning,
"Brewery In Planning- Boulder, CO.",,,Boulder,CO,80302-5118,,planning,
"Brewery In Planning- Denver, CO.",,"Denver, CO",,,,,planning,
"Brewery In Planning- Pueblo West, CO.",,,Pueblo,CO,81007-2083,,planning,
"Brewery Rickoli","4335 Wadsworth Blvd",,"Wheat Ridge",CO,80033-4621,"(303) 431-6862",micro,http://www.breweryrickoli.com
"Briar Common Brewery",,,Denver,CO,80210-3332,,planning,
"Bristol Brewing Co","1604 S Cascade Ave",,"Colorado Springs",CO,80905-2237,"(719) 633-2555",micro,http://www.bristolbrewing.com
"Brix Taphouse and Brewery","813 8th St",,Greeley,CO,80631-3911,"(970) 397-6146",micro,http://www.brixtaphouseandbrewery.com
"Broken Compass Brewing","68 Continental Ct # B12",,Breckenridge,CO,80424-9100,"(970) 368-2772",micro,http://www.brokencompassbrewing.com
"Broken Plow Brewery","4731 W 10th St Unit G",,Greeley,CO,80634-2046,"(970) 397-8373",micro,http://www.brokenplowbrewery.com
"Broken Spine Brewing",,,Denver,CO,80210-3102,,planning,
"BRU Handbuilt Ales and Eats","5290 Arapahoe Ave",,Boulder,CO,80303-1269,,brewpub,http://www.bruboulder.com
"Brues Alehouse Brewing Company","120 Riverwalk",,Pueblo,CO,81003,,brewpub,http://www.bruesalehouse.com
"Bruz Beers",,,Denver,CO,80221,"(303) 427-2337",planning,http://www.bruzbeers.com
"Buckhorn Brewers LLC","4229 W Eisenhower Blvd",,Loveland,CO,80537-9202,"(970) 980-8688",micro,
"Bull & Bush Brewery","4700 E Cherry Creek South Dr",,Denver,CO,80246-1819,"(303) 759-0333",brewpub,http://www.bullandbush.com
"Butcherknife Brewing Company","2875 Elk River Rd",,"Steamboat Springs",CO,80487-5076,"(970) 879-2337",micro,http://www.butcherknifebrewing.com
"C.B. and Potts/Big Horn Brewery - Broomfield","555 Zang St",,Broomfield,CO,80021-8221,"(720) 887-3383",brewpub,http://www.cbpotts.com
"C.B. and Potts/Big Horn Brewery - Englewood","6575 Greenwood Plaza Blvd",,Englewood,CO,80111-4933,"(303) 770-1982",brewpub,http://www.cbpotts.com
"C.B. and Potts/Big Horn Brewery - Fort Collins","1415 W Elizabeth St",,"Fort Collins",CO,80521-4440,"(970) 221-5954",brewpub,http://www.cbpotts.com
"C.B. and Potts/Big Horn Brewery - Highlands Ranch","43 Centennial Blvd",,"Highlands Ranch",CO,80129-2323,"(720) 344-1200",brewpub,http://www.cbpotts.com
"C.B. and Potts/Big Horn Brewery - Westminster","1257 W 120th Ave",,Westminster,CO,80234-2725,"(303) 451-5767",brewpub,http://www.cbpotts.com
"Call To Arms Brewing Company","4526 Tennyson St",,Denver,CO,80212-2527,,micro,http://www.facebook.com/calltoarmsbrewing
"Cannonball Creek Brewing Co","393 Washington Ave Unit A",,Golden,CO,80403-1889,"(303) 278-0111",micro,http://www.cannonballcreekbrewing.com
"Can't Stop Brewing",,,Denver,CO,80223-1743,"(303) 523-3101",planning,
"Capitoline Brewing Project",,,Boulder,CO,80305,,planning,http://www.capitolinebrewing.com
"Carbondale Beer Works","647 Main St",,Carbondale,CO,81623-1934,,brewpub,http://www.carbondalebeerworks.com
"Carver Brewing Co","1022 Main Ave",,Durango,CO,81301-5124,"(970) 259-2545",brewpub,http://www.carverbrewing.com
"Casey Brewing and Blending","3421 Grand Ave",,"Glenwood Springs",CO,81601-4492,"(970) 230-9691",micro,http://www.caseybrewing.com
"Castle Rock Beer Company","514 N Perry St Ste 106",,"Castle Rock",CO,80104,"(720) 328-9008",micro,http://www.castlerockbeerco.com
"Caution: Brewing Company","1057 S Wadsworth Blvd Ste 60",,Lakewood,CO,80226-4362,"(970) 315-2793",micro,http://www.cautionbrewingco.com
"Caution: Brewing Company","1057 S. Wadsworth Blvd. Suite 60",,Lakewood,CO,80226,,micro,http://www.cautionbrewingco.com
"CB & Potts - Colorado Springs",,,"Colorado Springs",CO,80921,"(253) 588-1788",planning,http://www.cbpotts.com
"Cellar West Artisan Ales",,,Boulder,CO,80302,"(262) 719-8795",planning,http://www.cellarwest.com/
"Cellar West Artisan Ales",,,Boulder,CO,80302,"(262) 719-8795",planning,http://www.cellarwest.com
"Cerberus Brewing Company",,,"Colorado Springs",CO,80916-3144,,planning,
"Cerebral Brewing","1477 Monroe St",,Denver,CO,80206-2708,"(303) 927-7365",micro,http://www.cerebralbrewing.com
"Chain Reaction Brewing Company","902 S Lipan St",,Denver,CO,80223-2717,"(303) 922-0960",micro,http://www.chainreactionbrewingco.com
"ChopHouse and Brewery - Denver","1735 19th St Ste 100",,Denver,CO,80202-6002,"(303) 296-0800",brewpub,http://www.craftworksrestaurants.com
"City Star Brewing","321 Mountain Ave",,Berthoud,CO,80513-9149,"(970) 532-7827",micro,http://www.citystarbrewing.com
"Coal Bank Brewing",,,Silverton,CO,81433-0419,,planning,
CO-Brew,"1133 N Broadway",,Denver,CO,80203-2106,"(720) 485-4959",micro,http://www.cobrewdenver.com
"Cogstone Brewing Co","3858 Villlage Seven Rd",,"Colorado Springs",CO,80917-2801,"(719) 418-6595",brewpub,http://www.cogstonebrewing.com
"Colorado Boy Pizzeria","320 E Main St",,Montrose,CO,81401-3928,"(970) 240-2790",brewpub,http://www.coloradoboy.com
"Colorado Boy Pub & Brewery","602 Clinton St.",,Ridgway,CO,81432-0877,"(970) 626-5333",brewpub,http://www.coloradoboy.com
"Colorado Mountain Brewery","1110 Interquest Parkway",,"Colorado Springs",CO,80921-4182,"(719) 351-9400",micro,http://www.cmbrew.com
"Colorado Mountain Brewery At the Roundhouse","600 S 21st St Unit 180",,"Colorado Springs",CO,80904-3714,"(719) 466-8240",brewpub,http://www.cmbrew.com
"Colorado Plus","6995 W 38th Ave",,"Wheat Ridge",CO,80033-4965,"(720) 353-4853",brewpub,http://www.cplusliquidartworks.com
"Colorado Sky Brewing Co.",,,"Castle Pines",CO,80108-8173,"(303) 818-7465",planning,http://www.coloradoskybrewery.com
"Comrade Brewing Company","7667 E Iliff Ave Ste F",,Denver,CO,80231-5361,"(720) 748-0700",micro,http://www.comradebrewing.com
"CooperSmiths Pub and Brewing","5 Old Town Sq",,"Fort Collins",CO,80524-2446,"(970) 498-0483",brewpub,http://www.coopersmithspub.com
"Copper Club Brewing Co","233 E Aspen Ave",,Fruita,CO,81521-2205,"(970) 858-4700",micro,http://www.copperclubbrew.com
"Copper Kettle Brewing Company","1338 S Valentia St Ste 100",,Denver,CO,80247-2167,"(720) 443-2522",micro,http://www.copperkettledenver.com
"Crabtree Brewing Co","2961 W 29th St",,Greeley,CO,80631-8538,"(970) 356-0516",micro,http://www.crabtreebrewing.com
"Crazy Mountain Brewing Co","439 Edwards Access Road Suite B102",,Edwards,CO,81632,"(970) 926-3009",regional,http://www.crazymountainbrewery.com
"Crazy Mountain Brewing Co",,,Denver,CO,80204-5019,"(970) 926-3009",planning,
"Creede Brewing Company","7314 Washington St",,Denver,CO,80229-6302,"(303) 287-4824",micro,http://www.creedebeer.com
"Crestone Brewing Company",,,Crestone,CO,81131,,planning,
"Crooked Stave Artisan Beer Project","1441 W 46th Ave Unit 17",,Denver,CO,80211-2338,"(720) 508-3292",micro,http://www.crookedstave.com
"Crossover Brewing Company",,,Pueblo,CO,81003,"(719) 671-5661",planning,
"Crow Hop Brewing Co. Ltd.","217 E 3rd St",,Loveland,CO,80537-5632,"(970) 633-0643",micro,http://www.crowhopbrewing.com
"Crystal Springs Brewing Co","657 S Taylor Ave",,Louisville,CO,80027-3063,"(303) 884-5602",micro,http://www.crystalspringsbrewing.com
"Dad & Dudes Breweria","6730 S Cornerstar Way Ste D",,Aurora,CO,80016-1571,"(303) 400-5699",brewpub,http://www.breweria.com
"De Steeg Brewing Co","4342 Tennyson St",,Denver,CO,80212-2308,"(303) 484-9698",micro,http://www.desteegbrewing.com
"Dead Hippie Brewing","3701 S Santa Fe Dr, Unit 7",,Sheridan,CO,80110-3344,"(720) 446-7961",micro,http://www.deadhippiebrewing.com
"Declaration Brewing Company","2030 S. Cherokee St.",,Denver,CO,80223-3917,"(303) 955-7410",brewpub,http://www.declarationbrewing.com
"Deep Draft Brewing Company","1604 E 17th Ave",,Denver,CO,80218-1621,,micro,http://www.deepdraftbrewery.com
"Demon Spawn Ale Works",,,Aurora,CO,80012-2373,,planning,
"Dented Face Brewing Company",,,Denver,CO,80221-3112,,planning,
"Denver Beer Co","4455 Jason St",,Denver,CO,80211-2412,"(720) 295-4781",micro,
"Denver Beer Co","1695 Platte St",,Denver,CO,80202-1123,"(303) 433-2739",micro,http://www.denverbeerco.com
"Diebolt Brewing","3855 Mariposa St",,Denver,CO,80211-2647,"(918) 625-9038",micro,http://www.dieboltbrewing.com
"Dillon Dam Brewery","100 Little Dam Street",,Dillon,CO,80435-4845,"(970) 262-7777",brewpub,http://www.dambrewery.com
"Doc's Brewery",,,"Colorado Springs ",CO,80927,"(813) 787-9367",planning,
"Dodgeton Creek Brewing Co.","36730 Democracy Dr",,Trinidad,CO,81082-9788,"(719) 846-2339",micro,http://www.dodgetoncreek.com
"Dolores River Brewery","100 S 4th St",,Dolores,CO,81323,"(970) 882-4677",brewpub,http://www.doloresriverbrewery.com
"Dostal Alley Brewing Co","PO Box 189",,"Central City",CO,80427-0189,"(303) 582-1610",brewpub,http://www.dostalalley.net
"Dry Dock Brewing Co","15120 E Hampden Ave",,Aurora,CO,80014-3906,"(303) 400-5606",micro,http://www.drydockbrewing.com
"Dry Dock Brewing Co - Production Facility","2801 Tower Rd",,Aurora,CO,80011-3508,"(303) 400-5606",micro,http://www.drydockbrewing.com
"Durango Brewing Co","3000 Main Ave",,Durango,CO,81301-4245,"(970) 247-3396",brewpub,http://www.durangobrewing.com
"DYB Craft Brew Inc.",,,Arvada,CO,80003,,planning,
"Echo Brewing Cask and Barrel","PO Box 794",,Erie,CO,80516-0794,"(720) 361-2332",brewpub,
"Echo Brewing Company","5969 Iris Pkwy",,Frederick,CO,80530,"(720) 340-8201",micro,http://www.echobrewing.com
"Eddyline Brewing LLC","102 Linderman Ave",,"Buena Vista",CO,81211-9184,"(719) 966-6018",micro,http://www.eddylinebrewing.com
"Edgewater Brewery","905 Struthers Ave",,"Grand Junction",CO,81501-3804,"(970) 243-3659",brewpub,http://www.kannahcreekbrewingco.com/edgewater-brewery
"El Rancho Brewing","29260 US Hwy 40",,Evergreen,CO,80439-3700,"(303) 670-2739",brewpub,http://www.elranchobrewing.com
"Eldo Brewery and Taproom","215 Elk Ave PO Box 21",,"Crested Butte",CO,81224-9608,"(970) 349-6125",brewpub,
"Elevation Beer Company","115 Pahlone Parkway",,"Poncha Springs",CO,81242-0310,"(719) 539-5258",micro,http://www.elevationbeerco.com
"Elk Mountain Brewing Co","18921 Plaza Dr Ste 104",,Parker,CO,80134-9679,"(303) 805-2739",micro,http://www.elkmountainbrewing.com
"Epic Brewing Co., LLC","3001 Walnut St",,Denver,CO,80205-2324,"(720) 539-7410",micro,http://www.epicbrewing.com
"Equinox Brewing","133 Remington St",,"Fort Collins",CO,80524-2833,"(970) 484-1368",micro,http://www.equinoxbrewing.com
"Estes Park Brewery","470 Prospect Village Dr",,"Estes Park",CO,80517,"(970) 586-5421",micro,http://www.epbrewery.net
"Evergreen Tap House",,,"Evergreen ",CO,80439,"(303) 736-8419",planning,http://www.evergreentaphouse.com
"Factotum Brewhouse","3845 Lipan St",,Denver,CO,80211-2651,"(303) 303-3003",micro,http://www.factotumbrewhouse.com
"Fat Abbey Brewing Company",,,Delta,CO,81416,,planning,
"FATE Brewing Company","1600 38th St Ste 100",,Boulder,CO,80301-2610,"(303) 449-3283",brewpub,http://www.fatebrewingcompany.com
Fermaentra,"1715 E Evans Ave",,Denver,CO,80210-4601,,micro,http://www.fermaentra.com
"Fiction Beer Company","7101 E Colfax Ave",,Denver,CO,80220-1805,"(720) 456-7163",micro,http://www.fictionbeer.com
"Fieldhouse Brewing","521 S Tejon St",,"Colorado Springs",CO,80903-3928,"(719) 640-6814",micro,
"Finkel & Garf Brewing Co.","5455 Spine Rd",,Boulder,CO,80301-3345,,micro,http://www.finkelandgarf.com
"Floodstage Ale Works","170 S Main St",,Brighton,CO,80601-1611,"(303) 654-7972",brewpub,http://www.floodstagealeworks.com
"Florence Brewing Company",,"Florence, CO",,,,,planning,http://www.florencebrewing.com
"Former Future Brewing Co","1290 S Broadway",,Denver,CO,80210-1504,"(720) 402-5030",micro,http://www.formerfuturebrewingcompany.com
"Fort Collins Brewery & Tavern","1020 E Lincoln Ave",,"Fort Collins",CO,80524-2509,"(970) 472-1499",micro,http://www.fortcollinsbrewery.com
"Fossil Craft Beer Co","2845 Ore Mill Rd Ste 1",,"Colorado Springs",CO,80904-3161,"(719) 375-8298",micro,http://www.fossilbrewing.com
"Front Range Brewing Co.","400 W South Boulder Rd Ste 1650",,Lafayette,CO,80026-2743,"(303) 339-0767",micro,http://www.frontrangebrewingcompany.com
Funkwerks,"1900 E Lincoln Ave Unit B",,"Fort Collins",CO,80524-2789,"(970) 482-3865",micro,http://www.funkwerks.com
"Gemini Beer Company","10210 King St",,Westminster,CO,80031-6738,,micro,
"Giesenbräu Bier Co LLC",,,Denver,CO,80212,"(720) 224-8277",planning,
"Glenwood Canyon Brewing Co","402 7th St",,"Glenwood Springs",CO,81601-3406,"(970) 945-1276",brewpub,http://www.glenwoodcanyon.com
"Goat Patch Brewing Co.",,,"Colorado Springs",CO,80923,,planning,
"Gold Camp Brewing Co","1007 S Tejon St",,"Colorado Springs",CO,80903,"(719) 695-0344",micro,
"Golden Block Brewery","1227 Greene St",,Silverton,CO,81433,"(970) 387-5962",brewpub,
"Golden City Brewery","920 12th St",,Golden,CO,80401-1181,"(303) 279-8092",micro,
"Goldspot Brewing Co","4970 Lowell Blvd",,Denver,CO,80221-1028,"(303) 955-6567",micro,http://www.goldspotbrewing.com
"Good River Beer Company","2346 Williams Street",,Denver,CO,80205-5522,"(970) 319-2888",contract,http://www.goodriverbeer.com
"Gordon Biersch Brewery Restaurant - Broomfield","1 Flatiron Cir Ste 428",,Broomfield,CO,80021-8214,"(720) 887-2991",brewpub,http://www.gordonbiersch.com/restaurant
"Gore Range Brewery","PO Box 2970",,Edwards,CO,81632-2970,"(970) 926-2739",brewpub,http://www.gorerangebrewery.com
"Grand Lake Brewing Co, The","PO Box 62",,"Wheat Ridge",CO,80034-0062,"(303) 908-1677",brewpub,http://www.grandlakebrewing.com
"Grandma's House","1710 S Broadway",,Denver,CO,80210-3102,"(303) 578-6754",micro,http://www.grandmasbeer.com
"Gravity Brewing","1150 Pine St Unit B",,Louisville,CO,80027-1463,"(303) 544-0746",micro,http://www.thegravitybrewing.com
"Great Divide Brewing Co","2201 Arapahoe St",,Denver,CO,80205-2512,"(303) 296-9460",regional,http://www.greatdivide.com
"Great Divide Brewing Co","1812 35th Street",,Denver,CO,80216,"(303) 296-9460",micro,http://greatdivide.com/
"Great Frontier Brewing Company",,,Littleton,CO,80128-3950,"(303) 932-7335",micro,
"Great Storm Brewing Co","204 Mount View Ln Ste 3",,"Colorado Springs",CO,80907-4375,"(719) 266-4200",micro,http://www.greatstormbrewing.com
"Grimm Brothers Brewhouse, LLC","547 Denver Ave",,Loveland,CO,80537-5127,"(970) 624-6045",micro,http://www.grimmbrosbrewhouse.com
"Grist Brewing Company","9150 Commerce Center Circle #300",,"Highlands Ranch",CO,80129-1563,"(720) 360-4782",micro,http://www.gristbrewingcompany.com
"Grossen Bart Brewery","1025 Delaware Ave",,Longmont,CO,80501-6187,"(214) 770-9847",micro,http://www.grossenbart.com
"Guardian Brewing Company",,,Golden,CO,80401,"(812) 521-3611",planning,http://www.guardianbrewingco.com
"Gunbarrel Brewing Company",,,Boulder,CO,80301,,contract,http://www.gunbarrelbrewing.com
"Halfpenny Brewing Company","5150 E. Arapahoe Rd. Unit D1-B",,Littleton,CO,80122-4819,,micro,http://www.halfpennybrewing.com
"Hall Brewing Company","8530 Vinegarroon Rd",,Parker,CO,80138-6717,,micro,http://www.hallbrewingco.com
"Hangar Brewing Company",,,"Fort Garland",CO,81133-9532,,planning,
"Hardihood Brewing Co",,,"Fort Collins",CO,80525-8244,,planning,
"Hideaway Park Brewery","PO Box 1885 78927 US Highway 40",,"Winter Park",CO,80482-1885,"(970) 363-7312",micro,http://www.hideawayparkbrewery.com
"High Alpine Brewing Co","111 N Main St",,Gunnison,CO,81230-2330,"(970) 389-9349",brewpub,
"High Altitude Brewing Co-op",,"Estes Park, CO",,,,,planning,
"High Hops Brewery","6461 State Highway 392",,Windsor,CO,80550-3010,"(970) 686-9771",micro,http://www.highhopsbrewery.com
"Hogshead Brewery","4430 W 29th Ave",,Denver,CO,80212-3015,"(303) 886-9655",micro,http://www.hogsheadbrewery.com
"Holidaily Brewing Co","801 Brickyard Circle Unit B",,Golden,CO,80403-8026,"(303) 278-2337",micro,http://www.holidailybrewing.com
"Horse & Dragon Brewing Company","124 Racquette Dr",,"Fort Collins",CO,80524-2757,"(970) 631-8038",micro,http://www.horseanddragonbrewing.com
"Horsefly Brewing Co","846 E Main St",,Montrose,CO,81401-3938,"(970) 249-6889",brewpub,http://www.horseflybrewing.com
"Idylwilde Brewing",,,Carbondale,CO,81623,"(970) 274-6332",planning,http://idylwildebrewing.com
"Il Vicino Wood Oven Pizza - Co. Springs","11 S Tejon St",,"Colorado Springs",CO,80903-1505,"(719) 475-9224",contract,http://www.ilvicino.com
"Industrial Revolution Brewing Company","285 Cheesman St",,Erie,CO,80516-8464,"(303) 828-1200",micro,
"Intersect Brewing",,,"Ft Collins",CO,80526,"(970) 980-3369",planning,http://www.intersectbrewing.com
"Iron Bird Brewing Co","402 S Nevada Ave",,"Colorado Springs",CO,80903-2110,"(719) 424-7002",micro,http://www.ironbirdbrewing.com
"Ironworks Brewery and Pub","12354 W Alameda Pkwy Ste 110",,Lakewood,CO,80228-2844,"(303) 985-5818",brewpub,
"J Wells Brewery","2516 49th St",,Boulder,CO,80301-2455,"(303) 261-5046",micro,http://jwellsbrewery.com
"J. Fargo's Family Dining & Micro Brewery / Coyote J Brewing Co","1209 E Main St",,Cortez,CO,81321-2910,"(970) 564-0242",brewpub,http://www.jfargos.com
"Jagged Mountain Brewery","1139 20th St",,Denver,CO,80202-1811,"(720) 238-7575",micro,http://www.jaggedmountainbrewery.com
"JAKs Brewing Company","7654 McLaughlin Rd",,Peyton,CO,80831,"(719) 375-1116",micro,http://www.jaksbrewing.com
"Jessup Farm Barrel House","1921 Jessup Drive",,"Fort Collins",CO,80525,"(970) 568-8345",micro,http://jessupfarm.com/barrel-house/
"Joyride Brewing Co","2501 Sheridan Blvd",,Edgewater,CO,80214-1330,"(720) 432-7560",micro,http://www.joyridebrewing.com
"Kannah Creek Brewing Co","1960 N 12th St",,"Grand Junction",CO,81501-2912,"(970) 263-0111",brewpub,http://www.kannahcreekbrewingco.com
"Kannon Brewing",,,Bennett,CO,80102,,planning,
"Kokopelli Beer Co","8931 Harlan St",,Westminster,CO,80031-2931,"(303) 284-0135",brewpub,http://www.kokopellibeerco.com
"Landlocked Ales",,,Lakewood,CO,80227,,planning,http://www.landlockedales.com
"Lariat Lodge Brewing","27618 Fireweed Drive",,Evergreen,CO,80439,"(303) 674-1842",brewpub,http://www.lariatlodgebrewing.com
"Launch Pad Brewery","884 s Buckley rd",,Aurora,CO,80017,"(720) 878-2627",micro,http://www.launchpadbrewery.com
"Left Hand Brewing Company","1265 Boston Ave",,Longmont,CO,80501-5809,"(303) 772-0258",regional,http://www.lefthandbrewing.com
"Liquid Mechanics Brewing Company","297 N US Highway 287",,Lafayette,CO,80026-8932,"(720) 550-7813",micro,http://www.liquidmechanicsbrewing.com
"Little Machine Beer","2924 W 20th Ave",,Denver,CO,80211-4622,,micro,http://www.littlemachinebeer.com
"Living the Dream Brewing Co.","12305 Dumont Way Unit A",,Littleton,CO,80125-9788,"(775) 813-8703",proprietor,http://www.livingthedreambrewing.com
"Locavore Beer Works","5950 S Platte Canyon Rd",,Littleton,CO,80123-7500,"(720) 476-4419",micro,http://www.locavorebeerworks.com
"Lofty Brewing Company","2935 N Prospect St Ste 108",,"Colorado Springs",CO,80907-6373,"(970) 988-3256",micro,http://www.loftbrewingcompany.com
"Lone Barrel Brewing",,,Erie,CO,80516,,planning,
"Lone Tree Brewing Co","8200 Park Meadows Dr Ste 8222",,"Lone Tree",CO,80124-2746,"(303) 792-5822",micro,http://www.lonetreebrewingco.com
"Lost Highway Brewing","520 E Colfax Ave",,Denver,CO,80203-2018,"(303) 861-0347",micro,http://www.losthighwaybrewing.com
"Loveland Ale Works","118 W 4th St",,Loveland,CO,80537-5523,"(970) 405-7465",micro,http://www.lovelandaleworks.com
"Lowdown Brewery + Kitchen","800 Lincoln St Unit 2",,Denver,CO,80203-2710,"(720) 524-8065",brewpub,http://www.lowdownbrewery.com
"Lumpy Ridge Brewing Co","531 S. St. Vrain Ave",,"Estes Park",CO,80517-7416,"(812) 201-3836",micro,http://www.lumpyridgebrewing.com
"Mahogany Ridge Brewery & Grill","PO Box 775084 435 Lincoln Ave",,"Steamboat Springs",CO,80477-5084,"(970) 879-3773",brewpub,
"Main Street Brewery/Four Corners","21 E Main St",,Cortez,CO,81321-3240,"(970) 564-9112",brewpub,
"Manitou Brewing Company","725 Manitou Ave Ste 3",,"Manitou Springs",CO,80829,"(719) 282-7709",brewpub,http://www.manitou-brewing.com
"March Hare Brewing",,,Parker,CO,80134-3627,,planning,
"Mascher Brewing Co.",,,Aurora,CO,80014,,planning,http://www.mascher.beer
"McClellan\'s Brewing Company","1035 S Taft Hill Rd",,"Fort Collins",CO,80521,"(970) 568-8473",brewpub,http://www.mcclellansbrewingcompany.com
"MillerCoors Brewing Co - Golden","311 10th St",,Golden,CO,80401-5811,"(303) 277-6246",large,
"Mockery Brewing","3501 Delgany St",,Denver,CO,80216-3617,"(303) 953-2058",micro,http://www.mockerybrewing.com
"Moffat Station","PO Box 229",,"Winter Park",CO,80482-0229,"(970) 726-4211",brewpub,http://www.winterparkhotel.com
"Moonlight Pizza","242 F St.",,Salida,CO,81201-1708,"(719) 539-4277",brewpub,http://www.moonlightpizza.biz
"Mordor Tastes Good","132 Salina St",,Mordor,CO,12345,,micro,
"MordorBeer Co",,,Morder,CO,80026,,planning,
"Mountain Cowboy Brewing Company",,"Frederick, CO",,,,,planning,
"Mountain Sun Pub and Brewery","1535 Pearl St",,Boulder,CO,80302-5408,"(303) 546-0886",brewpub,http://www.mountainsunpub.com
"Mountain Tap Brewery",,,"Steamboat Springs",CO,80487-2325,"(808) 334-1340",planning,
"Mountain Toad Brewing","900 Washington Ave",,Golden,CO,80401-1047,,micro,
"Mu Brewery","4231 S Fundy Way",,Aurora,CO,80013-4527,"(720) 446-8273",brewpub,http://www.brewbymu.com
"Nano 108 Brewing Co","2402 Waynoka Rd",,"Colorado Springs",CO,80915-1612,"(719) 393-3332",micro,
"Nate Date 85",,,Mordor,CO,80026,,planning,
"Nates Fake Company",,", CO",,,,,,
"New Belgium Brewing Co","500 Linden St",,"Fort Collins",CO,80524-2457,"(970) 221-0524",regional,http://www.newbelgium.com
"New Image Brewing Co","5622 Yukon St",,Arvada,CO,80002,"(720) 900-5620",brewpub,http://www.nibrewing.com
"New Planet Beer Co","6560 Odell Pl Ste D",,Boulder,CO,80301-3353,"(303) 842-5656",micro,http://www.newplanetbeer.com
"New Terrain Brewing Company",,,Golden,CO,80403,"(720) 771-6997",planning,http://www.newterrainbrewing.com
"Nighthawk Brewery","2780 Industrial Ln",,Broomfield,CO,80020-1620,"(720) 375-3693",micro,http://www.nighthawkbrewery.com
"Northman Brewery Inc",,,Montrose,CO,81401,"(970) 275-7821",planning,
"Nostalgic Brewing Company",,,Longmont,CO,80501-8515,"(720) 438-8366",planning,http://www.nostalgicbrewingcompany.com
"Odd13 Brewing Inc","301 E Simpson St",,Lafayette,CO,80026-2325,"(303) 997-4164",micro,http://www.odd13brewing.com
"Odell Brewing Co","800 E Lincoln Ave",,"Fort Collins",CO,80524-2507,"(970) 498-9070",regional,http://www.odellbrewing.com
"Odyssey Beerwerks","5535 W 56th Ave Ste 107",,Arvada,CO,80002-2806,"(303) 421-0772",micro,http://www.odysseybeerwerks.com
"Open Door Brewing Company","919 Vetch Cir",,Lafayette,CO,80026-1784,"(720) 593-1401",contract,http://www.opendoorbrewco.com
"Oskar Blues Brewery - Lyons","303 Main St",,Lyons,CO,80540,"(303) 823-6685",brewpub,http://www.oskarblues.com
"Oskar Blues Brewery & Tasty Weasel Tap Room","1800 Pike Rd Unit B",,Longmont,CO,80501-6794,"(303) 776-0724",regional,http://www.oskarblues.com
"Our Mutual Friend Brewing","2810 Larimer St",,Denver,CO,80205-2223,"(720) 722-2810",micro,http://www.omfmb.com
"Ouray Brewery","PO Box 811",,Ouray,CO,81427-0811,"(970) 325-7388",brewpub,http://www.ouraybrewery.com
"Ourayle House Brewery","703 Main St",,Ouray,CO,81427-0630,"(970) 903-1824",micro,
"Pagosa Brewing & Grill","118 N Pagosa Blvd",,"Pagosa Springs",CO,81147-8470,"(970) 731-2739",brewpub,http://www.pagosabrewing.com
"Palisade Brewing Company","PO Box 1444",,Palisade,CO,81526-1444,"(970) 464-1462",brewpub,http://www.palisadebrewingcompany.com
"Paradox Beer Co","10 Buffalo Court",,Divide,CO,80814,"(719) 686-8081",micro,http://www.paradoxbeercompany.com
"Pateros Creek Brewing","242 N College Ave",,"Fort Collins",CO,80524-2405,"(970) 484-7222",micro,http://www.pateroscreekbrewing.com
"Peaks N Pines Brewing Company",,,"Colorado Springs",CO,80909,,micro,
"Penny University Brewing",,"Westminster, CO",,,,,planning,
"Periodic Brewing LLC","115 E 7th St",,Leadville,CO,80461-3505,,brewpub,http://www.periodicbrewery.com
"Phantom Canyon Brewing Co","2 E Pikes Peak Ave",,"Colorado Springs",CO,80903-1504,"(719) 635-2800",brewpub,http://www.phantomcanyon.com
"Pikes Peak Brewing","1756 Lake Woodmoor Dr",,Monument,CO,80132-9074,"(719) 208-4098",brewpub,http://www.pikespeakbrewing.com
"Pints Pub Brewery and Freehouse","221 W 13th Ave",,Denver,CO,80204-2711,"(303) 534-7543",brewpub,http://www.pintspub.com
"Pitchers Sports Restauranat and Brewery","1100 W Drake Rd",,"Fort Collins",CO,80526,"(970) 493-5374",brewpub,http://www.pitchersbrewery.com
"Platt Park Brewing Co.","1875 S Pearl St",,Denver,CO,80210-3136,"(303) 968-6674",micro,http://www.plattparkbrewing.com
"Populus Brewing Company",,,Denver,CO,80231,"(303) 515-0942",planning,http://www.populusbrewing.com
"Powder Keg Brewing Co","101 2nd Ave",,Niwot,CO,80544-1047,"(720) 600-5442",micro,http://www.powderkegbrewingcompany.com
"Prost Brewing","2540 19th St",,Denver,CO,80211-3910,"(303) 729-1175",micro,http://www.prostbrewing.com
"Pug Ryan's Brewing Company","PO Box 2515",,Dillon,CO,80435-2515,"(970) 468-2145",brewpub,http://www.pugryans.com
"Pumphouse Brewery and Restaurant","540 Main St",,Longmont,CO,80501-5537,"(303) 702-0881",brewpub,http://www.pumphousebrewery.com
"Rails End Beer Company",,,Broomfield,CO,80020-2834,,planning,
"Rally King Brewing","1624 S Lemay Ave Unit 4",,"Fort Collins",CO,80525,"(970) 568-8936",micro,http://www.rallykingbrewing.com
"Ratio Beerworks","2920 Larimer St",,Denver,CO,80205,"(303) 997-8288",micro,http://www.ratiobeerworks.com
"Red Leg Brewing Company","4630 Forge Rd Ste B",,"Colorado Springs",CO,80907-3556,"(719) 598-3776",micro,http://www.redlegbrewingco.com
"Renegade Brewing Company","925 W 9th Ave",,Denver,CO,80204-4338,,micro,
"Renegade Brewing Company - Production","918 W 1st Ave",,Denver,CO,80223-1534,"(720) 401-4089",micro,http://www.renegadebrewing.com
"Resolute Brewing Company",,,Centennial,CO,80112,"(303) 482-6857",planning,http://www.resolutebrewingco.com
"Revolution Brewing Co - Colorado","PO Box 907",,Paonia,CO,81428-0907,"(970) 260-4869",micro,http://www.revolution-brewing.com
"Riff Raff Brewing","274 Pagosa St",,"Pagosa Springs",CO,81147,"(970) 264-4677",brewpub,http://www.riffraffbrewing.com
"River North Brewery","6021 Washington Street Unit A",,Denver,CO,80216-1153,"(303) 296-2617",micro,http://www.rivernorthbrewery.com
"Roaring Fork Beer Company","1941 Dolores Way",,Carbondale,CO,81623,"(970) 963-5870",proprietor,http://www.roaringforkbeerco.com
"Rock Bottom Brewery - Centerra Promenade","6025 Sky Pond Dr",,Loveland,CO,80538-9013,"(970) 622-2077",brewpub,http://www.rockbottom.com
"Rock Bottom Brewery - Colorado Springs","331 Cinema Point Dr",,"Colorado Springs",CO,80922,"(719) 572-6576",brewpub,http://www.rockbottom.com
"Rock Bottom Brewery - Denver","1001 16th St Ste 100",,Denver,CO,80265-0100,"(303) 534-7616",brewpub,http://www.rockbottom.com
"Rock Bottom Brewery - Englewood","9627 E County Line Rd",,Englewood,CO,80112-3502,"(303) 792-9090",brewpub,http://www.rockbottom.com
"Rock Bottom Brewery - Orchard Cntr","14694 Orchard Pkwy Unit 400",,Westminster,CO,80023-9198,"(303) 255-1625",brewpub,http://www.rockbottom.com
"Rock Bottom Brewery - Westminster","10633 Westminster Blvd Unit 900",,Westminster,CO,80020-4176,"(720) 566-0198",brewpub,http://www.rockbottom.com
"Rock Cut Brewing Company","390 W Riverside Dr PO Box 4445",,"Estes Park",CO,80517,,micro,
"Rockslide Brewing Co","405 Main St",,"Grand Junction",CO,81501-2511,"(970) 241-9311",brewpub,http://www.rockslidebrewpub.com
"Rocky Mountain Brewery","625 Paonia St",,"Colorado Springs",CO,80915-3727,"(719) 528-1651",micro,http://www.rockymountainbrews.com
"Rockyard American Grill & Brewing Company","880 Castleton Rd",,"Castle Rock",CO,80109-7512,"(303) 814-9273",brewpub,http://www.rockyard.com
"Royal Gorge Brewing Co","413 Main St",,"Canon City",CO,81212-3733,"(719) 345-4141",brewpub,http://www.royalgorgebrewing.com
"Saint Patrick's Brewing Company","2842 W Bowles Ave",,Littleton,CO,80120,"(303) 718-7575",micro,http://www.stpatricksbrewco.com
"San Luis Valley Brewing Co","631 Main St",,Alamosa,CO,81101-2557,"(719) 587-2337",brewpub,http://www.slvbrewco.com
"Sanitas Brewing Co","3550 Frontier Ave Ste A",,Boulder,CO,80301-2430,"(303) 442-4130",micro,http://www.sanitasbrewing.com
"SeedStock Brewery","3610 W Colfax Ave",,Denver,CO,80204,,micro,http://www.seedstockbrewery.com
"Shamrock Brewing Company","108 W 3rd St",,Pueblo,CO,81003-3225,"(719) 542-9974",brewpub,http://www.shamrockbrewing.com
"Sherpa Brewery Pvt. Ltd.",,,Golden,CO,80401,,planning,
"Shine Brewing Co.","2027 13th St",,Boulder,CO,80302-5201,"(303) 449-0120",brewpub,http://www.shineboulder.com
"Shoes & Brews","63 S Pratt Pkwy Unit B",,Longmont,CO,80501-1702,"(720) 340-4290",micro,http://www.shoesbrews.com
"Short Skirt Brewing",,,Denver,CO,80209,,planning,
"Simple Plan Co.",,,Denver,CO,80205-2621,"(323) 740-2368",planning,
"SKA Brewing","225 Girard, Bodo Park",,Durango,CO,81303-6827,"(970) 247-5792",regional,http://www.skabrewing.com
"Skeye Brewing","900 S Hover St Ste D",,Longmont,CO,80501-7941,,micro,
"Sleeping Giant Brewing Company","2500 W 5th Ave",,Denver,CO,80204,,micro,http://www.sleepinggiantbrewing.com
"Smiling Toad Brewery","1757 S 8th St Ste 100",,"Colorado Springs",CO,80909-6559,"(719) 418-2936",micro,http://www.smilingtoadbrewery.com
"Smuggler's Brewpub","225 South Pine St",,Telluride,CO,81435,"(970) 728-5620",brewpub,http://www.smugglersbrewpub.com
"Snowbank Brewing","225 N. Lemay Ave., Suite 1",,"Fort Collins",CO,80524-2565,"(970) 999-5658",micro,http://www.snowbank.beer
"Something Brewery","117 N. Main St. Unit A",,Brighton,CO,80601,"(720) 660-1343",micro,http://www.somethingbrewery.com
"Soul Squared Brewing Co.",,,"Fort Collins",CO,80524,,micro,
"South Park Brewing","297 1/2 US Hwy 285",,Fairplay,CO,80440-2131,"(719) 836-1932",micro,http://www.southparkbrewingco.com
"Southern Sun Pub and Brewery","627 S Broadway St",,Boulder,CO,80305-5944,"(303) 543-0886",brewpub,http://www.mountainsunpub.com
"Spangalang Brewery","2736 Welton St Ste 102",,Denver,CO,80205-2900,"(303) 297-1276",micro,http://www.spangalangbrewery.com
"Station 26 Brewing Co","7045 E 38th Ave",,Denver,CO,80207-1541,"(303) 333-1825",micro,http://www.station26brewing.co
"Steamboiler Brewing",,,Windsor,CO,80550-5127,"(970) 219-3532",planning,
"Steamworks Brewing Co","801 E 2nd Ave",,Durango,CO,81301-5425,"(970) 259-9200",brewpub,http://www.steamworksbrewing.com
"Storm Peak Brewing Company","1744 Lincoln Ave Unit 3",,"Steamboat Springs",CO,80487-5045,"(970) 879-1999",micro,http://www.stormpeakbrewing.com
"Storybook Brewing","3121 N El Paso St Ste A",,"Colorado Springs",CO,80907-5469,"(719) 633-6266",micro,http://www.storybookbrewing.com
"Strange Craft Beer Co","1330 Zuni St Ste M",,Denver,CO,80204-2328,"(720) 985-2337",micro,http://www.strangecraft.com
"Suds Brothers Brewing Co #2","127 E Aspen Ave",,Fruita,CO,81521-2543,"(970) 858-1571",brewpub,http://www.sudsbrothersbrewery.com
"Telluride Brewing Co","PO Box 4224",,Telluride,CO,81435-4224,"(970) 728-5094",micro,http://www.telluridebrewingco.com
"The Baker's Brewery","531 Silverthorne Ln",,Silverthorne,CO,80498,"(970) 468-0170",micro,http://www.thebakersbrewery.com
"The Bakers' Brewery, LLC","531 Siverthorne Ln",,Silverthorne,CO,80498,"(970) 468-0170",brewpub,http://www.thebakersbrewery.com
"The Brew On Broadway (The BoB)","3445 S Broadway",,Englewood,CO,80113-2528,"(303) 781-5665",micro,http://www.thebrewonbroadway.com
"The Occasional Brew","13757 Honey Run Wy",,"Colorado Springs",CO,80921-2971,"(719) 310-3787",micro,http://www.theoccasionalbrew.com
"The Post Brewing Co","105 West Emma St",,Lafayette,CO,80026-1501,,brewpub,http://postbrewing.com
"Three Barrel Brewing Co","475 Grand Ave",,"Del Norte",CO,81132-2204,"(719) 657-0681",brewpub,http://www.threebarrelbrew.com
"Three Daggers Brewery",,,"Crested Butte",CO,81224-8706,,planning,
"Three Four Beer Company",,,"Fort Collins",CO,80521-3105,,planning,
"Tivoli Brewing Company","70 Rudolph Ranch Rd",,"Black Hawk",CO,80422-4058,"(303) 582-6039",micro,
"Tommyknocker Brewery & Pub","1401 Miner St",,"Idaho Springs",CO,80452,"(303) 567-2688",micro,http://www.tommyknocker.com
"Trinity Brewing","1466 Garden of The Gods Rd Ste 184",,"Colorado Springs",CO,80907-9464,"(719) 634-0029",brewpub,http://www.trinitybrew.com
"Triple S Brewing Co","318 E Colorado Ave",,"Colorado Springs",CO,80903-1949,"(719) 344-5477",brewpub,http://www.triplesbrewing.com
"TRVE Brewing Co","227 Broadway # 101",,Denver,CO,80203-5940,"(303) 351-1021",micro,http://www.trvebrewing.com
"Twisted Pine Brewing Co","3201 Walnut St Ste A",,Boulder,CO,80301-2645,"(303) 786-9270",micro,http://www.twistedpinebrewery.com
"Two Mile Brewing Co",,,Leadville,CO,80461-1509,"(620) 273-9489",planning,http://www.twomilebrewing.com
"Two Rascals Brewing Co","147 N 1st St",,Montrose,CO,81401-3601,"(970) 249-8689",micro,http://www.tworascalsbrewing.com
"Two22 Brew","4550 S Reservoir Rd",,Centennial,CO,80015,"(720) 328-9038",micro,http://www.two22brew.com
"Ubertas Brewing Company",,,Littleton,CO,80120,,planning,
"Upslope Brewing Company - Flatiorn Park","1898 S Flatiron Ct",,Boulder,CO,80301-2875,,micro,http://www.upslopebrewing.com
"Upslope Brewing Company - Lee Hill","1501 Lee Hill Rd Unit 20",,Boulder,CO,80304-5602,,regional,http://www.upslopebrewing.com
"Ursula Brewery","2101 N Ursula St Ste 10",,Aurora,CO,80045-7419,"(720) 324-8529",micro,http://www.ursulabrewery.com
"Ute Pass Brewing Co","209 E Midland Ave",,"Woodland Park",CO,80863-3101,"(719) 686-8722",brewpub,http://www.utepassbrewingcompany.com
"Vail Brewing Company","41290 US Hwy 6",,Vail,CO,81657,"(970) 470-4351",micro,http://www.vailbrewingco.com
"Verboten Brewing","1550 Taurus Ct",,Loveland,CO,80537-3280,,micro,http://www.verbotenbrewing.com
"Very Nice Brewing Co","20 Lakeview Drive Unit 112",,Nederland,CO,80466,"(303) 258-3770",micro,http://www.verynicebrewing.com
"Vindication Brewing Co","6880 Winchester Cir Unit F",,Boulder,CO,80301-3528,"(303) 530-0642",micro,http://www.vindicationbrewing.com
"Vine Street Pub & Brewery","1700 Vine St",,Denver,CO,80206-1120,"(303) 388-2337",brewpub,http://www.mountainsunpub.com
"Vision Quest Brewing Company","2510 47th St Unit A2",,Boulder,CO,80301-2301,"(303) 578-0041",micro,http://www.visionquestbrewing.com
"Walnut Brewery","1123 Walnut St",,Boulder,CO,80302-5116,"(303) 447-1345",brewpub,http://www.walnutbrewery.com
"Walter Brewing Company","126 Oneida St",,Pueblo,CO,81003-3424,"(719) 542-0766",micro,
"WeldWerks Brewing Co.","508 8th Ave",,Greeley,CO,80631,,micro,http://www.weldwerksbrewing.com
"West Flanders Brewing Co","1125 Pearl St",,Boulder,CO,80302-5103,"(303) 447-2739",micro,http://www.wfbrews.com
Westbound,"1617 Miner St",,"Idaho Springs",CO,80439,"(720) 502-3121",brewpub,http://www.westboundanddown.com
"WestFax Brewing Co.",,,Denver,CO,80204,,micro,
"Westminster Brewing Co","7655 W 108th Ave Unit 600",,Westminster,CO,80031,"(303) 284-1864",micro,http://www.westminsterbrewingco.com
"Whooda Mon Brewery",,,Boulder,CO,80304,"(303) 880-8312",planning,
"Wibby Brewing","209 Emery St",,Longmont,CO,80501-5910,,micro,http://www.wibbybrewing.com
"Wild Mountain Smokehouse & Brewery","70 First East St",,Nederland,CO,80466,"(303) 258-9453",brewpub,http://www.wildmountainsb.com
"Wild Woods Brewery","5460 Conestoga Ct",,Boulder,CO,80301-2724,"(303) 484-1465",micro,http://www.wildwoodsbrewery.com
"WildEdge Brewing Collective",,,Dolores,CO,81323,,planning,
"Wiley Roots Brewing Co","625 3rd St Unit D",,Greeley,CO,80631-9132,"(970) 691-1641",micro,http://www.wileyrootsbrewing.com
"Wit's End Brewing Co","2505 W 2nd Ave Unit 13",,Denver,CO,80219-1655,"(303) 359-9119",micro,http://www.witsendbrewing.com
"Wolfe Brewing Company","2045 Eagle Dr",,"Pagosa Springs",CO,81147,,brewpub,
"Wonderland Brewing Co.","5450 W 120th Ave",,Broomfield,CO,80020-5913,"(303) 953-0400",micro,http://www.wonderlandbrewing.com
"Woodsboss Brewing Company",,,Idledale,CO,80453,,planning,
"Wynkoop Brewing Co","1634 18th St",,Denver,CO,80202-1212,"(303) 297-2700",brewpub,http://www.wynkoop.com
"Yak and Yeti","7803 Ralston Rd",,Arvada,CO,80002-2433,"(303) 431-9000",brewpub,http://www.theyakandyeti.com
"Yampa Valley Brewing Co","106 E Jefferson Ave Unit B",,Hayden,CO,81639,"(720) 384-7656",micro,
"Zephyr Brewing Co","2601 Walnut St",,Denver,CO,80205-2230,"(720) 295-9374",micro,http://www.zephyrbrewingco.com
"Zwei Brewing Co","4612 S Mason St Ste 120",,"Fort Collins",CO,80525-3741,"(970) 223-2482",micro,http://www.zweibruderbrewing.com
