name,address1,address2,city,state,zip,phone,type,url
"10 Barrel Brewing Co - Denver","2620 Walnut St",,Denver,CO,80205-2231,"(720) 573-8992",large,
"105 West Brewing Co","1043 Park St",,"Castle Rock",CO,80109-1585,"(303) 325-7321",micro,http://www.105westbrewing.com
"12Degree Brewing","820 Main St",,Louisville,CO,80027-1865,"(303) 579-1004",brewpub,http://www.12degree.com
"14er Brewing Company","3120 Blake St",,Denver,CO,80205,"(720) 773-1437",micro,http://www.14erbrewing.com
"1876 Ale Works, LLC","3352 Templeton Gap Rd",,"Colorado Springs",CO,80907,"(719) 309-0059",micro,http://www.1876aleworks
"3 Freaks Brewing Co","7140 E County Line Rd",,"Highlands Ranch",CO,80126-3926,"(720) 299-0994",micro,http://www.3freaksbrewery.com
"300 Suns Brewing Company","335 1st Ave Unit C",,Longmont,CO,80501-5958,,brewpub,http://www.300sunsbrewing.com
"38 State Brewing","8071 S Broadway Ste A",,Littleton,CO,80122-2730,"(720) 638-3678",micro,http://www.38statebrew.com
"4 Noses Brewing Company","8855 W 116th Cir Ste 3",,Broomfield,CO,80021-2521,"(720) 460-2797",micro,http://4nosesbrewing.com
"6 & 40 Brewery/Taproom",,,Lakewood,CO,80215-5548,"(303) 232-5347",planning,http://www.tomsbrewshop.com
"7 Hermits Brewing Company","PO Box 3186",,Eagle,CO,81631-3186,"(970) 471-4979",brewpub,http://www.7hermitsbrewing.com
"Acidulous Brewing Company","6712 S Independence St",,Littleton,CO,80128-4046,"(303) 995-2895",contract,
"Alpine Dog Brewing Co","1505 N Ogden St",,Denver,CO,80218-1405,"(303) 832-1245",micro,http://www.alpinedogbrewery.com
"Altered Code Brewing",,"Fort Collins, CO",,,,"(404) 375-2186",planning,http://www.alteredcodebrewing.com
"Alternation Brewing Company","1539 S Broadway",,Denver,CO,80210-2607,"(303) 802-5340",micro,https://www.facebook.com/alternationbrewingcompany/
"Altitude Brewing & Supply",,,Denver,CO,80205,,planning,
"Amalgam Brewing","6381 Beach St Unit A",,Denver,CO,80221-2036,,proprietor,http://www.amalgambrewing.com
"Angry James Brewing Co","421 Adams Ave",,Silverthorne,CO,80498,"(970) 455-8800",micro,http://www.angryjamesbrewing.com
"Anheuser-Busch Inc - Fort Collins","2351 Busch Dr",,"Fort Collins",CO,80524-9400,"(970) 490-4500",large,
"Animas Brewing Co","1560 E 2nd Ave",,Durango,CO,81301-5186,"(970) 403-8850",brewpub,http://www.animasbrewing.com
"Asher Brewing Co","4699 Nautilus Ct S Ste 104",,Boulder,CO,80301-5306,"(303) 530-1381",micro,http://asherbrewing.com
"Aspen Brewing Company","404 Aspen Airport Business Ctr",,Aspen,CO,81611-3530,"(970) 920-2739",micro,http://www.aspenbrewingcompany.com
"Atom Brewing Company","654 Moffat St",,Erie,CO,80516,"(863) 412-0917",micro,http://www.atombrewingcompany.com
"Atrevida Beer Company","204 Mount View Ln Unit 3",,"Colorado Springs",CO,80908,"(719) 266-4200",micro,http://www.atrevidabeerco.com
"Avalanche Brewing Co","1067 Blair St",,Silverton,CO,81433-0377,"(970) 387-5282",brewpub,http://www.avalanchebrewing.com
"Avant Garde Aleworks",,,"Estes Park",CO,80517,"(832) 969-3118",planning,
"Avery Brewing Co","4910 Nautilus Ct N",,Boulder,CO,80301-3242,,regional,
"Baere Brewing Company","320 Broadway Unit E",,Denver,CO,80203-3955,"(970) 901-4810",micro,http://www.baerebrewing.com
"Banded Oak Brewing Company","470 N Broadway",,Denver,CO,80203-3404,"(720) 479-8033",micro,http://bandedoakbrewing.com
"Barnett and Son Brewing Company","18425 Pony Express Dr Unit 125",,Parker,CO,80134-9605,"(720) 420-0462",micro,
"Barrel Dog Brewing",,,Evergreen,CO,80439,"(559) 917-6846",micro,
"Barrels & Bottles Brewery","600 12th St Ste 160",,Golden,CO,80401-6145,"(720) 328-3643",brewpub,http://www.barrelsbottles.com
"Beer By Design Brewery","11490 Jackson St",,Thornton,CO,80233-2533,"(303) 517-2202",contract,http://www.beerbydesign.com
"Bent Barley Brewing Company","6200 S Main St Ste 110",,Aurora,CO,80016,"(720) 390-9301",micro,http://www.bentbarley.com/index.html
"Berthoud Brewing Co",,,Loveland,CO,80538,"(970) 775-2235",planning,
"Berthoud Brewing Company","450 S 8th St Unit B",,Berthoud,CO,80513,"(970) 532-9850",micro,http://www.berthoudbrewing.com
"Beyond The Mountain Brewing Company","6035 Longbow Dr Unit 109",,Boulder,CO,80301-3203,"(757) 407-2346",micro,http://www.btmbrewing.com
"Bierstadt Lagerhaus","2875 Blake St",,Denver,CO,80205-2210,"(720) 570-7824",brewpub,http://www.bierstadtlager.com
BierWerks,"121 E. Midland Ave",,"Woodland Park",CO,80863,"(719) 686-8100",brewpub,http://www.bierwerks.com
"Big Beaver Brewing Co","2707 W Eisenhower Blvd Ste 9",,Loveland,CO,80537-3141,"(970) 818-6064",micro,http://www.bigbeaverbrew.com
"Big Choice Brewing Co","21 S 1st Ave",,Brighton,CO,80601-1603,"(303) 469-2616",micro,http://www.bigchoicebrewing.com
"Big Thompson Brewery","114 E 15th St",,Loveland,CO,80538-3832,"(970) 619-8138",micro,
"Big Trout Brewing Company",,,Fraser,CO,80442,"(616) 446-3946",planning,
"BJs Restaurant & Brewery - Boulder","1690 28th St",,Boulder,CO,80301-,"(303) 440-5200",brewpub,http://www.bjsrestaurants.com
"Black Beak Brewing",,,Denver,CO,80237-1907,"(303) 210-7836",planning,
"Black Bottle Brewery","1611 S College Ave Ste STE1609",,"Fort Collins",CO,80525-1074,"(970) 493-2337",brewpub,http://www.blackbottlebrewery.com
"Black Cat Brewing",,,Boulder,CO,80302,,planning,http://www.blackcatbrewing.com
"Black Forest Brewing Company","11590 Black Forest Rd Ste 50",,"Colorado Springs",CO,80908-6000,"(719) 396-2011",brewpub,http://www.blackforestbrewco.com
"Black Project Spontaneous & Wild Ales","1290 S Broadway",,Denver,CO,80210-1504,"(720) 334-2873",micro,http://www.blackprojectbeer.com
"Black Shirt Brewing Co","3719 Walnut St",,Denver,CO,80205-2436,"(303) 993-2799",brewpub,http://www.blackshirtbrewingco.com
"Black Sky Brewery","490 Santa Fe Dr",,Denver,CO,80204-5024,"(720) 708-5816",brewpub,http://www.blackskybrewing.com
"Blue Moon Brewery","3750 Chestnut Pl",,Denver,CO,80216-3632,,large,
"Blue Spruce Brewing","4151 E County Line Rd Unit G",,Centennial,CO,80122-8113,"(303) 771-0590",brewpub,http://www.bluesprucebrewing.com
"Blue Spruce Brewing Littleton","10577 W Centennial Rd",,Littleton,CO,80127-4233,,brewpub,http://www.bluesprucebrewing.com
"Blue Tile Brewing","1609 E 58th Ave Unit G",,Denver,CO,80216,"(720) 242-8384",micro,
"Boggy Draw Brewery","3535 S Platte River Dr Ste L",,Sheridan,CO,80110-3307,"(720) 940-0338",micro,http://www.boggydrawbrewing.com
"Bonfire Brewing","127 W 2nd St",,Eagle,CO,81631,"(970) 306-7113",micro,http://www.bonfirebrewing.com
"Bonfire Brewing Production","936 Chambers Ct. B-4",,Eagle,CO,81631-5276,"(970) 306-7113",micro,
"Bootstrap Brewing","142 Pratt St",,Longmont,CO,80501,"(303) 652-4186",micro,
"Bootstrap Brewing Co","6778 N 79th St",,Niwot,CO,80503-7118,"(303) 652-4186",micro,http://www.bootstrapbrewing.com
"Bottom Shelf Brewery","118 E Mill St",,Bayfield,CO,81122,"(970) 884-2442",brewpub,http://www.bottomshelfbrewing.com
"Boulder Beer Co","2880 Wilderness Pl",,Boulder,CO,80301-5401,,regional,
"Brass Brewing Company","318 E Colorado Ave",,"Colorado Springs",CO,80903-1949,,micro,
"Breckenridge Brewery","2920 Brewery Ln",,Littleton,CO,80120-2850,"(303) 623-2739",large,http://www.breckenridgebrewery.com
"Breckenridge Brewery & Pub","600 S Main St",,Breckenridge,CO,80424-0075,"(970) 453-1550",large,http://www.breckbrewpub.com
"Brew Pub and Kitchen","117 W College Dr",,Durango,CO,81301-5407,"(970) 259-5959",brewpub,http://www.brewpubkitchen.com
"Brewability Lab","12445 E 39th Ave Unit 314",,Denver,CO,80239-3456,"(816) 351-5085",micro,http://www.brewabilitylab.com
"Brewery In Planning",,,"Steamboat Springs",CO,80488,"(303) 955-2772",planning,
"Brewery in Planning - Broomfield",,,Broomfield,CO,80023-9407,,planning,http://www.sawbrew.com
"Brewery in Planning - Broomfield, CO",,,Broomfield,CO,80020,"(303) 709-1491",planning,
"Brewery in Planning - Centennial, CO",,"Centennial, CO",,,,"(770) 757-2619",planning,
"Brewery in Planning - Colorado Springs, CO",,,"Colorado Springs",CO,80910,,planning,
"Brewery in Planning - Denver",,,Denver,CO,80209-0383,,planning,
"Brewery In Planning - Denver",,,Denver,CO,80228-5932,"(303) 349-8158",planning,
"Brewery In Planning - Durango",,,Durango,CO,81301-8206,"(970) 799-0915",planning,
"Brewery In Planning - Greeley",,,Greeley,CO,80639-0001,"(970) 351-3257",planning,http://extended.unco.edu/brewing
"Brewery in Planning - Gypsum, CO",,,Gypsum,CO,81637,"(520) 266-0376",planning,
"Brewery In Planning - Loveland",,,Loveland,CO,80537,,planning,
"Brewery in Planning - Salida, CO",,,Salida,CO,81201-2119,"(303) 408-0384",planning,
"Brewery Rickoli","4335 Wadsworth Blvd",,"Wheat Ridge",CO,80033-4621,"(303) 431-6862",micro,http://www.breweryrickoli.com
Brewmented,"900 S Hover St Ste C",,Longmont,CO,80501-7941,"(877) 257-9956",micro,http://www.brewmented.com
"Briar Common Brewery","2298 N Clay St",,Denver,CO,80211-5122,"(720) 470-3731",brewpub,http://www.briarcommon.com
"Bristol Brewing Co","1604 S Cascade Ave",,"Colorado Springs",CO,80905-2237,"(719) 633-2555",micro,http://www.bristolbrewing.com
"Brix Taphouse and Brewery","813 8th St",,Greeley,CO,80631-3911,"(970) 397-6146",brewpub,http://www.brixtaphouseandbrewery.com
"Broken Compass Brewing","68 Continental Ct Unit B-12",,Breckenridge,CO,80424-8515,"(541) 905-3016",micro,http://www.brokencompassbrewing.com
"Broken Plow Brewery","4731 W 10th St Unit G",,Greeley,CO,80634-2046,"(970) 397-8373",brewpub,http://www.brokenplowbrewery.com
"BRU Handbuilt Ales and Eats","5290 Arapahoe Ave",,Boulder,CO,80303-1269,"(720) 638-5193",brewpub,http://www.bruboulder.com
"Brues Alehouse Brewing Company","120 Riverwalk Place",,Pueblo,CO,81003,"(719) 924-9670",brewpub,http://www.bruesalehouse.com
"Bruz Beers","1675 W 67th Ave Ste 100",,Denver,CO,80221-2595,"(303) 650-2337",micro,http://www.bruzbeers.com
"Buckhorn Brewers LLC","4229 W Eisenhower Blvd",,Loveland,CO,80537-9202,"(970) 980-8688",micro,
"Bull & Bush Brewery","4700 E Cherry Creek South Dr",,Denver,CO,80246-1819,"(303) 759-0333",brewpub,http://www.bullandbush.com
"Burgundian Brewing Co.","4725 Lipan St",,Denver,CO,80211-2334,"(470) 440-0420",micro,http://www.facebook.com/burgundianbrewing
"Burly Brewing Company, LLC","680 Atchison Way Suite 800",,"Castle Rock",CO,80109-3106,"(405) 245-9333",micro,http://www.burlybrewing.com
"Burns Family Artisan Ales","2505 W 2nd Ave Unit 13",,Denver,CO,80219-1655,"(248) 224-2697",micro,http://www.burnsalesdenver.com
"Butcherknife Brewing Company","2875 Elk River Rd",,"Steamboat Springs",CO,80487-5076,"(970) 879-2337",micro,http://www.butcherknifebrewing.com
"C.B. and Potts/Big Horn Brewery - Englewood","6575 Greenwood Plaza Blvd",,Englewood,CO,80111-4933,"(303) 770-1982",brewpub,http://www.cbpotts.com
"C.B. and Potts/Big Horn Brewery - Highlands Ranch","43 W Centennial Blvd",,"Highlands Ranch",CO,80129-2323,"(720) 344-1200",brewpub,http://www.cbpotts.com
"C.B. and Potts/Big Horn Brewery - Westminster","1257 W 120th Ave",,Westminster,CO,80234-2725,"(303) 451-5767",brewpub,http://www.cbpotts.com
"Call To Arms Brewing Company","4526 Tennyson St",,Denver,CO,80212-2527,,micro,http://www.facebook.com/calltoarmsbrewing
"Camber Brewing Company",,,Fraser,CO,80442,"(970) 251-0222",planning,http://www.camberbrewing.com
"Cannonball Creek Brewing Co","393 Washington Ave Unit A",,Golden,CO,80403-1889,"(303) 278-0111",micro,http://www.cannonballcreekbrewing.com
"Capitol Creek Brewery","371 Market St",,Basalt,CO,81621-7409,"(870) 404-3657",brewpub,http://www.capitolcreekbrewery.com
"Carbondale Beer Works","647 Main St",,Carbondale,CO,81623-1934,,brewpub,http://www.carbondalebeerworks.com
"Carver Brewing Co","1022 Main Ave",,Durango,CO,81301-5124,"(970) 259-2545",brewpub,http://carverbrewing.com
"Casey Brewing and Blending","3421 Grand Ave Ste 4D",,"Glenwood Springs",CO,81601-4493,"(970) 230-9691",micro,http://www.caseybrewing.com
"Cellar West Artisan Ales","778 W Baseline Rd",,Lafayette,CO,80026,"(262) 719-8795",micro,http://www.cellarwest.com
"Cerberus Brewing Company","702 W Colorado Ave",,"Colorado Springs",CO,80905-1539,"(719) 636-2337",brewpub,http://www.cerberusbrewingco.com
"Cerebral Brewing","1477 Monroe St",,Denver,CO,80206-2708,"(303) 927-7365",micro,http://www.cerebralbrewing.com
"Chain Reaction Brewing Company","902 S Lipan St",,Denver,CO,80223-2717,"(303) 922-0960",micro,http://www.chainreactionbrewingco.com
"Cheluna Brewing Company","2501 Dallas St Unit 148",,Aurora,CO,80010-1045,"(720) 600-0020",micro,http://www.cheluna.com
"ChopHouse and Brewery - Denver","1735 19th St Ste 100",,Denver,CO,80202-6002,"(303) 296-0800",brewpub,http://www.craftworksrestaurants.com
"Chrysalis Barrel Aged Beer",,,Paonia,CO,81428,"(801) 842-1697",planning,http://www.chrysalisbeer.com
"City Star Brewing","321 Mountain Avenue",,Berthoud,CO,80513-,"(970) 532-7827",micro,http://www.citystarbrewing.com
"Coal Mine Ave Brewing Company","9719 W Coal Mine Ave Unit A",,Littleton,CO,80123-8000,"(720) 504-4866",micro,http://www.coalmineavebrewing.com
CO-Brew,"1133 N Broadway",,Denver,CO,80203-2106,"(720) 485-4959",micro,http://www.cobrewdenver.com
"Coda Brewing Company","15965 S Golden Rd. Ste C2",,Golden,CO,80401,"(303) 895-6475",micro,http://www.codabrewing.com
"Cogstone Brewing Co","3858 Village Seven Rd",,"Colorado Springs",CO,80917-2801,"(719) 418-6595",brewpub,http://www.cogstonebrewing.com
"Collision Brewing","1436 Skyway Dr",,Longmont,CO,80504,,brewpub,http://www.collisionbrewing.com
"Colorado Boy Pizzeria","320 E Main St",,Montrose,CO,81401-3928,"(970) 240-2790",brewpub,http://www.coloradoboy.com
"Colorado Boy Pub & Brewery","602 Clinton St.",,Ridgway,CO,81432-0877,"(970) 626-5333",brewpub,http://www.coloradoboy.com
"Colorado Farm Brewery","2070 County Road 12 S",,Alamosa,CO,81101-9116,"(719) 580-0051",micro,http://www.cofarmbeer.com
"Colorado Mountain Brewery","1110 Interquest Pkwy",,"Colorado Springs",CO,80921-4182,"(719) 271-7951",brewpub,http://www.cmbrew.com
"Colorado Mountain Brewery At the Roundhouse","600 S 21st St Unit 180",,"Colorado Springs",CO,80904-3714,"(719) 466-8240",brewpub,http://www.cmbrew.com
"Colorado Plus","6995 W 38th Ave",,"Wheat Ridge",CO,80033-4965,"(303) 877-5957",micro,http://coloradoplus.net
"Comet Brews",,,Littleton,CO,80120,"(303) 319-8910",planning,
"Comrade Brewing Company","7667 E ILIFF AVE Suite F",,Denver,CO,80231,"(720) 748-0700",micro,http://comradebrewing.com
"CooperSmiths Pub and Brewing","5 Old Town Sq",,"Fort Collins",CO,80524-2446,"(970) 498-0483",brewpub,http://www.coopersmithspub.com
"Copper Club Brewing Co","233 E Aspen Ave",,Fruita,CO,81521-2205,"(970) 858-8318",micro,http://www.copperclubbrew.com
"Copper Kettle Brewing Company","1338 S Valentia St Ste 100",,Denver,CO,80247-2167,"(720) 443-2522",micro,http://www.copperkettledenver.com
"Crabtree Brewing","2961 W 29th St",,Greeley,CO,80631-8538,"(970) 356-0516",micro,http://www.crabtreebrewing.com
"Crafty Canary Brewery","107 E 5th Ave",,Walsenburg,CO,81089,"(719) 890-1112",micro,http://www.craftycanarybrewery.com
"Crazy Mountain Brewing Co","471 Kalamath St",,Denver,CO,80204-5019,"(970) 926-3009",regional,http://www.crazymountainbrewery.com
"Crestone Brewing Company","187 West Silver Ave.",,Crestone,CO,81131,"(719) 256-6400",brewpub,http://www.crestonebrewingco.com
"Crooked Stave Artisan Beer Project",,,"Fort Collins",CO,80524,,planning,
"Crooked Stave Artisan Beer Project","1441 W 46th Ave Unit 17",,Denver,CO,80211-2338,"(720) 508-3292",micro,http://www.crookedstave.com
"Crow Hop Brewing Co. Ltd.","243 S Madison Ave Ste 100",,Loveland,CO,80537-5632,"(970) 633-0643",micro,http://www.crowhopbrewing.com
"Crystal Springs Brewing Co","657 S Taylor Ave",,Louisville,CO,80027-3063,"(303) 884-5602",micro,http://www.crystalspringsbrewing.com
"D.C. Oakes Brewhouse and Eatery","3581 E Harmony Suite 110",,"Fort Collins",CO,80528,"(303) 406-1757",brewpub,http://www.dcoakesbrewhouse.com
"Dad & Dudes Breweria","6730 S Cornerstar Way Ste D",,Aurora,CO,80016-1571,"(303) 400-5699",brewpub,http://breweria.com
"Dauntless Brewing Company",,,"Colorado Springs",CO,80903,"(903) 521-3472",planning,
"Dead Hippie Brewing","3701 S Santa Fe Dr Unit 7",,Sheridan,CO,80110-3344,"(720) 446-7961",micro,http://www.deadhippiebrewing.com
"Dean and Co","201 Grant St",,"La Junta",CO,81050,,micro,
"Declaration Brewing Company","2030 S Cherokee St",,Denver,CO,80223-3917,"(303) 955-7410",micro,http://www.declarationbrewing.com
"Dented Face Brewing Company",,,Delta,CO,81416,"(970) 765-7858",planning,http://www.dentedfacebrewing.com
"Denver Beer Co","1695 Platte St",,Denver,CO,80202-1123,"(303) 433-2739",regional,http://www.denverbeerco.com
"Denver Beer Co Canworks","4455 Jason St",,Denver,CO,80211-2412,"(720) 295-4781",micro,
"Denver Beer Co Olde Town Arvada","5768 Olde Wadsworth Blvd",,Arvada,CO,80002-2549,,micro,
"DeSteeg Brewing Co/Blind Faith Brewing","4342 Tennyson St",,Denver,CO,80212-2308,"(303) 484-9698",micro,http://desteegbrewing.com
"Diebolt Brewing","3855 Mariposa St",,Denver,CO,80211-2647,"(720) 643-5940",micro,http://www.dieboltbrewing.com
"Dillon Dam Brewery","100 Little Dam Street",,Dillon,CO,80435-4845,"(970) 262-7777",brewpub,http://www.dambrewery.com
"Dive Bar Brewing Company","5994 S Holly Street #146",,"Greenwood Village",CO,80111,"(303) 913-4355",contract,http://divebarbeer.com
"Dodgeton Creek Brewing Co.","36730 Democracy Dr",,Trinidad,CO,81082-9788,"(719) 846-2339",micro,http://www.dodgetoncreek.com
"Dolores River Brewery","100 S. 4th St.",,Dolores,CO,81323-1003,"(970) 882-4677",brewpub,http://www.doloresriverbrewery.com
"Donavon Brewing Company",,,Arvada,CO,80005-3644,"(303) 704-7164",planning,http://www.donavonbrewing.com
"Dos Luces Brewery","1236 S Broadway",,Denver,CO,80210-1504,"(303) 725-4527",micro,http://www.dosluces.com
"Dostal Alley Brewing Co","116 Main St",,"Central City",CO,80427,"(303) 582-1610",brewpub,http://www.dostalalley.net
"Downhill Brewing","18921 Plaza Dr Ste 104",,Parker,CO,80134-9679,"(303) 805-2739",brewpub,http://www.downhillbrews.com
"Dratz Brewing Company","965 E 11th St",,Loveland,CO,80537-4939,"(970) 617-2621",micro,http://www.dratzbrewing.com
"Dry Dock Brewing Co - North Dock","2801 Tower Rd",,Aurora,CO,80011-3508,"(303) 400-5606",regional,http://www.drydockbrewing.com
"Dry Dock Brewing Co- South Dock","15120 E Hampden Ave",,Aurora,CO,80014-3906,"(303) 400-5606",micro,http://www.drydockbrewing.com
"Dueces Wild Brewery","660 Peterson Rd",,"Colorado Springs",CO,80915-4002,"(607) 972-9260",micro,http://www.dwbbrewery.com
"Echo Brewing Cask and Barrel","600 Briggs St",,Erie,CO,80516-0794,"(720) 361-2332",brewpub,
"Echo Brewing Company","5969 Iris Pkwy",,Frederick,CO,80530,,brewpub,
"Eddyline Brewing LLC","102 Linderman Ave",,"Buena Vista",CO,81211-5106,"(719) 966-6018",micro,http://eddylinebrewery.com
"Edgewater Brewery","905 Struthers Ave",,"Grand Junction",CO,81501-3804,"(970) 243-3659",brewpub,http://www.kannahcreekbrewingco.com/edgewater-brewery
"El Rancho Brewing","29260 US Highway 40",,Evergreen,CO,80439-3700,"(303) 670-2739",brewpub,http://www.elranchobrewing.com
"Elevation Beer Company","115 Pahlone Pkwy",,"Poncha Springs",CO,81242,,micro,
"Elk Avenue Brewing Company","215 Elk Avenue",,"Crested Butte",CO,81224,"(773) 330-7876",brewpub,
"Endo Brewing Company","2755 Dagny Way Ste 101",,Lafayette,CO,80026-8023,"(720) 442-8052",micro,http://endobrewing.com
"Envy Brewing","3027 E Harmony Road Suite 2",,"Fort Collins",CO,80528,"(970) 682-1503",micro,http://www.envybrewing.com
"Epic Brewing Co., LLC","3001 Walnut St",,Denver,CO,80205-2324,"(720) 539-7410",micro,http://www.epicbrewing.com
"Equinox Brewing","133 Remington St",,"Fort Collins",CO,80524-2833,"(970) 484-1368",micro,http://www.equinoxbrewing.com
"Estes Park Brewery","470 Prospect Village Dr",,"Estes Park",CO,80517,"(970) 586-5421",micro,http://www.epbrewery.net
"Evergreen Brewery","2962 Evergreen Pkwy",,Evergreen,CO,80439-7995,"(303) 736-8419",brewpub,http://www.evergreentaphouse.com
"Factotum Brewhouse","3845 Lipan St",,Denver,CO,80211-2651,"(720) 441-4735",micro,http://www.factotumbrewhouse.com
"FATE Brewing Company","1600 38th St Ste 100",,Boulder,CO,80301-2610,,brewpub,
"Faults Brewing",,,"Castle Pines",CO,80108,"(907) 301-9922",planning,
"FH Beerworks","521 S Tejon St",,"Colorado Springs",CO,80903-3928,"(719) 640-6814",micro,
"FH Beerworks East","2490 Victor Pl.",,"Colorado Springs",CO,80915,"(719) 640-6814",micro,
"Fiction Beer Company","7101 E Colfax Ave",,Denver,CO,80220-1805,"(720) 456-7163",micro,http://www.fictionbeer.com
"Finkel & Garf Brewing Co.","5455 Spine Rd Ste A",,Boulder,CO,80301-3364,"(720) 379-6042",micro,http://www.finkelandgarf.com
"Floodstage Ale Works","170 S Main St",,Brighton,CO,80601-1611,"(303) 654-7972",brewpub,http://www.floodstagealeworks.com
"Florence Brewing Company","200 S Pikes Peak Ave",,Florence,CO,81226-1433,"(719) 784-7441",micro,http://www.florencebrewing.com
"FlyteCo Craft Brewing","4499 W 38th Ave Unit 101",,Denver,CO,80212-2199,"(303) 918-5446",micro,http://www.aerocraft.beer
"Foam & Folly Brewing",,,"Grand Junction",CO,81501,,planning,
"Fossil Craft Beer Co","2845 Ore Mill Rd Ste 1",,"Colorado Springs",CO,80904-3161,"(719) 375-8298",micro,http://www.fossilcraftbeer.com
"Fraser River Beer Company",,,Fraser,CO,80442,"(720) 352-1874",planning,http://www.fraserriverbeerco.com
"Frolic Brewing Company","12910 Zuni St Ste 1300",,Westminster,CO,80234-1313,,brewpub,http://www.frolicbrewing.com
"Front Range Brewing Co.","400 W South Boulder Rd Ste 1650",,Lafayette,CO,80026-2743,"(303) 339-0767",brewpub,http://www.frontrangebrewingcompany.com
Funkwerks,"1900 E Lincoln Ave Unit B",,"Fort Collins",CO,80524-2789,"(970) 482-3865",micro,http://www.funkwerks.com
"Funky Town Brewery / Iron Tree Tables and Taps","37 Costello Ave",,"Florissant ",CO,80816,"(407) 873-2162",brewpub,http://www.irontreerestaurant.com
"G5 Brewpub","1018 Mahogany Way",,Severance,CO,80550-2946,"(970) 686-7065",brewpub,http://www.g5brewpub.com
"Gilded Goat Brewing Company","3500 S College Ave Ste 194",,"Fort Collins",CO,80525-2639,"(970) 825-7192",micro,http://www.gildedgoatbrewing.com
"Glenwood Canyon Brewing Co","402 7th St",,"Glenwood Springs",CO,81601-3406,"(970) 945-1276",brewpub,http://www.glenwoodcanyon.com
"Goat Patch Brewing Co.","2727 N Cascade Ave Ste 123",,"Colorado Springs",CO,80907-6288,"(719) 471-4628",micro,http://www.goatpatchbrewing.com
"Gold Camp Brewing Co","1007 S Tejon St",,"Colorado Springs",CO,80903-4238,"(719) 695-0344",micro,
"Golden Block Brewery","1227 Greene St",,Silverton,CO,81433,"(970) 387-5962",micro,http://www.goldenblockbrewery.com
"Golden City Brewery","920 1/2 12th St",,Golden,CO,80401-1181,"(303) 279-8092",brewpub,
"Golden Gate Brewing Company",,,"Colorado Springs",CO,80919,"(510) 715-0241",planning,http://wwww.goldengatebrewingco.com
"Goldspot Brewing Co","4970 Lowell Blvd",,Denver,CO,80221-1028,"(303) 955-5657",micro,http://www.goldspotbrewing.com
"Good River Beer Company","1790 S Bannock St.",,Denver,CO,80223,"(602) 369-7442",contract,http://www.grbeerco.com
"Gordon Biersch Brewery Restaurant - Broomfield","1 W Flatiron Crossing Dr Ste 428",,Broomfield,CO,80021-8214,"(720) 887-2991",brewpub,http://www.gordonbiersch.com/restaurant
"Gore Range Brewery","105 Edwards Village Blvd",,Edwards,CO,81632-2970,"(970) 926-2739",brewpub,http://www.gorerangebrewery.com
"Gorilla Alchemy Brewery","817 7th St",,"Fort Lupton",CO,80621,"(720) 298-4318",micro,http://www.gorillaalchemybrewery.com
"Grand Adventure Brewing Company","207 Central Ave",,Kremmling,CO,80459,"(970) 724-9219",brewpub,http://www.grandadventure.us
"Grandma's House","1710 S Broadway",,Denver,CO,80210-3102,"(303) 578-6754",micro,http://www.grandmasbeer.com
"Gravity Brewing","1150 Pine St Unit B",,Louisville,CO,80027-1463,"(303) 544-0746",micro,http://www.thegravitybrewing.com
"Great Divide Brewing Co","2201 Arapahoe St",,Denver,CO,80205-2512,"(303) 296-9460",regional,http://www.greatdivide.com
"Great Divide Brewing Co - RiNo Barrel Bar","1812 35th St",,Denver,CO,80216-3665,"(303) 296-9460",micro,http://greatdivide.com/
"Great Frontier Brewing Company","2010 S Oak St",,Lakewood,CO,80227-2050,"(720) 328-1758",micro,http://www.greatfrontierbeer.com
"Green Earth Brewing Company","725 10th St Unit A",,Greeley,CO,80631-1139,"(970) 702-2332",micro,http://www.greenearthbrewingco.com
"Green Mountain Beer Company","2585 S Lewis Way Unit 110",,Lakewood,CO,80227-6560,"(303) 986-0201",micro,http://www.greenmountainbeercompany.com
"Grimm Brothers Brewhouse, LLC","623 Denver Ave",,Loveland,CO,80537-5127,"(970) 624-6045",micro,http://www.grimmbeer.com
"Grist Brewing Company","9150 Commerce Center Cir Ste 300",,"Highlands Ranch",CO,80129-1563,"(720) 360-4782",micro,http://gristbrewingcompany.com
"Grist Brewing Company - Lone Tree","9535 Park Meadows Dr Ste F",,"Lone Tree",CO,80124,"(303) 728-9394",micro,
"Grossen Bart Brewery","1025 Delaware Ave Unit A",,Longmont,CO,80501-6188,"(720) 438-2060",micro,http://www.grossenbart.com
"Guanella Pass Brewing Company, LLC","501 Rose Street",,Georgetown,CO,80444,"(303) 569-5167",micro,http://www.guanellapass.com
"Gunbarrel Brewing Company","7088 Winchester Cir Ste 2",,Boulder,CO,80301-3761,"(800) 803-5732",micro,http://www.gunbarrelbrewing.com
"Halfpenny Brewing Company","5150 E Arapahoe Rd Ste D1-B",,Centennial,CO,80122-4825,"(720) 583-0580",micro,http://www.halfpennybrewing.com
"Hideaway Park Brewery","78927 US Highway 40",,"Winter Park",CO,80482,"(720) 402-6513",micro,http://www.hideawayparkbrewery.com
"High Alpine Brewing Company","111 N Main St",,Gunnison,CO,81230-2330,"(970) 642-4500",brewpub,http://www.highalpinebrewing.com
"High Hops Brewery","6461 State Highway 392",,Windsor,CO,80550-3010,"(970) 674-2841",micro,http://www.highhopsbrewery.com
"HighSide Brewery","PO Box 5376",,Frisco,CO,80443,"(970) 668-2337",brewpub,http://www.highsidebrewing.com
"Hogshead Brewery","4460 W 29th Ave",,Denver,CO,80212-3015,"(303) 495-3105",micro,http://www.hogsheadbrewery.com
"Holidaily Brewing Co","801 Brickyard Cir Ste B",,Golden,CO,80403-8026,"(303) 278-2337",micro,http://www.holidailybrewing.com
"Holidaily Production Facility",,,Golden,CO,80403,,planning,
"Horse & Dragon Brewing Company","124 Racquette Dr",,"Fort Collins",CO,80524-2757,"(970) 631-8038",micro,http://www.horseanddragonbrewing.com
"Horsefly Brewing Co","846 E Main St",,Montrose,CO,81401-3938,"(970) 249-6889",brewpub,http://www.horseflybrewing.com
"Idylwilde Brewing","116 Fawn Dr",,Carbondale,CO,81623-9703,"(970) 274-6332",micro,http://idylwildebrewing.com
"Incline Brewing",,,Larkspur,CO,80118-8721,,planning,
"Industrial Revolution Brewing Company","285 Cheesman St",,Erie,CO,80516-8464,"(303) 828-1200",micro,
"Intersect Brewing","2160 W Drake Rd Unit A1",,"Fort Collins",CO,80526-1486,"(970) 682-2041",micro,http://www.intersectbrewing.com
"Iron Bird Brewing Co.","402 S Nevada Ave",,"Colorado Springs",CO,80903-2110,"(719) 424-7002",brewpub,http://www.ironbirdbrewing.com
"Iron Mule Brewery","514 Perry St Ste C106",,"Castle Rock",CO,80104-2452,"(303) 918-1349",micro,http://www.ironmulebrewery.com
"Ironworks Brewery & Pub","12354 W Alameda Pkwy Ste 110",,Lakewood,CO,80228-2844,"(303) 985-5818",brewpub,http://www.ironworkspub.com
"Irwin Brewing Company","326 Belleview",,"Crested Butte",CO,81224-8706,"(970) 275-7578",micro,http://www.irwinbrewingco.com
"J Moe's Brewing Company","7314 Washington St",,Denver,CO,80229-6302,"(303) 287-4824",brewpub,http://www.creedebeer.com
"J. Fargo's Family Dining & Micro Brewery / Coyote J Brewing Co","1209 E Main St",,Cortez,CO,81321-2910,"(970) 564-0242",brewpub,http://www.jfargos.com
"Jackass Hill Brewery","2409 W Main St",,Littleton,CO,80120,"(303) 918-1299",micro,http://jackasshillbrewery.com
"Jagged Mountain Brewery","1139 20th St",,Denver,CO,80202-1811,"(720) 689-2337",micro,http://www.jaggedmountainbrewery.com
"JAKs Brewing Company","11860 Stapleton Dr",,Peyton,CO,80831,"(719) 375-1116",micro,http://www.jaksbrewing.com
"James Peak Brewery","70 E First St",,Nederland,CO,80466,"(303) 258-9453",brewpub,http://www.jamespeakbrew.com
"Jessup Farm Barrel House","1921 Jessup Dr",,"Fort Collins",CO,80525-2551,"(970) 568-8345",micro,http://jessupfarm.com/barrel-house/
"Joyride Brewing Co","2501 Sheridan Blvd",,Edgewater,CO,80214-1330,"(720) 432-7560",micro,http://joyridebrewing.com
"Kannah Creek Brewing Co","1960 N 12th St",,"Grand Junction",CO,81501-2912,"(970) 263-0111",brewpub,http://www.kannahcreekbrewingco.com
"Kanook Beer Company",,,Golden,CO,80403-2674,"(303) 618-8362",planning,http://www.kanookbeer.com
"Kettle and Spoke Brewery, LLC","2500 47th St Ste 12",,Boulder,CO,80301-2335,"(719) 650-9697",micro,http://www.kettleandspoke.com
"Kokopelli Beer Company","8931 Harlan St",,Westminster,CO,80031-2931,"(720) 840-6835",brewpub,http://www.kokopellibeer.com
"Lady Justice Brewing Company","4375 Eaton St",,Denver,CO,80212-7308,,micro,http://www.ladyjusticebrewing.com
"Lake City Brewing Company","130 Bluff St",,"Lake City",CO,81235,"(970) 944-5222",brewpub,http://www.lcbrewco.com
"Landlocked Ales","3225 S Wadsworth Blvd Unit R",,Lakewood,CO,80227-5009,"(303) 284-8748",micro,http://www.landlockedales.com
"Lariat Lodge Brewing","27618 Fireweed Dr",,Evergreen,CO,80439-8462,"(303) 674-1842",brewpub,http://www.lariatlodgebrewing.com
"Launch Pad Brewery","884 S Buckley Rd",,Aurora,CO,80017-3174,"(720) 878-2627",micro,http://www.launchpadbrewery.com
"Left Hand Brewing Company","1265 Boston Ave",,Longmont,CO,80501-5809,"(303) 772-0258",regional,http://www.lefthandbrewing.com
"Liberati Osteria and Oenobeers","2403 Champa St",,Denver,CO,80205-2621,"(303) 862-5652",brewpub,http://www.liberatidenver.com
"Liquid Mechanics Brewing Company","297 N US Highway 287",,Lafayette,CO,80026-8932,"(720) 550-7813",micro,http://www.liquidmechanicsbrewing.com
"Little Machine","2924 W 20th Ave",,Denver,CO,80211-4622,"(303) 284-7893",micro,http://www.littlemachinebeer.com
"Living the Dream Brewing Co.","12305 Dumont Way Unit A",,Littleton,CO,80125-9788,"(303) 284-9585",micro,http://www.livingthedreambrewing.com
"Local Relic","320 S Weber St",,"Colorado Springs",CO,80903-2125,"(719) 270-0077",brewpub,http://www.localrelic.com
"Locavore Beer Works","5950 S Platte Canyon Rd Ste D13",,Littleton,CO,80123-7539,"(720) 476-4419",micro,http://www.locavorebeerworks.com
"Lone Tree Brewing Co","8222 Park Meadows Dr",,"Lone Tree",CO,80124-2746,"(303) 792-5822",micro,http://www.lonetreebrewingco.com
"Lonesome Buck Brewing Co",,,Greeley,CO,80631,,planning,http://www.lonesomebuck.com
"Long Table Brewing","2895 Fairfax St",,Denver,CO,80207-2748,,micro,
"Los Dos Potrillos Mexican Restaurant y Cervecería",,,Parker,CO,80138,"(303) 981-6572",planning,http://www.los2potrillos.com
"Loveland Aleworks","118 W 4th St",,Loveland,CO,80537-5523,"(970) 405-7465",micro,http://www.lovelandaleworks.com
"Lowdown Brewery + Kitchen","800 N Lincoln St Unit 2",,Denver,CO,80203-2710,"(720) 524-8065",brewpub,http://www.lowdownbrewery.com
"LUKI Brewery",,"Wheatridge, CO",,,,"(303) 403-4434",planning,http://www.lukibrew.com
"Lumpy Ridge Brewing Co","531 S St Vrain Ave",,"Estes Park",CO,80517-7416,"(970) 235-1752",micro,http://www.lumpyridgebrewing.com
"Mad Jack's Mountain Brewery","PO Box 1697 23 Main Street",,Bailey,CO,80421,"(303) 816-2337",micro,http://www.madjacksmountainbrewery.com
"Madman Brewing LLC",,,Loveland,CO,80537-6601,"(970) 988-0930",planning,
"Mahogany Ridge Brewery & Grill","435 Lincoln Ave",,"Steamboat Springs",CO,80477-5084,"(970) 879-3773",brewpub,
"Main Street Brewery/Four Corners","21 E Main St",,Cortez,CO,81321-3240,"(970) 564-9112",brewpub,
"Mancos Brewing Company","484 E. Frontage Rd",,Mancos,CO,81328-9079,"(970) 533-9761",brewpub,http://www.mancosbrewingcompany.com
"Manitou Brewing Company","725 Manitou Ave",,"Manitou Springs",CO,80829-1809,"(719) 282-7709",brewpub,http://www.manitou-brewing.com
"Mascher Brewing Co.",,,Aurora,CO,80014-8226,"(832) 948-2020",planning,http://www.mascher.beer/
"Mash Lab Brewing","4395 Highland Meadows Pkwy",,Windsor,CO,80550,"(970) 262-9225",micro,http://www.mashlabbrewing.com
"Maxline Brewing","2724 McClelland Dr Ste 190",,"Fort Collins",CO,80525-2575,"(970) 286-2855",micro,http://www.maxlinebrewing.com
"McClellan's Brewing Company","1035 S Taft Hill Rd",,"Fort Collins",CO,80521-4222,"(970) 568-8473",brewpub,http://www.mcclellansbrewingcompany.com
"McOva Craft Beer Works, LLC",,,"Castle Rock",CO,80104,"(303) 521-5027",planning,
"Metric Brewing Company","1213 N Circle Dr",,"Colorado Springs",CO,80909-3136,"(719) 418-5560",micro,
"Mighty River Brewing Company","6383 Fairgrounds Ave Unit 200",,Windsor,CO,80550,"(970) 222-9508",micro,http://www.mightyriverbrewing.com
"MillerCoors Brewing Co - Golden","311 10th St",,Golden,CO,80401-5811,"(303) 277-6246",large,
"Mockery Brewing","3501 Delgany St",,Denver,CO,80216-3617,"(303) 953-2058",micro,http://mockerybrewing.com
"Moonlight Pizza","242 F St",,Salida,CO,81201-2104,"(719) 539-4277",brewpub,http://www.moonlightpizza.biz
"Mother Tucker Brewery","2360 E 120th Ave",,Thornton,CO,80233-1408,"(303) 565-9459",micro,http://mothertuckerbrewery.com
"Mountain Cowboy Brewing Company","318 5th St",,Frederick,CO,80530,"(303) 952-4433",brewpub,http://www.mountaincowboybrewing.com
"Mountain Sun Pub and Brewery","1535 Pearl St",,Boulder,CO,80302-5408,"(303) 546-0886",brewpub,http://www.mountainsunpub.com
"Mountain Tap Brewery","910 Yampa Street",,"Steamboat Springs",CO,80487,"(970) 879-6646",brewpub,http://www.mountaintapbrewery.com
"Mountain Toad Brewing","900 Washington Ave",,Golden,CO,80401-1047,"(720) 638-3244",micro,http://mountaintoadbrewing.com
"Nano 108 Brewing Co","2402 Waynoka Rd",,"Colorado Springs",CO,80915-1612,"(719) 596-2337",micro,http://www.nano108brewing.com
"Never Summer Brewing Co","62 E Agate Ave",,Granby,CO,80446,"(970) 887-0333",micro,
"New Belgium - The Woods At The Source","3330 Brighton Blvd",,Denver,CO,80216-5021,,micro,http://www.newbelgium.com/brewery/thewoods
"New Belgium Brewing Co","500 Linden St",,"Fort Collins",CO,80524-2457,"(970) 221-0524",regional,http://www.newbelgium.com
"New Image Brewing Co","5622 Yukon St",,Arvada,CO,80002-2446,"(770) 881-1010",brewpub,http://www.nibrewing.com
"New Image Brewing Co",,,"Wheat Ridge",CO,80033,"(720) 900-5620",planning,
"New Planet Beer Co","3980 Broadway St Ste 103 # 116",,Boulder,CO,80304-1161,"(303) 499-4978",contract,http://www.newplanetbeer.com
"New Terrain Brewing Company","16401 Table Mountain Pkwy",,Golden,CO,80403-1863,"(720) 697-7848",micro,http://newterrainbrewing.com
"Novel Strand Brewing","305 W 1st Ave",,Denver,CO,80223-1509,"(518) 961-3217",micro,
"Oasis Brewery","3257 N Lowell Blvd",,Denver,CO,80211,"(303) 317-4369",micro,http://www.oasisbeer.com
"Odd13 Brewing Inc","301 E Simpson St",,Lafayette,CO,80026-2325,"(303) 997-4164",micro,http://www.odd13brewing.com
"Odd13 Production Facility","505 Stacy Ct Ste D",,Lafayette,CO,80026,,micro,
"Odell Brewing Co","800 E Lincoln Ave",,"Fort Collins",CO,80524-2507,"(970) 498-9070",regional,http://www.odellbrewing.com
"Odell Brewing Co - Denver","2945 Larimer St",,Denver,CO,80205-2308,,micro,
"Odyssey Beerwerks","5535 W 56th Ave Ste 107",,Arvada,CO,80002-2806,"(303) 421-0772",micro,http://www.odysseybeerwerks.com
"Old Colorado Brewing Co","8121 First St. PO Box 132",,Wellington,CO,80549,"(970) 420-8913",micro,http://www.oldcoloradobrewing.com
"Oskar Blues Brewery - Lyons","303 Main St",,Lyons,CO,80540,"(303) 823-6685",brewpub,http://www.oskarblues.com
"Oskar Blues Brewery & Tasty Weasel Tap Room","1800 Pike Rd Unit B",,Longmont,CO,80501-6794,"(303) 776-0724",regional,http://www.oskarblues.com
"Our Mutual Friend Brewing","2810 Larimer St",,Denver,CO,80205-2223,"(303) 296-3441",micro,http://www.omfbeer.com
"Ouray Brewery","607 Main St",,Ouray,CO,81427-,"(970) 325-7388",brewpub,http://www.ouraybrewery.com
"Ourayle House Brewery","703 Main St",,Ouray,CO,81427-0630,"(970) 903-1824",micro,
"Outer Range Brewing Co","182 Lusher Court #2",,Frisco,CO,80443-6601,"(970) 368-3101",micro,http://www.outerrange.com
"Over Yonder Brewing Company",,,Golden,CO,80401,"(720) 363-8089",planning,http://www.overyonderbrewing.com
"Pagosa Brewing & Grill","118 N Pagosa Blvd",,"Pagosa Springs",CO,81147-8470,"(970) 731-2739",brewpub,http://www.pagosabrewing.com
"Palisade Brewing Company","200 Peach Ave",,Palisade,CO,81526,"(970) 464-1462",brewpub,http://www.palisadebrewingcompany.com
"Paonia United Brewing Company","325 Grand Ave",,Paonia,CO,81428,"(970) 417-7759",micro,http://www.paoniaunitedbrew.com
"Paradox Beer Co","10 Buffalo Ct",,Divide,CO,80814-9178,"(719) 314-9304",micro,http://www.paradoxbeercompany.com
"Parts & Labor Brewing Company","402 Main St Unit B",,Sterling,CO,80751-4343,"(970) 222-8221",brewpub,http://www.partsandlaborbrewing.com
"Pdub Brewing Co","187 S Purcell Blvd",,Pueblo,CO,81007-5081,"(719) 647-8864",brewpub,http://www.pdubbrewing.com
"Peak To Peak Tap & Brew","16701 E Iliff Ave",,Aurora,CO,80013,"(720) 446-8714",brewpub,http://www.peakbrews.com
"Peak To Peak Tap & Brew","9735 E Colfax Ave",,Aurora,CO,80010,,micro,
"Peak View Brewing Company",,,"Greenwood Village",CO,80112,"(303) 641-8731",planning,http://www.peakviewbrewing.com
"Peaks N Pines Brewing Company","4005 Tutt Blvd",,"Colorado Springs",CO,80922-2508,"(719) 358-6758",micro,http://www.peaksnpinesbrewery.com
"Periodic Brewing LLC","115 E 7th St",,Leadville,CO,80461-3505,"(720) 316-8144",brewpub,http://www.periodicbrewing.com
"Periodic Brewing Northglenn","2100 E 112th Ave",,Northglenn,CO,80233-2345,"(720) 864-1012",micro,
"Phantom Canyon Brewing Co","2 E Pikes Peak Ave",,"Colorado Springs",CO,80903-1504,"(719) 635-2800",brewpub,http://www.phantomcanyon.com
"Pikes Peak Brewing","1756 Lake Woodmoor Dr",,Monument,CO,80132-9215,"(719) 208-4098",micro,http://www.pikespeakbrewing.com
"Pilothouse Brewing Company","4233 S Buckley Rd",,Aurora,CO,80013-2947,"(303) 994-4971",micro,http://www.pilothousebrewco.com
"Pints Pub Brewery and Freehouse","221 W 13th Ave",,Denver,CO,80204-2711,"(303) 534-7543",brewpub,http://www.pintspub.com
"Pitchers Sports Restaurant and Brewery","1100 W Drake Rd",,"Fort Collins",CO,80526-6008,"(970) 493-5374",brewpub,http://www.pitchersbrewery.com
"Platt Park Brewing Co.","1875 S Pearl St",,Denver,CO,80210-3136,"(303) 968-6674",micro,http://www.plattparkbrewing.com
"Primitive Beer LLC","2025 Ionosphere St Unit 101",,Longmont,CO,80504-7439,"(914) 255-7436",micro,http://www.primitive.beer
"Prost Brewing","2540 19th St",,Denver,CO,80211-3910,"(303) 729-1175",micro,http://www.prostbrewing.com
"Prost Brewing Fort Collins",,,"Fort Collins",CO,80524-2162,"(970) 484-2421",planning,
"Pug Ryan's Brewing Company","104 Village Pl",,Dillon,CO,80435-2515,"(970) 468-2145",brewpub,http://www.pugryans.com
"Pumphouse Brewery and Restaurant","540 Main St",,Longmont,CO,80501-5537,"(303) 702-0881",brewpub,http://www.pumphousebrewery.com
"Purpose Brewing and Cellars","4025 S Mason St Unit C",,"Fort Collins",CO,80525-5953,"(970) 377-4107",micro,http://www.purposebrewing.com
"Raices Brewing Co",,,Denver,CO,80204,"(720) 295-2437",planning,http://www.raicesbrewing.com
"Rails End Beer Company","11625 Reed Ct",,Broomfield,CO,80020-2834,"(303) 353-8121",micro,http://www.railsendbeerco.com
"Rally King Brewing","1624 S Lemay Ave Unit 4",,"Fort Collins",CO,80525-1188,"(970) 568-8936",micro,http://www.rallykingbrewing.com
Ramskeller,"8035 Campus Delivery",,"Fort Collins",CO,80523-8035,"(970) 491-1055",brewpub,
"Ratio Beerworks","2920 Larimer St",,Denver,CO,80205-2309,"(310) 266-9264",micro,http://ratiobeerworks.com
"Red Leg Brewing Company","4630 Forge Rd Ste B",,"Colorado Springs",CO,80907-3556,"(719) 598-3776",micro,http://www.redlegbrewingco.com
"Red Mountain Brewing","400 Main St",,Ouray,CO,81427,"(970) 325-9858",brewpub,http://www.redmountainbrewingouray.com
"Red Truck Beer Company",,,Denver,CO,80216-3612,,planning,
"Red Truck Beer Company Ltd.","1020 E Lincoln Ave",,"Fort Collins",CO,80524-2509,"(604) 682-4733",micro,
"Redgarden Brewery","1700 Dogwood St",,Louisville,CO,80027-1102,"(303) 619-9601",brewpub,http://www.redgardenbrewery.com
"Renegade Brewing Company","925 W 9th Ave",,Denver,CO,80204-4338,"(303) 534-5407",micro,http://renegadebrewing.com
"Renegade Brewing Company - Production","918 W 1st Ave",,Denver,CO,80223-1534,"(720) 401-4089",micro,http://www.renegadebrewing.com
"Resolute Brewing Company","7286 S Yosemite St Ste 110",,Centennial,CO,80112-2204,"(720) 722-1238",micro,http://www.resolutebrewingco.com
"Rhythm River Brewing Company",,,Longmont,CO,80504-2226,,planning,http://www.rhythmriverbrewing.com
"Riff Raff Brewing","274 Pagosa St",,"Pagosa Springs",CO,81147,"(970) 264-4677",brewpub,http://www.riffraffbrewing.com
"River North Brewery","6021 Washington St Unit A",,Denver,CO,80216-1153,"(785) 865-6057",micro,http://www.rivernorthbrewery.com
"River North Brewery - RiNo",,,Denver,CO,80205-2440,"(785) 865-6057",planning,http://www.rivernorthbrewery.com
"Roaring Fork Beer Company","1941 Dolores Way",,Carbondale,CO,81623-2235,"(970) 510-5934",proprietor,http://www.roaringforkbeerco.com
"Rock Bottom Brewery - Centerra Promenade","6025 Sky Pond Dr",,Loveland,CO,80538-9013,"(970) 622-2077",brewpub,http://www.rockbottom.com
"Rock Bottom Brewery - Colorado Springs","3316 Cinema Point Dr",,"Colorado Springs",CO,80922,"(719) 550-3586",brewpub,http://www.rockbottom.com
"Rock Bottom Brewery - Denver","1001 16th St Ste 100",,Denver,CO,80265-0100,"(303) 534-7616",brewpub,http://www.rockbottom.com
"Rock Bottom Brewery - Englewood","9627 E County Line Rd",,Englewood,CO,80112-3502,"(303) 792-9090",brewpub,http://www.rockbottom.com
"Rock Bottom Brewery - Highlands Ranch","1505 Park Central Dr",,"Highlands Ranch",CO,80129-6686,,brewpub,
"Rock Bottom Brewery - Orchard Cntr","14694 Orchard Pkwy Unit 400",,Westminster,CO,80023-9198,"(303) 255-1625",brewpub,http://www.rockbottom.com
"Rock Bottom Brewery - Westminster","10633 Westminster Blvd Unit 900",,Westminster,CO,80020-4176,"(720) 566-0198",brewpub,http://www.rockbottom.com
"Rock Coast Brewery","414 E 6th St",,Loveland,CO,80537,,brewpub,http://www.rockcoastbrewery.com
"Rock Cut Brewing Company","390 W Riverside Dr",,"Estes Park",CO,80517,"(970) 586-7300",micro,
"Rockslide Brewing Co","401 Main St",,"Grand Junction",CO,81501-2511,"(970) 241-9311",brewpub,http://www.rockslidebrewpub.com
"Rocky Mountain Brewery","625 Paonia St",,"Colorado Springs",CO,80915-3727,"(719) 528-1651",micro,http://www.rockymountainbrews.com
"Rocky Mountain Taphouse, LLC","3050 67th Ave Ste 104",,Greeley,CO,80634-9604,"(970) 302-6551",brewpub,http://www.rockymountaintaphouse.com
"Rockyard Brewing Company","880 Castleton Rd",,"Castle Rock",CO,80109-7512,"(303) 814-9273",brewpub,http://www.rockyard.com
"Rustica Brewing Company","2370 S Kalamath St Unit A",,Denver,CO,80223-4248,"(720) 397-9682",micro,http://www.rusticabrewery.com
"Saint Patrick's Brewing Company","2842 W Bowles Ave",,Littleton,CO,80120-1843,"(303) 718-7575",micro,http://www.stpatricksbrewco.com
"San Luis Valley Brewing Co","631 Main St",,Alamosa,CO,81101-2557,"(719) 587-2337",brewpub,http://www.slvbrewco.com
"Sanitas Brewing Co","3550 Frontier Ave Ste A",,Boulder,CO,80301-2430,"(215) 266-7762",micro,http://www.sanitasbrewing.com/
"Satire Brewing Company","12136 Grant Cir",,Thornton,CO,80241,"(720) 275-0667",brewpub,
"Seedstock Brewery","3600 W Colfax Ave",,Denver,CO,80204-1513,"(720) 476-7831",micro,http://www.seedstockbrewery.com
"Shamrock Brewing Company","108 W 3rd St",,Pueblo,CO,81003-3225,"(719) 542-9974",brewpub,http://www.shamrockbrewing.com
"Sherpa Brewery Pvt. Ltd.","1708 W 17th Dr",,Golden,CO,80401-2507,,contract,
"Shoes & Brews","63 S Pratt Pkwy Unit B",,Longmont,CO,80501-1702,"(720) 340-4290",micro,http://www.shoesbrews.com
"SKA Brewing","225 Girard, Bodo Park",,Durango,CO,81303-6827,"(970) 247-5792",regional,
"Sleeping Giant Brewing Company","2500 W. 5th Ave.",,Denver,CO,80204,"(303) 859-1484",micro,http://www.sleepinggiantbrewing.com
"Smiling Toad Brewery","1757 S 8th St Ste 100",,"Colorado Springs",CO,80905-1926,"(719) 418-2936",micro,http://www.smilingtoadbrewery.com
"Smuggler's Brewpub","225 South Pine St",,Telluride,CO,81435,"(970) 728-5620",brewpub,http://www.smugglersbrewpub.com
"Snowbank Brewing","225 N Lemay Ave Ste 1",,"Fort Collins",CO,80524-2555,"(970) 999-5658",micro,http://www.snowbank.beer
"SomePlace Else Brewery","6425 W 52nd Ave Unit 6/6B",,Arvada,CO,80002-4008,"(720) 512-4162",micro,http://www.someplaceelse.beer
"Something Brewery","117 N Main St Unit A",,Brighton,CO,80601-1778,"(720) 660-1343",micro,http://www.somethingbrewery.com
"Soul Squared Brewing Co.","6412 N County Road 15",,"Fort Collins",CO,80524,"(970) 829-1361",micro,http://www.soulsquaredbrewing.com
"Soulcraft Brewing","248 W US Highway 50",,Salida,CO,81201-2347,"(719) 539-5428",micro,http://www.soulcraftbeer.com
"South Park Brewing","297 1/2 US Hwy 285",,Fairplay,CO,80440-2131,"(719) 836-1932",micro,http://www.southparkbrewingco.com
"Southern Sun Pub and Brewery","627 S Broadway St",,Boulder,CO,80305-5944,"(303) 543-0886",brewpub,http://www.mountainsunpub.com
"Spangalang Brewery","2736 Welton St Ste 102",,Denver,CO,80205-2900,"(303) 297-1276",micro,http://www.spangalangbrewery.com
"Spice Trade Brewing","7803 Ralston Rd",,Arvada,CO,80002-2433,"(303) 431-9000",brewpub,http://www.spicetradebrewing.com
"Square Peg Brewerks","PO BOX 1432",,Alamosa,CO,81101-1432,"(719) 580-7472",micro,http://www.squarepegbrewerks.com
"SS Fermentations Ltd.",,,Montrose,CO,81401-3927,"(970) 618-4332",planning,
"Station 26 Brewing Co","7045 E 38th Ave",,Denver,CO,80207-1541,,micro,http://www.station26brewing.co
"Steamworks Brewing Co","801 E 2nd Ave",,Durango,CO,81301-5425,"(970) 259-9200",brewpub,http://www.steamworksbrewing.com
"Stein Brewing Company","2516 49th St Ste 5",,Boulder,CO,80301-2455,"(720) 739-2739",micro,http://www.stein-brewing.com
"Stoik Beer Company",,,Delta,CO,81416,"(720) 537-7012",planning,http://www.stoikbeer.com
"Storm Peak Brewing Company","1885 Elk River Plz Unit 4",,"Steamboat Springs",CO,80487-5237,"(970) 879-1999",micro,http://www.stormpeakbrewing.com
"Storybook Brewing","3121 N El Paso St Ste A",,"Colorado Springs",CO,80907-5469,"(719) 633-6266",micro,http://www.storybookbrewing.com
"Strange Craft Beer Co","1330 Zuni St Ste M",,Denver,CO,80204-2328,"(720) 985-2337",micro,http://www.strangecraft.com
"Suds Brothers Brewing Co","127 E Aspen St",,Fruita,CO,81521-2543,"(970) 858-8400",brewpub,http://www.sudsbrothers2fruita.com
"Sustainable Beverage Tech.","11427 W I 70 Frontage Rd N",,"Wheat Ridge",CO,80033-7119,"(206) 418-6633",micro,http://www.nexdraft.com
"Teachers Lounge Brewing",,,Denver,CO,80210-3349,"(303) 868-5142",planning,http://www.teachersloungebrewing.com
"Telluride Brewing Co","156 DEF Society Drive",,Telluride,CO,81435,"(970) 728-5094",micro,http://www.telluridebrewingco.com
"The Bakers' Brewery","531 Silverthorne Ln",,Silverthorne,CO,80498,"(970) 468-0170",brewpub,http://www.thebakersbrewery.com
"The Barn Brewery",,,"Greenwood Village",CO,80111,,planning,
"The Brew On Broadway (The BoB)","3445 S Broadway",,Englewood,CO,80113-2528,"(303) 781-5665",micro,http://www.thebrewonbroadway.com
"The Elizabeth Brewing Company","239 S. Main St",,Elizabeth,CO,80107,"(720) 335-6011",micro,https://www.facebook.com/elizabethbrews/
"The Grateful Gnome Sandwich Shoppe and Brewery","4369 Stuart St",,Denver,CO,80212-2335,"(720) 598-6863",brewpub,http://www.thegratefulgnome.com
"The Intrepid Sojourner Beer Project","925 W 8th Ave",,Denver,CO,80204-4333,"(812) 249-8792",micro,http://sojournerbeers.com
"The Larimer Beer Company","3620 Newport St",,Denver,CO,80207-1508,"(720) 507-6369",contract,http://www.thelarimer.com
"The Peak Brewing Company","78491 US-40",,"Winter Park",CO,80482,"(970) 726-7951",brewpub,http://www.thepeakwp.com
"The Post Brewing Co","2027 13th St",,Boulder,CO,80302-5201,"(720) 372-3341",brewpub,http://www.postbrewing.com
"The Post Brewing Co","105 W Emma St",,Lafayette,CO,80026-1501,"(303) 593-2066",brewpub,http://www.postbrewing.com
"The Sandlot Brewery At Coors Field","2145 Blake St",,Denver,CO,80205-2010,"(303) 298-1587",large,http://www.millercoors.com
"Thirsty Monk Pub Brewery","1604 E 17th Ave",,Denver,CO,80218-1621,,micro,
"Three Barrel Brewing Co","475 Grand Ave",,"del Norte",CO,81132-2204,"(719) 657-0681",brewpub,http://www.threebarrelbrew.com
"Tilted Barrel Brew Pub","110 E 29th St",,Loveland,CO,80538,"(970) 619-8950",contract,http://www.tiltedbarrelbrewpub.com
"Timnath Beerwerks","P.O. Box 217",,Timnath,CO,80547,"(970) 222-4131",micro,http://www.timnathbeerwerks.com
"Tivoli Brewing Company","900 Auraria Pkwy Unit 240",,Denver,CO,80204-1897,"(720) 458-5885",micro,
"Tommyknocker Brewery & Pub","1401 Miner St",,"Idaho Springs",CO,80452,"(303) 567-4419",micro,http://www.tommyknocker.com
"Tom's Urban Kitchen and Brewery","8300 Pena Blvd",,Denver,CO,80249-6310,"(303) 582-6039",brewpub,
"Trinity Brewing","1466 Garden of The Gods Rd Ste 184",,"Colorado Springs",CO,80907-9464,"(719) 634-0029",brewpub,http://www.trinitybrew.com
"TRVE Brewing Co","2600 W. 2nd Ave Unit 8",,Denver,CO,80219,"(303) 351-1021",micro,http://trvebrewing.com
"TRVE Brewing Co. - The Acid Temple","2600 W. 2nd Ave Unit 8",,Denver,CO,80219,"(303) 351-1021",micro,
"Tumbleweed Brewing and Wine Company","124 S Main St",,Yuma,CO,80759,"(970) 630-2818",brewpub,http://www.tumbleweedbrewing.com
"Twisted Pine Brewing Co","3201 Walnut St Ste A",,Boulder,CO,80301-2645,"(303) 786-9270",brewpub,http://www.twistedpinebrewing.com
"Two Rascals Brewing Co","147 N 1st St",,Montrose,CO,81401-3601,"(970) 249-8689",micro,http://www.tworascalsbrewing.com
"Two22 Brew","4550 S Reservoir Rd",,Centennial,CO,80015-2878,"(720) 328-9038",micro,http://www.two22brew.com
"Unnamed Beer Company, LLC",,,Boulder,CO,80301,,planning,http://www.unnamedbeer.com
"Upslope Brewing Company",,,Boulder,CO,80301,"(303) 396-1898",planning,
"Upslope Brewing Company - Flatiron Park","1898 S Flatiron Ct Ste 110",,Boulder,CO,80301-2860,,micro,http://www.upslopebrewing.com
"Upslope Brewing Company - Lee Hill","1501 Lee Hill Rd Unit 20",,Boulder,CO,80304-5602,"(303) 396-1898",regional,http://www.upslopebrewing.com
"Ursula Brewery","2101 N Ursula St Unit 10",,Aurora,CO,80045-7448,"(720) 324-8529",micro,http://www.ursulabrewery.com
"Ute Pass Brewing Co","209 E Midland Ave",,"Woodland Park",CO,80863-3101,"(719) 686-8722",brewpub,http://www.utepassbrewingcompany.com
"Vail Brewing Company","41290 US Hwy 6",,Vail,CO,81657,"(970) 470-4351",micro,http://www.vailbrewingco.com
"Vail Village Pilot and Tasting Room","141 E Meadow Dr Ste 209",,Vail,CO,81657,"(970) 470-4622",micro,
"Verboten Brewing","127 E 5th St",,Loveland,CO,80537-5503,"(970) 775-7371",micro,http://www.verbotenbrewing.com
"Very Nice Brewing Co","20 Lakeview Drive Unit 112",,Nederland,CO,80466,"(303) 258-3770",micro,http://www.verynicebrewing.com
"Veteran Brothers Brewing Company","21 N Parish Ave",,Johnstown,CO,80534,"(970) 587-6786",brewpub,https://www.facebook.com/veteranbrothersbrew
"Vine Street Pub & Brewery","1700 Vine St",,Denver,CO,80206-1120,"(303) 388-2337",brewpub,http://www.mountainsunpub.com
"VisionQuest Brewing Company","2510 47th St Ste A2",,Boulder,CO,80301-2301,"(303) 898-6802",micro,http://www.visionquestbrewing.com
"Walter Brewing Company","126 Oneida St",,Pueblo,CO,81003-3424,"(719) 542-0766",micro,http://www.waltersbeer.com
"Walter’s Brewery & Taproom","126 Oneida Street",,Pueblo,CO,81001,"(719) 821-5052",micro,http://www.waltersbeer.com
"Welcome Home Brewery","19523 Hess Rd Ste 103",,Parker,CO,80134,"(303) 362-1213",micro,http://facebook.com/welcomehomebrewery
"WeldWerks Brewing Co.","508 8th Ave",,Greeley,CO,80631-3921,"(970) 518-5226",micro,http://www.weldwerksbrewing.com
"West Flanders Brewing Co","1125 Pearl St",,Boulder,CO,80302-5103,"(303) 447-2739",brewpub,http://www.wfbrews.com
"Westbound & Down Brewing Company","1617 Miner St",,"Idaho Springs",CO,80452,"(720) 502-3121",brewpub,http://www.westboundanddown.com
"Westbound and Down",,,Denver,CO,80204,"(720) 502-3121",planning,
"WestFax Brewing Co.","6733 W Colfax Ave",,Lakewood,CO,80214-1807,"(303) 233-3742",micro,http://www.westfaxbrewingcompany.com
"Whistle Pig Brewing Company","1840 Dominion Way",,"Colorado Springs",CO,80918-1467,"(719) 598-1339",micro,http://www.whistlepigbrewing.com
"Wibby Brewing","209 Emery St",,Longmont,CO,80501-5910,,micro,http://www.wibbybrewing.com
"Wild Blue Yonder Brewing Co.","519 Wilcox St",,"CASTLE ROCK",CO,80104,"(303) 957-7689",brewpub,http://www.wildblueyonderbrewing.com
"Wild Woods Brewery","5460 Conestoga Ct",,Boulder,CO,80301-2724,"(303) 484-1465",micro,http://www.wildwoodsbrewery.com
"WildEdge Brewing Collective","111 N Market St",,Cortez,CO,81321-3214,"(970) 565-9445",brewpub,http://www.wildedgebrewing.com
"Wiley Roots Brewing Co","625 3rd St Unit D",,Greeley,CO,80631-9132,"(970) 691-1641",micro,http://www.wileyrootsbrewing.com
"Wit's End Brewing Co","1330 Zuni St Ste N",,Denver,CO,80204-2328,"(303) 359-9119",micro,http://www.witsendbrewing.com
"Wonderland Brewing Co.","5450 W 120th Ave",,Broomfield,CO,80020-5913,"(303) 953-0400",micro,http://www.wonderlandbrewing.com
"Woods Boss Brewing Company","2210 California St",,Denver,CO,80205-2824,"(914) 960-9225",micro,http://www.woodsbossbrew.com
"World's End Brewing Company","401 Main St",,"Canon City",CO,81212,,micro,http://www.worldsendbrewingco.com
"Wynkoop Brewing Co","1634 18th St",,Denver,CO,80202-1212,"(303) 297-2700",brewpub,http://www.wynkoop.com
"Yampa Valley Brewing Company","106 E Jefferson Ave Unit B",,Hayden,CO,81639,"(970) 276-8014",micro,http://www.yampavalleybrew.com
"Zuni Street Brewing Company","2355 W 29th Ave",,Denver,CO,80211-3753,"(303) 862-6525",micro,http://www.zunistreetbrewing.com
"Zwei Brewing Co","4612 S Mason St Ste 120",,"Fort Collins",CO,80525-3794,"(970) 223-2482",micro,http://www.zweibruderbrewing.com
